2026-05-22 19:11:26,769 | INFO | log file: /home/user/amr_vision_system_v1/logs/runtime_20260522_191126.log
2026-05-22 19:11:26,769 | INFO | config: /home/user/amr_vision_system_v1/config/config.yaml
2026-05-22 19:11:29,991 | INFO | detector warmed up
2026-05-22 19:11:29,993 | INFO | Initialized CSV output file with header: /home/user/amr_vision_system_v1/results/output.csv
2026-05-22 19:11:30,645 | INFO | ROS2 publishers successfully initialized.
2026-05-22 19:11:32,053 | INFO | pipeline started (press ESC to quit)
2026-05-22 19:11:34,049 | INFO | [perf frame=100] preprocess=0.0ms, perspective=0.0ms, detect=1.7ms, postprocess=0.0ms, fuse+track=0.0ms
2026-05-22 19:11:34,560 | INFO | [perf frame=200] preprocess=0.0ms, perspective=0.0ms, detect=1.6ms, postprocess=0.0ms, fuse+track=0.0ms
2026-05-22 19:11:35,023 | INFO | [perf frame=300] preprocess=0.0ms, perspective=0.0ms, detect=1.5ms, postprocess=0.0ms, fuse+track=0.0ms
2026-05-22 19:11:35,466 | INFO | [perf frame=400] preprocess=0.0ms, perspective=0.0ms, detect=1.4ms, postprocess=0.0ms, fuse+track=0.0ms
2026-05-22 19:11:35,954 | INFO | [perf frame=500] preprocess=0.0ms, perspective=0.0ms, detect=1.6ms, postprocess=0.0ms, fuse+track=0.0ms
2026-05-22 19:11:36,432 | INFO | [perf frame=600] preprocess=0.0ms, perspective=0.0ms, detect=1.6ms, postprocess=0.0ms, fuse+track=0.0ms
2026-05-22 19:11:36,898 | INFO | [perf frame=700] preprocess=0.0ms, perspective=0.0ms, detect=1.5ms, postprocess=0.0ms, fuse+track=0.0ms
2026-05-22 19:11:37,360 | INFO | [perf frame=800] preprocess=0.0ms, perspective=0.0ms, detect=1.5ms, postprocess=0.0ms, fuse+track=0.0ms
2026-05-22 19:11:37,823 | INFO | [perf frame=900] preprocess=0.0ms, perspective=0.0ms, detect=1.6ms, postprocess=0.0ms, fuse+track=0.0ms
2026-05-22 19:11:38,281 | INFO | [perf frame=1000] preprocess=0.0ms, perspective=0.0ms, detect=1.4ms, postprocess=0.0ms, fuse+track=0.0ms
2026-05-22 19:11:38,742 | INFO | [perf frame=1100] preprocess=0.0ms, perspective=0.0ms, detect=1.5ms, postprocess=0.0ms, fuse+track=0.0ms
2026-05-22 19:11:39,200 | INFO | [perf frame=1200] preprocess=0.0ms, perspective=0.0ms, detect=1.5ms, postprocess=0.0ms, fuse+track=0.0ms
2026-05-22 19:11:39,649 | INFO | [perf frame=1300] preprocess=0.0ms, perspective=0.0ms, detect=1.4ms, postprocess=0.0ms, fuse+track=0.0ms
2026-05-22 19:11:40,112 | INFO | [perf frame=1400] preprocess=0.0ms, perspective=0.0ms, detect=1.5ms, postprocess=0.0ms, fuse+track=0.0ms
2026-05-22 19:11:40,578 | INFO | [perf frame=1500] preprocess=0.0ms, perspective=0.0ms, detect=1.5ms, postprocess=0.0ms, fuse+track=0.0ms
2026-05-22 19:11:41,050 | INFO | [perf frame=1600] preprocess=0.0ms, perspective=0.0ms, detect=1.5ms, postprocess=0.0ms, fuse+track=0.0ms
2026-05-22 19:11:41,491 | INFO | [perf frame=1700] preprocess=0.0ms, perspective=0.0ms, detect=1.3ms, postprocess=0.0ms, fuse+track=0.0ms
2026-05-22 19:11:41,937 | INFO | [perf frame=1800] preprocess=0.0ms, perspective=0.0ms, detect=1.3ms, postprocess=0.0ms, fuse+track=0.0ms
2026-05-22 19:11:42,383 | INFO | [perf frame=1900] preprocess=0.0ms, perspective=0.0ms, detect=1.4ms, postprocess=0.0ms, fuse+track=0.0ms
2026-05-22 19:11:42,841 | INFO | [perf frame=2000] preprocess=0.0ms, perspective=0.0ms, detect=1.5ms, postprocess=0.0ms, fuse+track=0.0ms
2026-05-22 19:11:43,317 | INFO | [perf frame=2100] preprocess=0.0ms, perspective=0.0ms, detect=1.6ms, postprocess=0.0ms, fuse+track=0.0ms
2026-05-22 19:11:43,789 | INFO | [perf frame=2200] preprocess=0.0ms, perspective=0.0ms, detect=1.6ms, postprocess=0.0ms, fuse+track=0.0ms
2026-05-22 19:11:44,242 | INFO | [perf frame=2300] preprocess=0.0ms, perspective=0.0ms, detect=1.5ms, postprocess=0.0ms, fuse+track=0.0ms
2026-05-22 19:11:44,697 | INFO | [perf frame=2400] preprocess=0.0ms, perspective=0.0ms, detect=1.5ms, postprocess=0.0ms, fuse+track=0.0ms
2026-05-22 19:11:45,152 | INFO | [perf frame=2500] preprocess=0.0ms, perspective=0.0ms, detect=1.5ms, postprocess=0.0ms, fuse+track=0.0ms
2026-05-22 19:11:45,600 | INFO | [perf frame=2600] preprocess=0.0ms, perspective=0.0ms, detect=1.4ms, postprocess=0.0ms, fuse+track=0.0ms
2026-05-22 19:11:46,061 | INFO | [perf frame=2700] preprocess=0.0ms, perspective=0.0ms, detect=1.5ms, postprocess=0.0ms, fuse+track=0.0ms
2026-05-22 19:11:46,505 | INFO | [perf frame=2800] preprocess=0.0ms, perspective=0.0ms, detect=1.4ms, postprocess=0.0ms, fuse+track=0.0ms
2026-05-22 19:11:46,975 | INFO | [perf frame=2900] preprocess=0.0ms, perspective=0.0ms, detect=1.5ms, postprocess=0.0ms, fuse+track=0.0ms
2026-05-22 19:11:47,423 | INFO | [perf frame=3000] preprocess=0.0ms, perspective=0.0ms, detect=1.4ms, postprocess=0.0ms, fuse+track=0.0ms
2026-05-22 19:11:47,884 | INFO | [perf frame=3100] preprocess=0.0ms, perspective=0.0ms, detect=1.6ms, postprocess=0.0ms, fuse+track=0.0ms
2026-05-22 19:11:48,348 | INFO | [perf frame=3200] preprocess=0.0ms, perspective=0.0ms, detect=1.5ms, postprocess=0.0ms, fuse+track=0.0ms
2026-05-22 19:11:48,794 | INFO | [perf frame=3300] preprocess=0.0ms, perspective=0.0ms, detect=1.4ms, postprocess=0.0ms, fuse+track=0.0ms
2026-05-22 19:11:49,281 | INFO | [perf frame=3400] preprocess=0.0ms, perspective=0.0ms, detect=1.6ms, postprocess=0.0ms, fuse+track=0.0ms
2026-05-22 19:11:49,756 | INFO | [perf frame=3500] preprocess=0.0ms, perspective=0.0ms, detect=1.6ms, postprocess=0.0ms, fuse+track=0.0ms
2026-05-22 19:11:50,208 | INFO | [perf frame=3600] preprocess=0.0ms, perspective=0.0ms, detect=1.4ms, postprocess=0.0ms, fuse+track=0.0ms
2026-05-22 19:11:50,662 | INFO | [perf frame=3700] preprocess=0.0ms, perspective=0.0ms, detect=1.5ms, postprocess=0.0ms, fuse+track=0.0ms
2026-05-22 19:11:51,130 | INFO | [perf frame=3800] preprocess=0.0ms, perspective=0.0ms, detect=1.5ms, postprocess=0.0ms, fuse+track=0.0ms
2026-05-22 19:11:51,590 | INFO | [perf frame=3900] preprocess=0.0ms, perspective=0.0ms, detect=1.5ms, postprocess=0.0ms, fuse+track=0.0ms
2026-05-22 19:11:52,043 | INFO | [perf frame=4000] preprocess=0.0ms, perspective=0.0ms, detect=1.5ms, postprocess=0.0ms, fuse+track=0.0ms
2026-05-22 19:11:52,504 | INFO | [perf frame=4100] preprocess=0.0ms, perspective=0.0ms, detect=1.5ms, postprocess=0.0ms, fuse+track=0.0ms
2026-05-22 19:11:52,968 | INFO | [perf frame=4200] preprocess=0.0ms, perspective=0.0ms, detect=1.5ms, postprocess=0.0ms, fuse+track=0.0ms
2026-05-22 19:11:53,435 | INFO | [perf frame=4300] preprocess=0.0ms, perspective=0.0ms, detect=1.6ms, postprocess=0.0ms, fuse+track=0.0ms
2026-05-22 19:11:53,891 | INFO | [perf frame=4400] preprocess=0.0ms, perspective=0.0ms, detect=1.5ms, postprocess=0.0ms, fuse+track=0.0ms
2026-05-22 19:11:54,347 | INFO | [perf frame=4500] preprocess=0.0ms, perspective=0.0ms, detect=1.4ms, postprocess=0.0ms, fuse+track=0.0ms
2026-05-22 19:11:54,807 | INFO | [perf frame=4600] preprocess=0.0ms, perspective=0.0ms, detect=1.5ms, postprocess=0.0ms, fuse+track=0.0ms
2026-05-22 19:11:55,276 | INFO | [perf frame=4700] preprocess=0.0ms, perspective=0.0ms, detect=1.5ms, postprocess=0.0ms, fuse+track=0.0ms
2026-05-22 19:11:55,745 | INFO | [perf frame=4800] preprocess=0.0ms, perspective=0.0ms, detect=1.6ms, postprocess=0.0ms, fuse+track=0.0ms
2026-05-22 19:11:56,199 | INFO | [perf frame=4900] preprocess=0.0ms, perspective=0.0ms, detect=1.5ms, postprocess=0.0ms, fuse+track=0.0ms
2026-05-22 19:11:56,666 | INFO | [perf frame=5000] preprocess=0.0ms, perspective=0.0ms, detect=1.5ms, postprocess=0.0ms, fuse+track=0.0ms
2026-05-22 19:11:57,132 | INFO | [perf frame=5100] preprocess=0.0ms, perspective=0.0ms, detect=1.5ms, postprocess=0.0ms, fuse+track=0.0ms
2026-05-22 19:11:57,576 | INFO | [perf frame=5200] preprocess=0.0ms, perspective=0.0ms, detect=1.2ms, postprocess=0.0ms, fuse+track=0.0ms
2026-05-22 19:11:58,020 | INFO | [perf frame=5300] preprocess=0.0ms, perspective=0.0ms, detect=1.4ms, postprocess=0.0ms, fuse+track=0.0ms
2026-05-22 19:11:58,485 | INFO | [perf frame=5400] preprocess=0.0ms, perspective=0.0ms, detect=1.5ms, postprocess=0.0ms, fuse+track=0.0ms
2026-05-22 19:11:58,960 | INFO | [perf frame=5500] preprocess=0.0ms, perspective=0.0ms, detect=1.6ms, postprocess=0.0ms, fuse+track=0.0ms
2026-05-22 19:11:59,429 | INFO | [perf frame=5600] preprocess=0.0ms, perspective=0.0ms, detect=1.6ms, postprocess=0.0ms, fuse+track=0.0ms
2026-05-22 19:11:59,896 | INFO | [perf frame=5700] preprocess=0.0ms, perspective=0.0ms, detect=1.5ms, postprocess=0.0ms, fuse+track=0.0ms
2026-05-22 19:12:00,352 | INFO | [perf frame=5800] preprocess=0.0ms, perspective=0.0ms, detect=1.5ms, postprocess=0.0ms, fuse+track=0.0ms
2026-05-22 19:12:00,828 | INFO | [perf frame=5900] preprocess=0.0ms, perspective=0.0ms, detect=1.5ms, postprocess=0.0ms, fuse+track=0.0ms
2026-05-22 19:12:01,291 | INFO | [perf frame=6000] preprocess=0.0ms, perspective=0.0ms, detect=1.5ms, postprocess=0.0ms, fuse+track=0.0ms
2026-05-22 19:12:01,762 | INFO | [perf frame=6100] preprocess=0.0ms, perspective=0.0ms, detect=1.5ms, postprocess=0.0ms, fuse+track=0.0ms
2026-05-22 19:12:02,246 | INFO | [perf frame=6200] preprocess=0.0ms, perspective=0.0ms, detect=1.6ms, postprocess=0.0ms, fuse+track=0.0ms
2026-05-22 19:12:02,720 | INFO | [perf frame=6300] preprocess=0.0ms, perspective=0.0ms, detect=1.6ms, postprocess=0.0ms, fuse+track=0.0ms
2026-05-22 19:12:03,186 | INFO | [perf frame=6400] preprocess=0.0ms, perspective=0.0ms, detect=1.5ms, postprocess=0.0ms, fuse+track=0.0ms
2026-05-22 19:12:03,649 | INFO | [perf frame=6500] preprocess=0.0ms, perspective=0.0ms, detect=1.5ms, postprocess=0.0ms, fuse+track=0.0ms
2026-05-22 19:12:04,105 | INFO | [perf frame=6600] preprocess=0.0ms, perspective=0.0ms, detect=1.4ms, postprocess=0.0ms, fuse+track=0.0ms
2026-05-22 19:12:04,596 | INFO | [perf frame=6700] preprocess=0.0ms, perspective=0.0ms, detect=1.7ms, postprocess=0.0ms, fuse+track=0.0ms
2026-05-22 19:12:05,076 | INFO | [perf frame=6800] preprocess=0.0ms, perspective=0.0ms, detect=1.6ms, postprocess=0.0ms, fuse+track=0.0ms
2026-05-22 19:12:05,540 | INFO | [perf frame=6900] preprocess=0.0ms, perspective=0.0ms, detect=1.4ms, postprocess=0.0ms, fuse+track=0.0ms
2026-05-22 19:12:06,012 | INFO | [perf frame=7000] preprocess=0.0ms, perspective=0.0ms, detect=1.5ms, postprocess=0.0ms, fuse+track=0.0ms
2026-05-22 19:12:06,479 | INFO | [perf frame=7100] preprocess=0.0ms, perspective=0.0ms, detect=1.5ms, postprocess=0.0ms, fuse+track=0.0ms
2026-05-22 19:12:06,948 | INFO | [perf frame=7200] preprocess=0.0ms, perspective=0.0ms, detect=1.5ms, postprocess=0.0ms, fuse+track=0.0ms
2026-05-22 19:12:07,425 | INFO | [perf frame=7300] preprocess=0.0ms, perspective=0.0ms, detect=1.5ms, postprocess=0.0ms, fuse+track=0.0ms
2026-05-22 19:12:07,879 | INFO | [perf frame=7400] preprocess=0.0ms, perspective=0.0ms, detect=1.4ms, postprocess=0.0ms, fuse+track=0.0ms
2026-05-22 19:12:08,344 | INFO | [perf frame=7500] preprocess=0.0ms, perspective=0.0ms, detect=1.5ms, postprocess=0.0ms, fuse+track=0.0ms
2026-05-22 19:12:08,813 | INFO | [perf frame=7600] preprocess=0.0ms, perspective=0.0ms, detect=1.5ms, postprocess=0.0ms, fuse+track=0.0ms
2026-05-22 19:12:09,268 | INFO | [perf frame=7700] preprocess=0.0ms, perspective=0.0ms, detect=1.4ms, postprocess=0.0ms, fuse+track=0.0ms
2026-05-22 19:12:09,730 | INFO | [perf frame=7800] preprocess=0.0ms, perspective=0.0ms, detect=1.5ms, postprocess=0.0ms, fuse+track=0.0ms
2026-05-22 19:12:10,209 | INFO | [perf frame=7900] preprocess=0.0ms, perspective=0.0ms, detect=1.5ms, postprocess=0.0ms, fuse+track=0.0ms
2026-05-22 19:12:10,691 | INFO | [perf frame=8000] preprocess=0.0ms, perspective=0.0ms, detect=1.5ms, postprocess=0.0ms, fuse+track=0.0ms
2026-05-22 19:12:11,178 | INFO | [perf frame=8100] preprocess=0.0ms, perspective=0.0ms, detect=1.6ms, postprocess=0.0ms, fuse+track=0.0ms
2026-05-22 19:12:11,660 | INFO | [perf frame=8200] preprocess=0.0ms, perspective=0.0ms, detect=1.6ms, postprocess=0.0ms, fuse+track=0.0ms
2026-05-22 19:12:12,129 | INFO | [perf frame=8300] preprocess=0.0ms, perspective=0.0ms, detect=1.5ms, postprocess=0.0ms, fuse+track=0.0ms
2026-05-22 19:12:12,611 | INFO | [perf frame=8400] preprocess=0.0ms, perspective=0.0ms, detect=1.4ms, postprocess=0.0ms, fuse+track=0.0ms
2026-05-22 19:12:13,098 | INFO | [perf frame=8500] preprocess=0.0ms, perspective=0.0ms, detect=1.6ms, postprocess=0.0ms, fuse+track=0.0ms
2026-05-22 19:12:13,576 | INFO | [perf frame=8600] preprocess=0.0ms, perspective=0.0ms, detect=1.5ms, postprocess=0.0ms, fuse+track=0.0ms
2026-05-22 19:12:14,050 | INFO | [perf frame=8700] preprocess=0.0ms, perspective=0.0ms, detect=1.5ms, postprocess=0.0ms, fuse+track=0.0ms
2026-05-22 19:12:14,517 | INFO | [perf frame=8800] preprocess=0.0ms, perspective=0.0ms, detect=1.5ms, postprocess=0.0ms, fuse+track=0.0ms
2026-05-22 19:12:14,983 | INFO | [perf frame=8900] preprocess=0.0ms, perspective=0.0ms, detect=1.5ms, postprocess=0.0ms, fuse+track=0.0ms
2026-05-22 19:12:15,471 | INFO | [perf frame=9000] preprocess=0.0ms, perspective=0.0ms, detect=1.5ms, postprocess=0.0ms, fuse+track=0.0ms
2026-05-22 19:12:15,962 | INFO | [perf frame=9100] preprocess=0.0ms, perspective=0.0ms, detect=1.6ms, postprocess=0.0ms, fuse+track=0.0ms
2026-05-22 19:12:16,450 | INFO | [perf frame=9200] preprocess=0.0ms, perspective=0.0ms, detect=1.6ms, postprocess=0.0ms, fuse+track=0.0ms
2026-05-22 19:12:16,933 | INFO | [perf frame=9300] preprocess=0.0ms, perspective=0.0ms, detect=1.5ms, postprocess=0.0ms, fuse+track=0.0ms
2026-05-22 19:12:17,403 | INFO | [perf frame=9400] preprocess=0.0ms, perspective=0.0ms, detect=1.5ms, postprocess=0.0ms, fuse+track=0.0ms
2026-05-22 19:12:17,855 | INFO | [perf frame=9500] preprocess=0.0ms, perspective=0.0ms, detect=1.4ms, postprocess=0.0ms, fuse+track=0.0ms
2026-05-22 19:12:18,318 | INFO | [perf frame=9600] preprocess=0.0ms, perspective=0.0ms, detect=1.5ms, postprocess=0.0ms, fuse+track=0.0ms
2026-05-22 19:12:18,785 | INFO | [perf frame=9700] preprocess=0.0ms, perspective=0.0ms, detect=1.5ms, postprocess=0.0ms, fuse+track=0.0ms
2026-05-22 19:12:19,252 | INFO | [perf frame=9800] preprocess=0.0ms, perspective=0.0ms, detect=1.5ms, postprocess=0.0ms, fuse+track=0.0ms
2026-05-22 19:12:19,728 | INFO | [perf frame=9900] preprocess=0.0ms, perspective=0.0ms, detect=1.6ms, postprocess=0.0ms, fuse+track=0.0ms
2026-05-22 19:12:20,206 | INFO | [perf frame=10000] preprocess=0.0ms, perspective=0.0ms, detect=1.5ms, postprocess=0.0ms, fuse+track=0.0ms
2026-05-22 19:12:20,678 | INFO | [perf frame=10100] preprocess=0.0ms, perspective=0.0ms, detect=1.5ms, postprocess=0.0ms, fuse+track=0.0ms
2026-05-22 19:12:21,159 | INFO | [perf frame=10200] preprocess=0.0ms, perspective=0.0ms, detect=1.6ms, postprocess=0.0ms, fuse+track=0.0ms
2026-05-22 19:12:21,621 | INFO | [perf frame=10300] preprocess=0.0ms, perspective=0.0ms, detect=1.5ms, postprocess=0.0ms, fuse+track=0.0ms
2026-05-22 19:12:22,080 | INFO | [perf frame=10400] preprocess=0.0ms, perspective=0.0ms, detect=1.4ms, postprocess=0.0ms, fuse+track=0.0ms
2026-05-22 19:12:22,554 | INFO | [perf frame=10500] preprocess=0.0ms, perspective=0.0ms, detect=1.6ms, postprocess=0.0ms, fuse+track=0.0ms
2026-05-22 19:12:23,027 | INFO | [perf frame=10600] preprocess=0.0ms, perspective=0.0ms, detect=1.5ms, postprocess=0.0ms, fuse+track=0.0ms
2026-05-22 19:12:23,488 | INFO | [perf frame=10700] preprocess=0.0ms, perspective=0.0ms, detect=1.5ms, postprocess=0.0ms, fuse+track=0.0ms
2026-05-22 19:12:23,967 | INFO | [perf frame=10800] preprocess=0.0ms, perspective=0.0ms, detect=1.5ms, postprocess=0.0ms, fuse+track=0.0ms
2026-05-22 19:12:24,444 | INFO | [perf frame=10900] preprocess=0.0ms, perspective=0.0ms, detect=1.5ms, postprocess=0.0ms, fuse+track=0.0ms
2026-05-22 19:12:24,903 | INFO | [perf frame=11000] preprocess=0.0ms, perspective=0.0ms, detect=1.5ms, postprocess=0.0ms, fuse+track=0.0ms
2026-05-22 19:12:25,397 | INFO | [perf frame=11100] preprocess=0.0ms, perspective=0.0ms, detect=1.6ms, postprocess=0.0ms, fuse+track=0.0ms
2026-05-22 19:12:25,865 | INFO | [perf frame=11200] preprocess=0.0ms, perspective=0.0ms, detect=1.5ms, postprocess=0.0ms, fuse+track=0.0ms
2026-05-22 19:12:26,330 | INFO | [perf frame=11300] preprocess=0.0ms, perspective=0.0ms, detect=1.5ms, postprocess=0.0ms, fuse+track=0.0ms
2026-05-22 19:12:26,801 | INFO | [perf frame=11400] preprocess=0.0ms, perspective=0.0ms, detect=1.5ms, postprocess=0.0ms, fuse+track=0.0ms
2026-05-22 19:12:27,268 | INFO | [perf frame=11500] preprocess=0.0ms, perspective=0.0ms, detect=1.5ms, postprocess=0.0ms, fuse+track=0.0ms
2026-05-22 19:12:27,731 | INFO | [perf frame=11600] preprocess=0.0ms, perspective=0.0ms, detect=1.5ms, postprocess=0.0ms, fuse+track=0.0ms
2026-05-22 19:12:28,204 | INFO | [perf frame=11700] preprocess=0.0ms, perspective=0.0ms, detect=1.5ms, postprocess=0.0ms, fuse+track=0.0ms
2026-05-22 19:12:28,669 | INFO | [perf frame=11800] preprocess=0.0ms, perspective=0.0ms, detect=1.5ms, postprocess=0.0ms, fuse+track=0.0ms
2026-05-22 19:12:29,131 | INFO | [perf frame=11900] preprocess=0.0ms, perspective=0.0ms, detect=1.4ms, postprocess=0.0ms, fuse+track=0.0ms
2026-05-22 19:12:29,606 | INFO | [perf frame=12000] preprocess=0.0ms, perspective=0.0ms, detect=1.5ms, postprocess=0.0ms, fuse+track=0.0ms
2026-05-22 19:12:30,073 | INFO | [perf frame=12100] preprocess=0.0ms, perspective=0.0ms, detect=1.5ms, postprocess=0.0ms, fuse+track=0.0ms
2026-05-22 19:12:30,518 | INFO | [perf frame=12200] preprocess=0.0ms, perspective=0.0ms, detect=1.4ms, postprocess=0.0ms, fuse+track=0.0ms
2026-05-22 19:12:30,978 | INFO | [perf frame=12300] preprocess=0.0ms, perspective=0.0ms, detect=1.5ms, postprocess=0.0ms, fuse+track=0.0ms
2026-05-22 19:12:31,454 | INFO | [perf frame=12400] preprocess=0.0ms, perspective=0.0ms, detect=1.5ms, postprocess=0.0ms, fuse+track=0.0ms
2026-05-22 19:12:31,922 | INFO | [perf frame=12500] preprocess=0.0ms, perspective=0.0ms, detect=1.5ms, postprocess=0.0ms, fuse+track=0.0ms
2026-05-22 19:12:32,390 | INFO | [perf frame=12600] preprocess=0.0ms, perspective=0.0ms, detect=1.5ms, postprocess=0.0ms, fuse+track=0.0ms
2026-05-22 19:12:32,862 | INFO | [perf frame=12700] preprocess=0.0ms, perspective=0.0ms, detect=1.5ms, postprocess=0.0ms, fuse+track=0.0ms
2026-05-22 19:12:33,321 | INFO | [perf frame=12800] preprocess=0.0ms, perspective=0.0ms, detect=1.4ms, postprocess=0.0ms, fuse+track=0.0ms
2026-05-22 19:12:33,794 | INFO | [perf frame=12900] preprocess=0.0ms, perspective=0.0ms, detect=1.5ms, postprocess=0.0ms, fuse+track=0.0ms
2026-05-22 19:12:34,250 | INFO | [perf frame=13000] preprocess=0.0ms, perspective=0.0ms, detect=1.4ms, postprocess=0.0ms, fuse+track=0.0ms
2026-05-22 19:12:34,726 | INFO | [perf frame=13100] preprocess=0.0ms, perspective=0.0ms, detect=1.5ms, postprocess=0.0ms, fuse+track=0.0ms
2026-05-22 19:12:35,200 | INFO | [perf frame=13200] preprocess=0.0ms, perspective=0.0ms, detect=1.5ms, postprocess=0.0ms, fuse+track=0.0ms
2026-05-22 19:12:35,674 | INFO | [perf frame=13300] preprocess=0.0ms, perspective=0.0ms, detect=1.5ms, postprocess=0.0ms, fuse+track=0.0ms
2026-05-22 19:12:36,136 | INFO | [perf frame=13400] preprocess=0.0ms, perspective=0.0ms, detect=1.5ms, postprocess=0.0ms, fuse+track=0.0ms
2026-05-22 19:12:36,610 | INFO | [perf frame=13500] preprocess=0.0ms, perspective=0.0ms, detect=1.5ms, postprocess=0.0ms, fuse+track=0.0ms
2026-05-22 19:12:37,074 | INFO | [perf frame=13600] preprocess=0.0ms, perspective=0.0ms, detect=1.5ms, postprocess=0.0ms, fuse+track=0.0ms
2026-05-22 19:12:37,555 | INFO | [perf frame=13700] preprocess=0.0ms, perspective=0.0ms, detect=1.6ms, postprocess=0.0ms, fuse+track=0.0ms
2026-05-22 19:12:38,019 | INFO | [perf frame=13800] preprocess=0.0ms, perspective=0.0ms, detect=1.5ms, postprocess=0.0ms, fuse+track=0.0ms
2026-05-22 19:12:38,474 | INFO | [perf frame=13900] preprocess=0.0ms, perspective=0.0ms, detect=1.4ms, postprocess=0.0ms, fuse+track=0.0ms
2026-05-22 19:12:38,935 | INFO | [perf frame=14000] preprocess=0.0ms, perspective=0.0ms, detect=1.4ms, postprocess=0.0ms, fuse+track=0.0ms
2026-05-22 19:12:39,394 | INFO | [perf frame=14100] preprocess=0.0ms, perspective=0.0ms, detect=1.5ms, postprocess=0.0ms, fuse+track=0.0ms
2026-05-22 19:12:39,879 | INFO | [perf frame=14200] preprocess=0.0ms, perspective=0.0ms, detect=1.6ms, postprocess=0.0ms, fuse+track=0.0ms
2026-05-22 19:12:40,355 | INFO | [perf frame=14300] preprocess=0.0ms, perspective=0.0ms, detect=1.6ms, postprocess=0.0ms, fuse+track=0.0ms
2026-05-22 19:12:40,843 | INFO | [perf frame=14400] preprocess=0.0ms, perspective=0.0ms, detect=1.6ms, postprocess=0.0ms, fuse+track=0.0ms
2026-05-22 19:12:41,296 | INFO | [perf frame=14500] preprocess=0.0ms, perspective=0.0ms, detect=1.4ms, postprocess=0.0ms, fuse+track=0.0ms
2026-05-22 19:12:41,764 | INFO | [perf frame=14600] preprocess=0.0ms, perspective=0.0ms, detect=1.5ms, postprocess=0.0ms, fuse+track=0.0ms
2026-05-22 19:12:42,242 | INFO | [perf frame=14700] preprocess=0.0ms, perspective=0.0ms, detect=1.6ms, postprocess=0.0ms, fuse+track=0.0ms
2026-05-22 19:12:42,733 | INFO | [perf frame=14800] preprocess=0.0ms, perspective=0.0ms, detect=1.6ms, postprocess=0.0ms, fuse+track=0.0ms
2026-05-22 19:12:43,221 | INFO | [perf frame=14900] preprocess=0.0ms, perspective=0.0ms, detect=1.6ms, postprocess=0.0ms, fuse+track=0.0ms
2026-05-22 19:12:43,699 | INFO | [perf frame=15000] preprocess=0.0ms, perspective=0.0ms, detect=1.5ms, postprocess=0.0ms, fuse+track=0.0ms
2026-05-22 19:12:44,169 | INFO | [perf frame=15100] preprocess=0.0ms, perspective=0.0ms, detect=1.5ms, postprocess=0.0ms, fuse+track=0.0ms
2026-05-22 19:12:44,648 | INFO | [perf frame=15200] preprocess=0.0ms, perspective=0.0ms, detect=1.6ms, postprocess=0.0ms, fuse+track=0.0ms
2026-05-22 19:12:45,123 | INFO | [perf frame=15300] preprocess=0.0ms, perspective=0.0ms, detect=1.5ms, postprocess=0.0ms, fuse+track=0.0ms
2026-05-22 19:12:45,600 | INFO | [perf frame=15400] preprocess=0.0ms, perspective=0.0ms, detect=1.6ms, postprocess=0.0ms, fuse+track=0.0ms
2026-05-22 19:12:46,073 | INFO | [perf frame=15500] preprocess=0.0ms, perspective=0.0ms, detect=1.5ms, postprocess=0.0ms, fuse+track=0.0ms
2026-05-22 19:12:46,551 | INFO | [perf frame=15600] preprocess=0.0ms, perspective=0.0ms, detect=1.5ms, postprocess=0.0ms, fuse+track=0.0ms
2026-05-22 19:12:47,026 | INFO | [perf frame=15700] preprocess=0.0ms, perspective=0.0ms, detect=1.5ms, postprocess=0.0ms, fuse+track=0.0ms
2026-05-22 19:12:47,498 | INFO | [perf frame=15800] preprocess=0.0ms, perspective=0.0ms, detect=1.5ms, postprocess=0.0ms, fuse+track=0.0ms
2026-05-22 19:12:47,968 | INFO | [perf frame=15900] preprocess=0.0ms, perspective=0.0ms, detect=1.5ms, postprocess=0.0ms, fuse+track=0.0ms
2026-05-22 19:12:48,452 | INFO | [perf frame=16000] preprocess=0.0ms, perspective=0.0ms, detect=1.6ms, postprocess=0.0ms, fuse+track=0.0ms
2026-05-22 19:12:48,914 | INFO | [perf frame=16100] preprocess=0.0ms, perspective=0.0ms, detect=1.4ms, postprocess=0.0ms, fuse+track=0.0ms
2026-05-22 19:12:49,391 | INFO | [perf frame=16200] preprocess=0.0ms, perspective=0.0ms, detect=1.5ms, postprocess=0.0ms, fuse+track=0.0ms
2026-05-22 19:12:49,850 | INFO | [perf frame=16300] preprocess=0.0ms, perspective=0.0ms, detect=1.5ms, postprocess=0.0ms, fuse+track=0.0ms
2026-05-22 19:12:50,313 | INFO | [perf frame=16400] preprocess=0.0ms, perspective=0.0ms, detect=1.5ms, postprocess=0.0ms, fuse+track=0.0ms
2026-05-22 19:12:50,797 | INFO | [perf frame=16500] preprocess=0.0ms, perspective=0.0ms, detect=1.5ms, postprocess=0.0ms, fuse+track=0.0ms
2026-05-22 19:12:51,263 | INFO | [perf frame=16600] preprocess=0.0ms, perspective=0.0ms, detect=1.5ms, postprocess=0.0ms, fuse+track=0.0ms
2026-05-22 19:12:51,729 | INFO | [perf frame=16700] preprocess=0.0ms, perspective=0.0ms, detect=1.5ms, postprocess=0.0ms, fuse+track=0.0ms
2026-05-22 19:12:52,220 | INFO | [perf frame=16800] preprocess=0.0ms, perspective=0.0ms, detect=1.6ms, postprocess=0.0ms, fuse+track=0.0ms
2026-05-22 19:12:52,703 | INFO | [perf frame=16900] preprocess=0.0ms, perspective=0.0ms, detect=1.6ms, postprocess=0.0ms, fuse+track=0.0ms
2026-05-22 19:12:53,183 | INFO | [perf frame=17000] preprocess=0.0ms, perspective=0.0ms, detect=1.6ms, postprocess=0.0ms, fuse+track=0.0ms
2026-05-22 19:12:53,670 | INFO | [perf frame=17100] preprocess=0.0ms, perspective=0.0ms, detect=1.6ms, postprocess=0.0ms, fuse+track=0.0ms
2026-05-22 19:12:54,124 | INFO | [perf frame=17200] preprocess=0.0ms, perspective=0.0ms, detect=1.5ms, postprocess=0.0ms, fuse+track=0.0ms
2026-05-22 19:12:54,589 | INFO | [perf frame=17300] preprocess=0.0ms, perspective=0.0ms, detect=1.5ms, postprocess=0.0ms, fuse+track=0.0ms
2026-05-22 19:12:55,050 | INFO | [perf frame=17400] preprocess=0.0ms, perspective=0.0ms, detect=1.5ms, postprocess=0.0ms, fuse+track=0.0ms
2026-05-22 19:12:55,504 | INFO | [perf frame=17500] preprocess=0.0ms, perspective=0.0ms, detect=1.4ms, postprocess=0.0ms, fuse+track=0.0ms
2026-05-22 19:12:55,964 | INFO | [perf frame=17600] preprocess=0.0ms, perspective=0.0ms, detect=1.4ms, postprocess=0.0ms, fuse+track=0.0ms
2026-05-22 19:12:56,430 | INFO | [perf frame=17700] preprocess=0.0ms, perspective=0.0ms, detect=1.5ms, postprocess=0.0ms, fuse+track=0.0ms
2026-05-22 19:12:56,902 | INFO | [perf frame=17800] preprocess=0.0ms, perspective=0.0ms, detect=1.5ms, postprocess=0.0ms, fuse+track=0.0ms
2026-05-22 19:12:57,360 | INFO | [perf frame=17900] preprocess=0.0ms, perspective=0.0ms, detect=1.5ms, postprocess=0.0ms, fuse+track=0.0ms
2026-05-22 19:12:57,824 | INFO | [perf frame=18000] preprocess=0.0ms, perspective=0.0ms, detect=1.5ms, postprocess=0.0ms, fuse+track=0.0ms
2026-05-22 19:12:58,281 | INFO | [perf frame=18100] preprocess=0.0ms, perspective=0.0ms, detect=1.5ms, postprocess=0.0ms, fuse+track=0.0ms
2026-05-22 19:12:58,751 | INFO | [perf frame=18200] preprocess=0.0ms, perspective=0.0ms, detect=1.5ms, postprocess=0.0ms, fuse+track=0.0ms
2026-05-22 19:12:59,233 | INFO | [perf frame=18300] preprocess=0.0ms, perspective=0.0ms, detect=1.6ms, postprocess=0.0ms, fuse+track=0.0ms
2026-05-22 19:12:59,701 | INFO | [perf frame=18400] preprocess=0.0ms, perspective=0.0ms, detect=1.5ms, postprocess=0.0ms, fuse+track=0.0ms
2026-05-22 19:13:00,166 | INFO | [perf frame=18500] preprocess=0.0ms, perspective=0.0ms, detect=1.5ms, postprocess=0.0ms, fuse+track=0.0ms
2026-05-22 19:13:00,639 | INFO | [perf frame=18600] preprocess=0.0ms, perspective=0.0ms, detect=1.5ms, postprocess=0.0ms, fuse+track=0.0ms
2026-05-22 19:13:01,111 | INFO | [perf frame=18700] preprocess=0.0ms, perspective=0.0ms, detect=1.5ms, postprocess=0.0ms, fuse+track=0.0ms
2026-05-22 19:13:01,576 | INFO | [perf frame=18800] preprocess=0.0ms, perspective=0.0ms, detect=1.5ms, postprocess=0.0ms, fuse+track=0.0ms
2026-05-22 19:13:02,033 | INFO | [perf frame=18900] preprocess=0.0ms, perspective=0.0ms, detect=1.4ms, postprocess=0.0ms, fuse+track=0.0ms
2026-05-22 19:13:02,502 | INFO | [perf frame=19000] preprocess=0.0ms, perspective=0.0ms, detect=1.5ms, postprocess=0.0ms, fuse+track=0.0ms
2026-05-22 19:13:02,991 | INFO | [perf frame=19100] preprocess=0.0ms, perspective=0.0ms, detect=1.6ms, postprocess=0.0ms, fuse+track=0.0ms
2026-05-22 19:13:03,450 | INFO | [perf frame=19200] preprocess=0.0ms, perspective=0.0ms, detect=1.4ms, postprocess=0.0ms, fuse+track=0.0ms
2026-05-22 19:13:03,938 | INFO | [perf frame=19300] preprocess=0.0ms, perspective=0.0ms, detect=1.6ms, postprocess=0.0ms, fuse+track=0.0ms
2026-05-22 19:13:04,424 | INFO | [perf frame=19400] preprocess=0.0ms, perspective=0.0ms, detect=1.6ms, postprocess=0.0ms, fuse+track=0.0ms
2026-05-22 19:13:04,893 | INFO | [perf frame=19500] preprocess=0.0ms, perspective=0.0ms, detect=1.5ms, postprocess=0.0ms, fuse+track=0.0ms
2026-05-22 19:13:05,368 | INFO | [perf frame=19600] preprocess=0.0ms, perspective=0.0ms, detect=1.5ms, postprocess=0.0ms, fuse+track=0.0ms
2026-05-22 19:13:05,830 | INFO | [perf frame=19700] preprocess=0.0ms, perspective=0.0ms, detect=1.4ms, postprocess=0.0ms, fuse+track=0.0ms
2026-05-22 19:13:06,295 | INFO | [perf frame=19800] preprocess=0.0ms, perspective=0.0ms, detect=1.5ms, postprocess=0.0ms, fuse+track=0.0ms
2026-05-22 19:13:06,771 | INFO | [perf frame=19900] preprocess=0.0ms, perspective=0.0ms, detect=1.5ms, postprocess=0.0ms, fuse+track=0.0ms
2026-05-22 19:13:07,235 | INFO | [perf frame=20000] preprocess=0.0ms, perspective=0.0ms, detect=1.5ms, postprocess=0.0ms, fuse+track=0.0ms
2026-05-22 19:13:07,725 | INFO | [perf frame=20100] preprocess=0.0ms, perspective=0.0ms, detect=1.6ms, postprocess=0.0ms, fuse+track=0.0ms
2026-05-22 19:13:08,193 | INFO | [perf frame=20200] preprocess=0.0ms, perspective=0.0ms, detect=1.5ms, postprocess=0.0ms, fuse+track=0.0ms
2026-05-22 19:13:08,670 | INFO | [perf frame=20300] preprocess=0.0ms, perspective=0.0ms, detect=1.6ms, postprocess=0.0ms, fuse+track=0.0ms
2026-05-22 19:13:09,140 | INFO | [perf frame=20400] preprocess=0.0ms, perspective=0.0ms, detect=1.5ms, postprocess=0.0ms, fuse+track=0.0ms
2026-05-22 19:13:09,620 | INFO | [perf frame=20500] preprocess=0.0ms, perspective=0.0ms, detect=1.5ms, postprocess=0.0ms, fuse+track=0.0ms
2026-05-22 19:13:10,098 | INFO | [perf frame=20600] preprocess=0.0ms, perspective=0.0ms, detect=1.6ms, postprocess=0.0ms, fuse+track=0.0ms
2026-05-22 19:13:10,588 | INFO | [perf frame=20700] preprocess=0.0ms, perspective=0.0ms, detect=1.7ms, postprocess=0.0ms, fuse+track=0.0ms
2026-05-22 19:13:11,070 | INFO | [perf frame=20800] preprocess=0.0ms, perspective=0.0ms, detect=1.5ms, postprocess=0.0ms, fuse+track=0.0ms
2026-05-22 19:13:11,526 | INFO | [perf frame=20900] preprocess=0.0ms, perspective=0.0ms, detect=1.5ms, postprocess=0.0ms, fuse+track=0.0ms
2026-05-22 19:13:11,980 | INFO | [perf frame=21000] preprocess=0.0ms, perspective=0.0ms, detect=1.4ms, postprocess=0.0ms, fuse+track=0.0ms
2026-05-22 19:13:12,437 | INFO | [perf frame=21100] preprocess=0.0ms, perspective=0.0ms, detect=1.4ms, postprocess=0.0ms, fuse+track=0.0ms
2026-05-22 19:13:12,914 | INFO | [perf frame=21200] preprocess=0.0ms, perspective=0.0ms, detect=1.5ms, postprocess=0.0ms, fuse+track=0.0ms
2026-05-22 19:13:13,390 | INFO | [perf frame=21300] preprocess=0.0ms, perspective=0.0ms, detect=1.6ms, postprocess=0.0ms, fuse+track=0.0ms
2026-05-22 19:13:13,857 | INFO | [perf frame=21400] preprocess=0.0ms, perspective=0.0ms, detect=1.5ms, postprocess=0.0ms, fuse+track=0.0ms
2026-05-22 19:13:14,341 | INFO | [perf frame=21500] preprocess=0.0ms, perspective=0.0ms, detect=1.6ms, postprocess=0.0ms, fuse+track=0.0ms
2026-05-22 19:13:14,794 | INFO | [perf frame=21600] preprocess=0.0ms, perspective=0.0ms, detect=1.4ms, postprocess=0.0ms, fuse+track=0.0ms
2026-05-22 19:13:15,257 | INFO | [perf frame=21700] preprocess=0.0ms, perspective=0.0ms, detect=1.5ms, postprocess=0.0ms, fuse+track=0.0ms
2026-05-22 19:13:15,726 | INFO | [perf frame=21800] preprocess=0.0ms, perspective=0.0ms, detect=1.5ms, postprocess=0.0ms, fuse+track=0.0ms
2026-05-22 19:13:16,201 | INFO | [perf frame=21900] preprocess=0.0ms, perspective=0.0ms, detect=1.5ms, postprocess=0.0ms, fuse+track=0.0ms
2026-05-22 19:13:16,675 | INFO | [perf frame=22000] preprocess=0.0ms, perspective=0.0ms, detect=1.5ms, postprocess=0.0ms, fuse+track=0.0ms
2026-05-22 19:13:17,137 | INFO | [perf frame=22100] preprocess=0.0ms, perspective=0.0ms, detect=1.4ms, postprocess=0.0ms, fuse+track=0.0ms
2026-05-22 19:13:17,604 | INFO | [perf frame=22200] preprocess=0.0ms, perspective=0.0ms, detect=1.5ms, postprocess=0.0ms, fuse+track=0.0ms
2026-05-22 19:13:18,066 | INFO | [perf frame=22300] preprocess=0.0ms, perspective=0.0ms, detect=1.5ms, postprocess=0.0ms, fuse+track=0.0ms
2026-05-22 19:13:18,533 | INFO | [perf frame=22400] preprocess=0.0ms, perspective=0.0ms, detect=1.5ms, postprocess=0.0ms, fuse+track=0.0ms
2026-05-22 19:13:19,008 | INFO | [perf frame=22500] preprocess=0.0ms, perspective=0.0ms, detect=1.5ms, postprocess=0.0ms, fuse+track=0.0ms
2026-05-22 19:13:19,485 | INFO | [perf frame=22600] preprocess=0.0ms, perspective=0.0ms, detect=1.5ms, postprocess=0.0ms, fuse+track=0.0ms
2026-05-22 19:13:19,953 | INFO | [perf frame=22700] preprocess=0.0ms, perspective=0.0ms, detect=1.5ms, postprocess=0.0ms, fuse+track=0.0ms
2026-05-22 19:13:20,421 | INFO | [perf frame=22800] preprocess=0.0ms, perspective=0.0ms, detect=1.5ms, postprocess=0.0ms, fuse+track=0.0ms
2026-05-22 19:13:20,901 | INFO | [perf frame=22900] preprocess=0.0ms, perspective=0.0ms, detect=1.5ms, postprocess=0.0ms, fuse+track=0.0ms
2026-05-22 19:13:21,365 | INFO | [perf frame=23000] preprocess=0.0ms, perspective=0.0ms, detect=1.5ms, postprocess=0.0ms, fuse+track=0.0ms
2026-05-22 19:13:21,827 | INFO | [perf frame=23100] preprocess=0.0ms, perspective=0.0ms, detect=1.5ms, postprocess=0.0ms, fuse+track=0.0ms
2026-05-22 19:13:22,299 | INFO | [perf frame=23200] preprocess=0.0ms, perspective=0.0ms, detect=1.5ms, postprocess=0.0ms, fuse+track=0.0ms
2026-05-22 19:13:22,778 | INFO | [perf frame=23300] preprocess=0.0ms, perspective=0.0ms, detect=1.6ms, postprocess=0.0ms, fuse+track=0.0ms
2026-05-22 19:13:23,247 | INFO | [perf frame=23400] preprocess=0.0ms, perspective=0.0ms, detect=1.5ms, postprocess=0.0ms, fuse+track=0.0ms
2026-05-22 19:13:23,727 | INFO | [perf frame=23500] preprocess=0.0ms, perspective=0.0ms, detect=1.6ms, postprocess=0.0ms, fuse+track=0.0ms
2026-05-22 19:13:24,198 | INFO | [perf frame=23600] preprocess=0.0ms, perspective=0.0ms, detect=1.5ms, postprocess=0.0ms, fuse+track=0.0ms
2026-05-22 19:13:24,667 | INFO | [perf frame=23700] preprocess=0.0ms, perspective=0.0ms, detect=1.5ms, postprocess=0.0ms, fuse+track=0.0ms
2026-05-22 19:13:25,133 | INFO | [perf frame=23800] preprocess=0.0ms, perspective=0.0ms, detect=1.5ms, postprocess=0.0ms, fuse+track=0.0ms
2026-05-22 19:13:25,616 | INFO | [perf frame=23900] preprocess=0.0ms, perspective=0.0ms, detect=1.6ms, postprocess=0.0ms, fuse+track=0.0ms
2026-05-22 19:13:26,084 | INFO | [perf frame=24000] preprocess=0.0ms, perspective=0.0ms, detect=1.5ms, postprocess=0.0ms, fuse+track=0.0ms
2026-05-22 19:13:26,571 | INFO | [perf frame=24100] preprocess=0.0ms, perspective=0.0ms, detect=1.6ms, postprocess=0.0ms, fuse+track=0.0ms
2026-05-22 19:13:27,049 | INFO | [perf frame=24200] preprocess=0.0ms, perspective=0.0ms, detect=1.5ms, postprocess=0.0ms, fuse+track=0.0ms
2026-05-22 19:13:27,518 | INFO | [perf frame=24300] preprocess=0.0ms, perspective=0.0ms, detect=1.5ms, postprocess=0.0ms, fuse+track=0.0ms
2026-05-22 19:13:28,006 | INFO | [perf frame=24400] preprocess=0.0ms, perspective=0.0ms, detect=1.6ms, postprocess=0.0ms, fuse+track=0.0ms
2026-05-22 19:13:28,487 | INFO | [perf frame=24500] preprocess=0.0ms, perspective=0.0ms, detect=1.6ms, postprocess=0.0ms, fuse+track=0.0ms
2026-05-22 19:13:28,953 | INFO | [perf frame=24600] preprocess=0.0ms, perspective=0.0ms, detect=1.5ms, postprocess=0.0ms, fuse+track=0.0ms
2026-05-22 19:13:29,450 | INFO | [perf frame=24700] preprocess=0.0ms, perspective=0.0ms, detect=1.7ms, postprocess=0.0ms, fuse+track=0.0ms
2026-05-22 19:13:29,936 | INFO | [perf frame=24800] preprocess=0.0ms, perspective=0.0ms, detect=1.6ms, postprocess=0.0ms, fuse+track=0.0ms
2026-05-22 19:13:30,406 | INFO | [perf frame=24900] preprocess=0.0ms, perspective=0.0ms, detect=1.5ms, postprocess=0.0ms, fuse+track=0.0ms
2026-05-22 19:13:30,890 | INFO | [perf frame=25000] preprocess=0.0ms, perspective=0.0ms, detect=1.6ms, postprocess=0.0ms, fuse+track=0.0ms
2026-05-22 19:13:31,362 | INFO | [perf frame=25100] preprocess=0.0ms, perspective=0.0ms, detect=1.5ms, postprocess=0.0ms, fuse+track=0.0ms
2026-05-22 19:13:31,842 | INFO | [perf frame=25200] preprocess=0.0ms, perspective=0.0ms, detect=1.6ms, postprocess=0.0ms, fuse+track=0.0ms
2026-05-22 19:13:32,307 | INFO | [perf frame=25300] preprocess=0.0ms, perspective=0.0ms, detect=1.5ms, postprocess=0.0ms, fuse+track=0.0ms
2026-05-22 19:13:32,778 | INFO | [perf frame=25400] preprocess=0.0ms, perspective=0.0ms, detect=1.5ms, postprocess=0.0ms, fuse+track=0.0ms
2026-05-22 19:13:33,257 | INFO | [perf frame=25500] preprocess=0.0ms, perspective=0.0ms, detect=1.5ms, postprocess=0.0ms, fuse+track=0.0ms
2026-05-22 19:13:33,713 | INFO | [perf frame=25600] preprocess=0.0ms, perspective=0.0ms, detect=1.5ms, postprocess=0.0ms, fuse+track=0.0ms
2026-05-22 19:13:34,186 | INFO | [perf frame=25700] preprocess=0.0ms, perspective=0.0ms, detect=1.5ms, postprocess=0.0ms, fuse+track=0.0ms
2026-05-22 19:13:34,651 | INFO | [perf frame=25800] preprocess=0.0ms, perspective=0.0ms, detect=1.5ms, postprocess=0.0ms, fuse+track=0.0ms
2026-05-22 19:13:35,129 | INFO | [perf frame=25900] preprocess=0.0ms, perspective=0.0ms, detect=1.5ms, postprocess=0.0ms, fuse+track=0.0ms
2026-05-22 19:13:35,610 | INFO | [perf frame=26000] preprocess=0.0ms, perspective=0.0ms, detect=1.6ms, postprocess=0.0ms, fuse+track=0.0ms
2026-05-22 19:13:36,086 | INFO | [perf frame=26100] preprocess=0.0ms, perspective=0.0ms, detect=1.6ms, postprocess=0.0ms, fuse+track=0.0ms
2026-05-22 19:13:36,549 | INFO | [perf frame=26200] preprocess=0.0ms, perspective=0.0ms, detect=1.5ms, postprocess=0.0ms, fuse+track=0.0ms
2026-05-22 19:13:37,006 | INFO | [perf frame=26300] preprocess=0.0ms, perspective=0.0ms, detect=1.5ms, postprocess=0.0ms, fuse+track=0.0ms
2026-05-22 19:13:37,480 | INFO | [perf frame=26400] preprocess=0.0ms, perspective=0.0ms, detect=1.5ms, postprocess=0.0ms, fuse+track=0.0ms
2026-05-22 19:13:37,954 | INFO | [perf frame=26500] preprocess=0.0ms, perspective=0.0ms, detect=1.6ms, postprocess=0.0ms, fuse+track=0.0ms
2026-05-22 19:13:38,414 | INFO | [perf frame=26600] preprocess=0.0ms, perspective=0.0ms, detect=1.5ms, postprocess=0.0ms, fuse+track=0.0ms
2026-05-22 19:13:38,872 | INFO | [perf frame=26700] preprocess=0.0ms, perspective=0.0ms, detect=1.4ms, postprocess=0.0ms, fuse+track=0.0ms
2026-05-22 19:13:39,359 | INFO | [perf frame=26800] preprocess=0.0ms, perspective=0.0ms, detect=1.6ms, postprocess=0.0ms, fuse+track=0.0ms
2026-05-22 19:13:39,816 | INFO | [perf frame=26900] preprocess=0.0ms, perspective=0.0ms, detect=1.4ms, postprocess=0.0ms, fuse+track=0.0ms
2026-05-22 19:13:40,303 | INFO | [perf frame=27000] preprocess=0.0ms, perspective=0.0ms, detect=1.5ms, postprocess=0.0ms, fuse+track=0.0ms
2026-05-22 19:13:40,789 | INFO | [perf frame=27100] preprocess=0.0ms, perspective=0.0ms, detect=1.6ms, postprocess=0.0ms, fuse+track=0.0ms
2026-05-22 19:13:41,267 | INFO | [perf frame=27200] preprocess=0.0ms, perspective=0.0ms, detect=1.6ms, postprocess=0.0ms, fuse+track=0.0ms
2026-05-22 19:13:41,738 | INFO | [perf frame=27300] preprocess=0.0ms, perspective=0.0ms, detect=1.5ms, postprocess=0.0ms, fuse+track=0.0ms
2026-05-22 19:13:42,211 | INFO | [perf frame=27400] preprocess=0.0ms, perspective=0.0ms, detect=1.5ms, postprocess=0.0ms, fuse+track=0.0ms
2026-05-22 19:13:42,680 | INFO | [perf frame=27500] preprocess=0.0ms, perspective=0.0ms, detect=1.5ms, postprocess=0.0ms, fuse+track=0.0ms
2026-05-22 19:13:43,153 | INFO | [perf frame=27600] preprocess=0.0ms, perspective=0.0ms, detect=1.5ms, postprocess=0.0ms, fuse+track=0.0ms
2026-05-22 19:13:43,633 | INFO | [perf frame=27700] preprocess=0.0ms, perspective=0.0ms, detect=1.5ms, postprocess=0.0ms, fuse+track=0.0ms
2026-05-22 19:13:44,103 | INFO | [perf frame=27800] preprocess=0.0ms, perspective=0.0ms, detect=1.5ms, postprocess=0.0ms, fuse+track=0.0ms
2026-05-22 19:13:44,565 | INFO | [perf frame=27900] preprocess=0.0ms, perspective=0.0ms, detect=1.5ms, postprocess=0.0ms, fuse+track=0.0ms
2026-05-22 19:13:45,020 | INFO | [perf frame=28000] preprocess=0.0ms, perspective=0.0ms, detect=1.4ms, postprocess=0.0ms, fuse+track=0.0ms
2026-05-22 19:13:45,498 | INFO | [perf frame=28100] preprocess=0.0ms, perspective=0.0ms, detect=1.6ms, postprocess=0.0ms, fuse+track=0.0ms
2026-05-22 19:13:45,980 | INFO | [perf frame=28200] preprocess=0.0ms, perspective=0.0ms, detect=1.6ms, postprocess=0.0ms, fuse+track=0.0ms
2026-05-22 19:13:46,456 | INFO | [perf frame=28300] preprocess=0.0ms, perspective=0.0ms, detect=1.6ms, postprocess=0.0ms, fuse+track=0.0ms
2026-05-22 19:13:46,934 | INFO | [perf frame=28400] preprocess=0.0ms, perspective=0.0ms, detect=1.6ms, postprocess=0.0ms, fuse+track=0.0ms
2026-05-22 19:13:47,403 | INFO | [perf frame=28500] preprocess=0.0ms, perspective=0.0ms, detect=1.5ms, postprocess=0.0ms, fuse+track=0.0ms
2026-05-22 19:13:47,882 | INFO | [perf frame=28600] preprocess=0.0ms, perspective=0.0ms, detect=1.6ms, postprocess=0.0ms, fuse+track=0.0ms
2026-05-22 19:13:48,336 | INFO | [perf frame=28700] preprocess=0.0ms, perspective=0.0ms, detect=1.4ms, postprocess=0.0ms, fuse+track=0.0ms
2026-05-22 19:13:48,790 | INFO | [perf frame=28800] preprocess=0.0ms, perspective=0.0ms, detect=1.4ms, postprocess=0.0ms, fuse+track=0.0ms
2026-05-22 19:13:49,245 | INFO | [perf frame=28900] preprocess=0.0ms, perspective=0.0ms, detect=1.4ms, postprocess=0.0ms, fuse+track=0.0ms
2026-05-22 19:13:49,720 | INFO | [perf frame=29000] preprocess=0.0ms, perspective=0.0ms, detect=1.6ms, postprocess=0.0ms, fuse+track=0.0ms
2026-05-22 19:13:50,174 | INFO | [perf frame=29100] preprocess=0.0ms, perspective=0.0ms, detect=1.4ms, postprocess=0.0ms, fuse+track=0.0ms
2026-05-22 19:13:50,643 | INFO | [perf frame=29200] preprocess=0.0ms, perspective=0.0ms, detect=1.5ms, postprocess=0.0ms, fuse+track=0.0ms
2026-05-22 19:13:51,120 | INFO | [perf frame=29300] preprocess=0.0ms, perspective=0.0ms, detect=1.5ms, postprocess=0.0ms, fuse+track=0.0ms
2026-05-22 19:13:51,596 | INFO | [perf frame=29400] preprocess=0.0ms, perspective=0.0ms, detect=1.5ms, postprocess=0.0ms, fuse+track=0.0ms
2026-05-22 19:13:52,060 | INFO | [perf frame=29500] preprocess=0.0ms, perspective=0.0ms, detect=1.5ms, postprocess=0.0ms, fuse+track=0.0ms
2026-05-22 19:13:52,548 | INFO | [perf frame=29600] preprocess=0.0ms, perspective=0.0ms, detect=1.6ms, postprocess=0.0ms, fuse+track=0.0ms
2026-05-22 19:13:53,018 | INFO | [perf frame=29700] preprocess=0.0ms, perspective=0.0ms, detect=1.5ms, postprocess=0.0ms, fuse+track=0.0ms
2026-05-22 19:13:53,485 | INFO | [perf frame=29800] preprocess=0.0ms, perspective=0.0ms, detect=1.5ms, postprocess=0.0ms, fuse+track=0.0ms
2026-05-22 19:13:53,952 | INFO | [perf frame=29900] preprocess=0.0ms, perspective=0.0ms, detect=1.5ms, postprocess=0.0ms, fuse+track=0.0ms
2026-05-22 19:13:54,413 | INFO | [perf frame=30000] preprocess=0.0ms, perspective=0.0ms, detect=1.5ms, postprocess=0.0ms, fuse+track=0.0ms
2026-05-22 19:13:54,879 | INFO | [perf frame=30100] preprocess=0.0ms, perspective=0.0ms, detect=1.5ms, postprocess=0.0ms, fuse+track=0.0ms
2026-05-22 19:13:55,350 | INFO | [perf frame=30200] preprocess=0.0ms, perspective=0.0ms, detect=1.5ms, postprocess=0.0ms, fuse+track=0.0ms
2026-05-22 19:13:55,832 | INFO | [perf frame=30300] preprocess=0.0ms, perspective=0.0ms, detect=1.6ms, postprocess=0.0ms, fuse+track=0.0ms
2026-05-22 19:13:56,305 | INFO | [perf frame=30400] preprocess=0.0ms, perspective=0.0ms, detect=1.5ms, postprocess=0.0ms, fuse+track=0.0ms
2026-05-22 19:13:56,789 | INFO | [perf frame=30500] preprocess=0.0ms, perspective=0.0ms, detect=1.6ms, postprocess=0.0ms, fuse+track=0.0ms
2026-05-22 19:13:57,256 | INFO | [perf frame=30600] preprocess=0.0ms, perspective=0.0ms, detect=1.5ms, postprocess=0.0ms, fuse+track=0.0ms
2026-05-22 19:13:57,720 | INFO | [perf frame=30700] preprocess=0.0ms, perspective=0.0ms, detect=1.5ms, postprocess=0.0ms, fuse+track=0.0ms
2026-05-22 19:13:58,207 | INFO | [perf frame=30800] preprocess=0.0ms, perspective=0.0ms, detect=1.6ms, postprocess=0.0ms, fuse+track=0.0ms
2026-05-22 19:13:58,671 | INFO | [perf frame=30900] preprocess=0.0ms, perspective=0.0ms, detect=1.5ms, postprocess=0.0ms, fuse+track=0.0ms
2026-05-22 19:13:59,122 | INFO | [perf frame=31000] preprocess=0.0ms, perspective=0.0ms, detect=1.4ms, postprocess=0.0ms, fuse+track=0.0ms
2026-05-22 19:13:59,597 | INFO | [perf frame=31100] preprocess=0.0ms, perspective=0.0ms, detect=1.5ms, postprocess=0.0ms, fuse+track=0.0ms
2026-05-22 19:14:00,062 | INFO | [perf frame=31200] preprocess=0.0ms, perspective=0.0ms, detect=1.5ms, postprocess=0.0ms, fuse+track=0.0ms
2026-05-22 19:14:00,529 | INFO | [perf frame=31300] preprocess=0.0ms, perspective=0.0ms, detect=1.5ms, postprocess=0.0ms, fuse+track=0.0ms
2026-05-22 19:14:01,016 | INFO | [perf frame=31400] preprocess=0.0ms, perspective=0.0ms, detect=1.6ms, postprocess=0.0ms, fuse+track=0.0ms
2026-05-22 19:14:01,499 | INFO | [perf frame=31500] preprocess=0.0ms, perspective=0.0ms, detect=1.6ms, postprocess=0.0ms, fuse+track=0.0ms
2026-05-22 19:14:01,966 | INFO | [perf frame=31600] preprocess=0.0ms, perspective=0.0ms, detect=1.5ms, postprocess=0.0ms, fuse+track=0.0ms
2026-05-22 19:14:02,446 | INFO | [perf frame=31700] preprocess=0.0ms, perspective=0.0ms, detect=1.6ms, postprocess=0.0ms, fuse+track=0.0ms
2026-05-22 19:14:02,930 | INFO | [perf frame=31800] preprocess=0.0ms, perspective=0.0ms, detect=1.6ms, postprocess=0.0ms, fuse+track=0.0ms
2026-05-22 19:14:03,398 | INFO | [perf frame=31900] preprocess=0.0ms, perspective=0.0ms, detect=1.5ms, postprocess=0.0ms, fuse+track=0.0ms
2026-05-22 19:14:03,883 | INFO | [perf frame=32000] preprocess=0.0ms, perspective=0.0ms, detect=1.6ms, postprocess=0.0ms, fuse+track=0.0ms
2026-05-22 19:14:04,338 | INFO | [perf frame=32100] preprocess=0.0ms, perspective=0.0ms, detect=1.4ms, postprocess=0.0ms, fuse+track=0.0ms
2026-05-22 19:14:04,822 | INFO | [perf frame=32200] preprocess=0.0ms, perspective=0.0ms, detect=1.6ms, postprocess=0.0ms, fuse+track=0.0ms
2026-05-22 19:14:05,279 | INFO | [perf frame=32300] preprocess=0.0ms, perspective=0.0ms, detect=1.4ms, postprocess=0.0ms, fuse+track=0.0ms
2026-05-22 19:14:05,767 | INFO | [perf frame=32400] preprocess=0.0ms, perspective=0.0ms, detect=1.6ms, postprocess=0.0ms, fuse+track=0.0ms
2026-05-22 19:14:06,251 | INFO | [perf frame=32500] preprocess=0.0ms, perspective=0.0ms, detect=1.6ms, postprocess=0.0ms, fuse+track=0.0ms
2026-05-22 19:14:06,725 | INFO | [perf frame=32600] preprocess=0.0ms, perspective=0.0ms, detect=1.6ms, postprocess=0.0ms, fuse+track=0.0ms
2026-05-22 19:14:07,208 | INFO | [perf frame=32700] preprocess=0.0ms, perspective=0.0ms, detect=1.6ms, postprocess=0.0ms, fuse+track=0.0ms
2026-05-22 19:14:07,690 | INFO | [perf frame=32800] preprocess=0.0ms, perspective=0.0ms, detect=1.5ms, postprocess=0.0ms, fuse+track=0.0ms
2026-05-22 19:14:08,163 | INFO | [perf frame=32900] preprocess=0.0ms, perspective=0.0ms, detect=1.5ms, postprocess=0.0ms, fuse+track=0.0ms
2026-05-22 19:14:08,638 | INFO | [perf frame=33000] preprocess=0.0ms, perspective=0.0ms, detect=1.5ms, postprocess=0.0ms, fuse+track=0.0ms
2026-05-22 19:14:09,107 | INFO | [perf frame=33100] preprocess=0.0ms, perspective=0.0ms, detect=1.5ms, postprocess=0.0ms, fuse+track=0.0ms
2026-05-22 19:14:09,572 | INFO | [perf frame=33200] preprocess=0.0ms, perspective=0.0ms, detect=1.5ms, postprocess=0.0ms, fuse+track=0.0ms
2026-05-22 19:14:10,033 | INFO | [perf frame=33300] preprocess=0.0ms, perspective=0.0ms, detect=1.5ms, postprocess=0.0ms, fuse+track=0.0ms
2026-05-22 19:14:10,514 | INFO | [perf frame=33400] preprocess=0.0ms, perspective=0.0ms, detect=1.6ms, postprocess=0.0ms, fuse+track=0.0ms
2026-05-22 19:14:10,976 | INFO | [perf frame=33500] preprocess=0.0ms, perspective=0.0ms, detect=1.5ms, postprocess=0.0ms, fuse+track=0.0ms
2026-05-22 19:14:11,457 | INFO | [perf frame=33600] preprocess=0.0ms, perspective=0.0ms, detect=1.6ms, postprocess=0.0ms, fuse+track=0.0ms
2026-05-22 19:14:11,948 | INFO | [perf frame=33700] preprocess=0.0ms, perspective=0.0ms, detect=1.6ms, postprocess=0.0ms, fuse+track=0.0ms
2026-05-22 19:14:12,414 | INFO | [perf frame=33800] preprocess=0.0ms, perspective=0.0ms, detect=1.5ms, postprocess=0.0ms, fuse+track=0.0ms
2026-05-22 19:14:12,893 | INFO | [perf frame=33900] preprocess=0.0ms, perspective=0.0ms, detect=1.5ms, postprocess=0.0ms, fuse+track=0.0ms
2026-05-22 19:14:13,364 | INFO | [perf frame=34000] preprocess=0.0ms, perspective=0.0ms, detect=1.6ms, postprocess=0.0ms, fuse+track=0.0ms
2026-05-22 19:14:13,845 | INFO | [perf frame=34100] preprocess=0.0ms, perspective=0.0ms, detect=1.6ms, postprocess=0.0ms, fuse+track=0.0ms
2026-05-22 19:14:14,316 | INFO | [perf frame=34200] preprocess=0.0ms, perspective=0.0ms, detect=1.5ms, postprocess=0.0ms, fuse+track=0.0ms
2026-05-22 19:14:14,791 | INFO | [perf frame=34300] preprocess=0.0ms, perspective=0.0ms, detect=1.5ms, postprocess=0.0ms, fuse+track=0.0ms
2026-05-22 19:14:15,259 | INFO | [perf frame=34400] preprocess=0.0ms, perspective=0.0ms, detect=1.5ms, postprocess=0.0ms, fuse+track=0.0ms
2026-05-22 19:14:15,723 | INFO | [perf frame=34500] preprocess=0.0ms, perspective=0.0ms, detect=1.4ms, postprocess=0.0ms, fuse+track=0.0ms
2026-05-22 19:14:16,202 | INFO | [perf frame=34600] preprocess=0.0ms, perspective=0.0ms, detect=1.6ms, postprocess=0.0ms, fuse+track=0.0ms
2026-05-22 19:14:16,677 | INFO | [perf frame=34700] preprocess=0.0ms, perspective=0.0ms, detect=1.6ms, postprocess=0.0ms, fuse+track=0.0ms
2026-05-22 19:14:17,162 | INFO | [perf frame=34800] preprocess=0.0ms, perspective=0.0ms, detect=1.6ms, postprocess=0.0ms, fuse+track=0.0ms
2026-05-22 19:14:17,646 | INFO | [perf frame=34900] preprocess=0.0ms, perspective=0.0ms, detect=1.6ms, postprocess=0.0ms, fuse+track=0.0ms
2026-05-22 19:14:18,122 | INFO | [perf frame=35000] preprocess=0.0ms, perspective=0.0ms, detect=1.6ms, postprocess=0.0ms, fuse+track=0.0ms
2026-05-22 19:14:18,604 | INFO | [perf frame=35100] preprocess=0.0ms, perspective=0.0ms, detect=1.5ms, postprocess=0.0ms, fuse+track=0.0ms
2026-05-22 19:14:19,093 | INFO | [perf frame=35200] preprocess=0.0ms, perspective=0.0ms, detect=1.6ms, postprocess=0.0ms, fuse+track=0.0ms
2026-05-22 19:14:19,575 | INFO | [perf frame=35300] preprocess=0.0ms, perspective=0.0ms, detect=1.6ms, postprocess=0.0ms, fuse+track=0.0ms
2026-05-22 19:14:20,047 | INFO | [perf frame=35400] preprocess=0.0ms, perspective=0.0ms, detect=1.5ms, postprocess=0.0ms, fuse+track=0.0ms
2026-05-22 19:14:20,541 | INFO | [perf frame=35500] preprocess=0.0ms, perspective=0.0ms, detect=1.7ms, postprocess=0.0ms, fuse+track=0.0ms
2026-05-22 19:14:21,020 | INFO | [perf frame=35600] preprocess=0.0ms, perspective=0.0ms, detect=1.6ms, postprocess=0.0ms, fuse+track=0.0ms
2026-05-22 19:14:21,484 | INFO | [perf frame=35700] preprocess=0.0ms, perspective=0.0ms, detect=1.5ms, postprocess=0.0ms, fuse+track=0.0ms
2026-05-22 19:14:21,952 | INFO | [perf frame=35800] preprocess=0.0ms, perspective=0.0ms, detect=1.5ms, postprocess=0.0ms, fuse+track=0.0ms
2026-05-22 19:14:22,416 | INFO | [perf frame=35900] preprocess=0.0ms, perspective=0.0ms, detect=1.5ms, postprocess=0.0ms, fuse+track=0.0ms
2026-05-22 19:14:22,903 | INFO | [perf frame=36000] preprocess=0.0ms, perspective=0.0ms, detect=1.6ms, postprocess=0.0ms, fuse+track=0.0ms
2026-05-22 19:14:23,346 | INFO | [perf frame=36100] preprocess=0.0ms, perspective=0.0ms, detect=1.3ms, postprocess=0.0ms, fuse+track=0.0ms
2026-05-22 19:14:23,814 | INFO | [perf frame=36200] preprocess=0.0ms, perspective=0.0ms, detect=1.5ms, postprocess=0.0ms, fuse+track=0.0ms
2026-05-22 19:14:24,291 | INFO | [perf frame=36300] preprocess=0.0ms, perspective=0.0ms, detect=1.5ms, postprocess=0.0ms, fuse+track=0.0ms
2026-05-22 19:14:24,768 | INFO | [perf frame=36400] preprocess=0.0ms, perspective=0.0ms, detect=1.5ms, postprocess=0.0ms, fuse+track=0.0ms
2026-05-22 19:14:25,250 | INFO | [perf frame=36500] preprocess=0.0ms, perspective=0.0ms, detect=1.5ms, postprocess=0.0ms, fuse+track=0.0ms
2026-05-22 19:14:25,729 | INFO | [perf frame=36600] preprocess=0.0ms, perspective=0.0ms, detect=1.6ms, postprocess=0.0ms, fuse+track=0.0ms
2026-05-22 19:14:26,203 | INFO | [perf frame=36700] preprocess=0.0ms, perspective=0.0ms, detect=1.5ms, postprocess=0.0ms, fuse+track=0.0ms
2026-05-22 19:14:26,668 | INFO | [perf frame=36800] preprocess=0.0ms, perspective=0.0ms, detect=1.4ms, postprocess=0.0ms, fuse+track=0.0ms
2026-05-22 19:14:27,135 | INFO | [perf frame=36900] preprocess=0.0ms, perspective=0.0ms, detect=1.5ms, postprocess=0.0ms, fuse+track=0.0ms
2026-05-22 19:14:27,601 | INFO | [perf frame=37000] preprocess=0.0ms, perspective=0.0ms, detect=1.5ms, postprocess=0.0ms, fuse+track=0.0ms
2026-05-22 19:14:28,080 | INFO | [perf frame=37100] preprocess=0.0ms, perspective=0.0ms, detect=1.6ms, postprocess=0.0ms, fuse+track=0.0ms
2026-05-22 19:14:28,554 | INFO | [perf frame=37200] preprocess=0.0ms, perspective=0.0ms, detect=1.5ms, postprocess=0.0ms, fuse+track=0.0ms
2026-05-22 19:14:29,016 | INFO | [perf frame=37300] preprocess=0.0ms, perspective=0.0ms, detect=1.5ms, postprocess=0.0ms, fuse+track=0.0ms
2026-05-22 19:14:29,495 | INFO | [perf frame=37400] preprocess=0.0ms, perspective=0.0ms, detect=1.6ms, postprocess=0.0ms, fuse+track=0.0ms
2026-05-22 19:14:29,974 | INFO | [perf frame=37500] preprocess=0.0ms, perspective=0.0ms, detect=1.6ms, postprocess=0.0ms, fuse+track=0.0ms
2026-05-22 19:14:30,438 | INFO | [perf frame=37600] preprocess=0.0ms, perspective=0.0ms, detect=1.5ms, postprocess=0.0ms, fuse+track=0.0ms
2026-05-22 19:14:30,905 | INFO | [perf frame=37700] preprocess=0.0ms, perspective=0.0ms, detect=1.5ms, postprocess=0.0ms, fuse+track=0.0ms
2026-05-22 19:14:31,384 | INFO | [perf frame=37800] preprocess=0.0ms, perspective=0.0ms, detect=1.5ms, postprocess=0.0ms, fuse+track=0.0ms
2026-05-22 19:14:31,847 | INFO | [perf frame=37900] preprocess=0.0ms, perspective=0.0ms, detect=1.4ms, postprocess=0.0ms, fuse+track=0.0ms
2026-05-22 19:14:32,326 | INFO | [perf frame=38000] preprocess=0.0ms, perspective=0.0ms, detect=1.5ms, postprocess=0.0ms, fuse+track=0.0ms
2026-05-22 19:14:32,799 | INFO | [perf frame=38100] preprocess=0.0ms, perspective=0.0ms, detect=1.5ms, postprocess=0.0ms, fuse+track=0.0ms
2026-05-22 19:14:33,266 | INFO | [perf frame=38200] preprocess=0.0ms, perspective=0.0ms, detect=1.6ms, postprocess=0.0ms, fuse+track=0.0ms
2026-05-22 19:14:33,747 | INFO | [perf frame=38300] preprocess=0.0ms, perspective=0.0ms, detect=1.6ms, postprocess=0.0ms, fuse+track=0.0ms
2026-05-22 19:14:34,212 | INFO | [perf frame=38400] preprocess=0.0ms, perspective=0.0ms, detect=1.5ms, postprocess=0.0ms, fuse+track=0.0ms
2026-05-22 19:14:34,675 | INFO | [perf frame=38500] preprocess=0.0ms, perspective=0.0ms, detect=1.4ms, postprocess=0.0ms, fuse+track=0.0ms
2026-05-22 19:14:35,137 | INFO | [perf frame=38600] preprocess=0.0ms, perspective=0.0ms, detect=1.5ms, postprocess=0.0ms, fuse+track=0.0ms
2026-05-22 19:14:35,608 | INFO | [perf frame=38700] preprocess=0.0ms, perspective=0.0ms, detect=1.5ms, postprocess=0.0ms, fuse+track=0.0ms
2026-05-22 19:14:36,085 | INFO | [perf frame=38800] preprocess=0.0ms, perspective=0.0ms, detect=1.5ms, postprocess=0.0ms, fuse+track=0.0ms
2026-05-22 19:14:36,538 | INFO | [perf frame=38900] preprocess=0.0ms, perspective=0.0ms, detect=1.4ms, postprocess=0.0ms, fuse+track=0.0ms
2026-05-22 19:14:37,006 | INFO | [perf frame=39000] preprocess=0.0ms, perspective=0.0ms, detect=1.5ms, postprocess=0.0ms, fuse+track=0.0ms
2026-05-22 19:14:37,483 | INFO | [perf frame=39100] preprocess=0.0ms, perspective=0.0ms, detect=1.6ms, postprocess=0.0ms, fuse+track=0.0ms
2026-05-22 19:14:37,966 | INFO | [perf frame=39200] preprocess=0.0ms, perspective=0.0ms, detect=1.5ms, postprocess=0.0ms, fuse+track=0.0ms
2026-05-22 19:14:38,445 | INFO | [perf frame=39300] preprocess=0.0ms, perspective=0.0ms, detect=1.6ms, postprocess=0.0ms, fuse+track=0.0ms
2026-05-22 19:14:38,916 | INFO | [perf frame=39400] preprocess=0.0ms, perspective=0.0ms, detect=1.5ms, postprocess=0.0ms, fuse+track=0.0ms
2026-05-22 19:14:39,391 | INFO | [perf frame=39500] preprocess=0.0ms, perspective=0.0ms, detect=1.6ms, postprocess=0.0ms, fuse+track=0.0ms
2026-05-22 19:14:39,864 | INFO | [perf frame=39600] preprocess=0.0ms, perspective=0.0ms, detect=1.5ms, postprocess=0.0ms, fuse+track=0.0ms
2026-05-22 19:14:40,330 | INFO | [perf frame=39700] preprocess=0.0ms, perspective=0.0ms, detect=1.5ms, postprocess=0.0ms, fuse+track=0.0ms
2026-05-22 19:14:40,815 | INFO | [perf frame=39800] preprocess=0.0ms, perspective=0.0ms, detect=1.6ms, postprocess=0.0ms, fuse+track=0.0ms
2026-05-22 19:14:41,293 | INFO | [perf frame=39900] preprocess=0.0ms, perspective=0.0ms, detect=1.6ms, postprocess=0.0ms, fuse+track=0.0ms
2026-05-22 19:14:41,760 | INFO | [perf frame=40000] preprocess=0.0ms, perspective=0.0ms, detect=1.5ms, postprocess=0.0ms, fuse+track=0.0ms
2026-05-22 19:14:42,226 | INFO | [perf frame=40100] preprocess=0.0ms, perspective=0.0ms, detect=1.5ms, postprocess=0.0ms, fuse+track=0.0ms
2026-05-22 19:14:42,708 | INFO | [perf frame=40200] preprocess=0.0ms, perspective=0.0ms, detect=1.6ms, postprocess=0.0ms, fuse+track=0.0ms
2026-05-22 19:14:43,193 | INFO | [perf frame=40300] preprocess=0.0ms, perspective=0.0ms, detect=1.6ms, postprocess=0.0ms, fuse+track=0.0ms
2026-05-22 19:14:43,669 | INFO | [perf frame=40400] preprocess=0.0ms, perspective=0.0ms, detect=1.6ms, postprocess=0.0ms, fuse+track=0.0ms
2026-05-22 19:14:44,130 | INFO | [perf frame=40500] preprocess=0.0ms, perspective=0.0ms, detect=1.5ms, postprocess=0.0ms, fuse+track=0.0ms
2026-05-22 19:14:44,603 | INFO | [perf frame=40600] preprocess=0.0ms, perspective=0.0ms, detect=1.5ms, postprocess=0.0ms, fuse+track=0.0ms
2026-05-22 19:14:45,077 | INFO | [perf frame=40700] preprocess=0.0ms, perspective=0.0ms, detect=1.6ms, postprocess=0.0ms, fuse+track=0.0ms
2026-05-22 19:14:45,557 | INFO | [perf frame=40800] preprocess=0.0ms, perspective=0.0ms, detect=1.6ms, postprocess=0.0ms, fuse+track=0.0ms
2026-05-22 19:14:46,026 | INFO | [perf frame=40900] preprocess=0.0ms, perspective=0.0ms, detect=1.5ms, postprocess=0.0ms, fuse+track=0.0ms
2026-05-22 19:14:46,514 | INFO | [perf frame=41000] preprocess=0.0ms, perspective=0.0ms, detect=1.6ms, postprocess=0.0ms, fuse+track=0.0ms
2026-05-22 19:14:47,001 | INFO | [perf frame=41100] preprocess=0.0ms, perspective=0.0ms, detect=1.6ms, postprocess=0.0ms, fuse+track=0.0ms
2026-05-22 19:14:47,464 | INFO | [perf frame=41200] preprocess=0.0ms, perspective=0.0ms, detect=1.5ms, postprocess=0.0ms, fuse+track=0.0ms
2026-05-22 19:14:47,930 | INFO | [perf frame=41300] preprocess=0.0ms, perspective=0.0ms, detect=1.5ms, postprocess=0.0ms, fuse+track=0.0ms
2026-05-22 19:14:48,393 | INFO | [perf frame=41400] preprocess=0.0ms, perspective=0.0ms, detect=1.5ms, postprocess=0.0ms, fuse+track=0.0ms
2026-05-22 19:14:48,859 | INFO | [perf frame=41500] preprocess=0.0ms, perspective=0.0ms, detect=1.5ms, postprocess=0.0ms, fuse+track=0.0ms
2026-05-22 19:14:49,337 | INFO | [perf frame=41600] preprocess=0.0ms, perspective=0.0ms, detect=1.6ms, postprocess=0.0ms, fuse+track=0.0ms
2026-05-22 19:14:49,806 | INFO | [perf frame=41700] preprocess=0.0ms, perspective=0.0ms, detect=1.5ms, postprocess=0.0ms, fuse+track=0.0ms
2026-05-22 19:14:50,261 | INFO | [perf frame=41800] preprocess=0.0ms, perspective=0.0ms, detect=1.4ms, postprocess=0.0ms, fuse+track=0.0ms
2026-05-22 19:14:50,736 | INFO | [perf frame=41900] preprocess=0.0ms, perspective=0.0ms, detect=1.5ms, postprocess=0.0ms, fuse+track=0.0ms
2026-05-22 19:14:51,199 | INFO | [perf frame=42000] preprocess=0.0ms, perspective=0.0ms, detect=1.5ms, postprocess=0.0ms, fuse+track=0.0ms
2026-05-22 19:14:51,680 | INFO | [perf frame=42100] preprocess=0.0ms, perspective=0.0ms, detect=1.6ms, postprocess=0.0ms, fuse+track=0.0ms
2026-05-22 19:14:52,149 | INFO | [perf frame=42200] preprocess=0.0ms, perspective=0.0ms, detect=1.5ms, postprocess=0.0ms, fuse+track=0.0ms
2026-05-22 19:14:52,609 | INFO | [perf frame=42300] preprocess=0.0ms, perspective=0.0ms, detect=1.5ms, postprocess=0.0ms, fuse+track=0.0ms
2026-05-22 19:14:53,086 | INFO | [perf frame=42400] preprocess=0.0ms, perspective=0.0ms, detect=1.5ms, postprocess=0.0ms, fuse+track=0.0ms
2026-05-22 19:14:53,562 | INFO | [perf frame=42500] preprocess=0.0ms, perspective=0.0ms, detect=1.6ms, postprocess=0.0ms, fuse+track=0.0ms
2026-05-22 19:14:54,048 | INFO | [perf frame=42600] preprocess=0.0ms, perspective=0.0ms, detect=1.6ms, postprocess=0.0ms, fuse+track=0.0ms
2026-05-22 19:14:54,538 | INFO | [perf frame=42700] preprocess=0.0ms, perspective=0.0ms, detect=1.6ms, postprocess=0.0ms, fuse+track=0.0ms
2026-05-22 19:14:55,024 | INFO | [perf frame=42800] preprocess=0.0ms, perspective=0.0ms, detect=1.6ms, postprocess=0.0ms, fuse+track=0.0ms
2026-05-22 19:14:55,505 | INFO | [perf frame=42900] preprocess=0.0ms, perspective=0.0ms, detect=1.7ms, postprocess=0.0ms, fuse+track=0.0ms
2026-05-22 19:14:55,974 | INFO | [perf frame=43000] preprocess=0.0ms, perspective=0.0ms, detect=1.5ms, postprocess=0.0ms, fuse+track=0.0ms
2026-05-22 19:14:56,446 | INFO | [perf frame=43100] preprocess=0.0ms, perspective=0.0ms, detect=1.5ms, postprocess=0.0ms, fuse+track=0.0ms
2026-05-22 19:14:56,913 | INFO | [perf frame=43200] preprocess=0.0ms, perspective=0.0ms, detect=1.5ms, postprocess=0.0ms, fuse+track=0.0ms
2026-05-22 19:14:57,383 | INFO | [perf frame=43300] preprocess=0.0ms, perspective=0.0ms, detect=1.5ms, postprocess=0.0ms, fuse+track=0.0ms
2026-05-22 19:14:57,859 | INFO | [perf frame=43400] preprocess=0.0ms, perspective=0.0ms, detect=1.5ms, postprocess=0.0ms, fuse+track=0.0ms
2026-05-22 19:14:58,353 | INFO | [perf frame=43500] preprocess=0.0ms, perspective=0.0ms, detect=1.7ms, postprocess=0.0ms, fuse+track=0.0ms
2026-05-22 19:14:58,820 | INFO | [perf frame=43600] preprocess=0.0ms, perspective=0.0ms, detect=1.5ms, postprocess=0.0ms, fuse+track=0.0ms
2026-05-22 19:14:59,289 | INFO | [perf frame=43700] preprocess=0.0ms, perspective=0.0ms, detect=1.5ms, postprocess=0.0ms, fuse+track=0.0ms
2026-05-22 19:14:59,762 | INFO | [perf frame=43800] preprocess=0.0ms, perspective=0.0ms, detect=1.5ms, postprocess=0.0ms, fuse+track=0.0ms
2026-05-22 19:15:00,220 | INFO | [perf frame=43900] preprocess=0.0ms, perspective=0.0ms, detect=1.4ms, postprocess=0.0ms, fuse+track=0.0ms
2026-05-22 19:15:00,690 | INFO | [perf frame=44000] preprocess=0.0ms, perspective=0.0ms, detect=1.5ms, postprocess=0.0ms, fuse+track=0.0ms
2026-05-22 19:15:01,171 | INFO | [perf frame=44100] preprocess=0.0ms, perspective=0.0ms, detect=1.6ms, postprocess=0.0ms, fuse+track=0.0ms
2026-05-22 19:15:01,652 | INFO | [perf frame=44200] preprocess=0.0ms, perspective=0.0ms, detect=1.6ms, postprocess=0.0ms, fuse+track=0.0ms
2026-05-22 19:15:02,122 | INFO | [perf frame=44300] preprocess=0.0ms, perspective=0.0ms, detect=1.5ms, postprocess=0.0ms, fuse+track=0.0ms
2026-05-22 19:15:02,593 | INFO | [perf frame=44400] preprocess=0.0ms, perspective=0.0ms, detect=1.5ms, postprocess=0.0ms, fuse+track=0.0ms
2026-05-22 19:15:03,076 | INFO | [perf frame=44500] preprocess=0.0ms, perspective=0.0ms, detect=1.5ms, postprocess=0.0ms, fuse+track=0.0ms
2026-05-22 19:15:03,543 | INFO | [perf frame=44600] preprocess=0.0ms, perspective=0.0ms, detect=1.5ms, postprocess=0.0ms, fuse+track=0.0ms
2026-05-22 19:15:04,025 | INFO | [perf frame=44700] preprocess=0.0ms, perspective=0.0ms, detect=1.6ms, postprocess=0.0ms, fuse+track=0.0ms
2026-05-22 19:15:04,503 | INFO | [perf frame=44800] preprocess=0.0ms, perspective=0.0ms, detect=1.6ms, postprocess=0.0ms, fuse+track=0.0ms
2026-05-22 19:15:04,984 | INFO | [perf frame=44900] preprocess=0.0ms, perspective=0.0ms, detect=1.6ms, postprocess=0.0ms, fuse+track=0.0ms
2026-05-22 19:15:05,445 | INFO | [perf frame=45000] preprocess=0.0ms, perspective=0.0ms, detect=1.5ms, postprocess=0.0ms, fuse+track=0.0ms
2026-05-22 19:15:05,919 | INFO | [perf frame=45100] preprocess=0.0ms, perspective=0.0ms, detect=1.5ms, postprocess=0.0ms, fuse+track=0.0ms
2026-05-22 19:15:06,388 | INFO | [perf frame=45200] preprocess=0.0ms, perspective=0.0ms, detect=1.5ms, postprocess=0.0ms, fuse+track=0.0ms
2026-05-22 19:15:06,842 | INFO | [perf frame=45300] preprocess=0.0ms, perspective=0.0ms, detect=1.4ms, postprocess=0.0ms, fuse+track=0.0ms
2026-05-22 19:15:07,318 | INFO | [perf frame=45400] preprocess=0.0ms, perspective=0.0ms, detect=1.6ms, postprocess=0.0ms, fuse+track=0.0ms
2026-05-22 19:15:07,804 | INFO | [perf frame=45500] preprocess=0.0ms, perspective=0.0ms, detect=1.6ms, postprocess=0.0ms, fuse+track=0.0ms
2026-05-22 19:15:08,287 | INFO | [perf frame=45600] preprocess=0.0ms, perspective=0.0ms, detect=1.6ms, postprocess=0.0ms, fuse+track=0.0ms
2026-05-22 19:15:08,788 | INFO | [perf frame=45700] preprocess=0.0ms, perspective=0.0ms, detect=1.7ms, postprocess=0.0ms, fuse+track=0.0ms
2026-05-22 19:15:09,256 | INFO | [perf frame=45800] preprocess=0.0ms, perspective=0.0ms, detect=1.5ms, postprocess=0.0ms, fuse+track=0.0ms
2026-05-22 19:15:09,724 | INFO | [perf frame=45900] preprocess=0.0ms, perspective=0.0ms, detect=1.5ms, postprocess=0.0ms, fuse+track=0.0ms
2026-05-22 19:15:10,186 | INFO | [perf frame=46000] preprocess=0.0ms, perspective=0.0ms, detect=1.5ms, postprocess=0.0ms, fuse+track=0.0ms
2026-05-22 19:15:10,669 | INFO | [perf frame=46100] preprocess=0.0ms, perspective=0.0ms, detect=1.6ms, postprocess=0.0ms, fuse+track=0.0ms
2026-05-22 19:15:11,152 | INFO | [perf frame=46200] preprocess=0.0ms, perspective=0.0ms, detect=1.6ms, postprocess=0.0ms, fuse+track=0.0ms
2026-05-22 19:15:11,623 | INFO | [perf frame=46300] preprocess=0.0ms, perspective=0.0ms, detect=1.5ms, postprocess=0.0ms, fuse+track=0.0ms
2026-05-22 19:15:12,104 | INFO | [perf frame=46400] preprocess=0.0ms, perspective=0.0ms, detect=1.6ms, postprocess=0.0ms, fuse+track=0.0ms
2026-05-22 19:15:12,571 | INFO | [perf frame=46500] preprocess=0.0ms, perspective=0.0ms, detect=1.5ms, postprocess=0.0ms, fuse+track=0.0ms
2026-05-22 19:15:13,042 | INFO | [perf frame=46600] preprocess=0.0ms, perspective=0.0ms, detect=1.5ms, postprocess=0.0ms, fuse+track=0.0ms
2026-05-22 19:15:13,517 | INFO | [perf frame=46700] preprocess=0.0ms, perspective=0.0ms, detect=1.6ms, postprocess=0.0ms, fuse+track=0.0ms
2026-05-22 19:15:13,977 | INFO | [perf frame=46800] preprocess=0.0ms, perspective=0.0ms, detect=1.5ms, postprocess=0.0ms, fuse+track=0.0ms
2026-05-22 19:15:14,442 | INFO | [perf frame=46900] preprocess=0.0ms, perspective=0.0ms, detect=1.5ms, postprocess=0.0ms, fuse+track=0.0ms
2026-05-22 19:15:14,923 | INFO | [perf frame=47000] preprocess=0.0ms, perspective=0.0ms, detect=1.6ms, postprocess=0.0ms, fuse+track=0.0ms
2026-05-22 19:15:15,396 | INFO | [perf frame=47100] preprocess=0.0ms, perspective=0.0ms, detect=1.5ms, postprocess=0.0ms, fuse+track=0.0ms
2026-05-22 19:15:15,863 | INFO | [perf frame=47200] preprocess=0.0ms, perspective=0.0ms, detect=1.5ms, postprocess=0.0ms, fuse+track=0.0ms
2026-05-22 19:15:16,342 | INFO | [perf frame=47300] preprocess=0.0ms, perspective=0.0ms, detect=1.6ms, postprocess=0.0ms, fuse+track=0.0ms
2026-05-22 19:15:16,824 | INFO | [perf frame=47400] preprocess=0.0ms, perspective=0.0ms, detect=1.6ms, postprocess=0.0ms, fuse+track=0.0ms
2026-05-22 19:15:17,297 | INFO | [perf frame=47500] preprocess=0.0ms, perspective=0.0ms, detect=1.5ms, postprocess=0.0ms, fuse+track=0.0ms
2026-05-22 19:15:17,761 | INFO | [perf frame=47600] preprocess=0.0ms, perspective=0.0ms, detect=1.5ms, postprocess=0.0ms, fuse+track=0.0ms
2026-05-22 19:15:18,244 | INFO | [perf frame=47700] preprocess=0.0ms, perspective=0.0ms, detect=1.6ms, postprocess=0.0ms, fuse+track=0.0ms
2026-05-22 19:15:18,737 | INFO | [perf frame=47800] preprocess=0.0ms, perspective=0.0ms, detect=1.6ms, postprocess=0.0ms, fuse+track=0.0ms
2026-05-22 19:15:19,197 | INFO | [perf frame=47900] preprocess=0.0ms, perspective=0.0ms, detect=1.4ms, postprocess=0.0ms, fuse+track=0.0ms
2026-05-22 19:15:19,681 | INFO | [perf frame=48000] preprocess=0.0ms, perspective=0.0ms, detect=1.6ms, postprocess=0.0ms, fuse+track=0.0ms
2026-05-22 19:15:20,145 | INFO | [perf frame=48100] preprocess=0.0ms, perspective=0.0ms, detect=1.5ms, postprocess=0.0ms, fuse+track=0.0ms
2026-05-22 19:15:20,622 | INFO | [perf frame=48200] preprocess=0.0ms, perspective=0.0ms, detect=1.5ms, postprocess=0.0ms, fuse+track=0.0ms
2026-05-22 19:15:21,090 | INFO | [perf frame=48300] preprocess=0.0ms, perspective=0.0ms, detect=1.5ms, postprocess=0.0ms, fuse+track=0.0ms
2026-05-22 19:15:21,564 | INFO | [perf frame=48400] preprocess=0.0ms, perspective=0.0ms, detect=1.5ms, postprocess=0.0ms, fuse+track=0.0ms
2026-05-22 19:15:22,019 | INFO | [perf frame=48500] preprocess=0.0ms, perspective=0.0ms, detect=1.4ms, postprocess=0.0ms, fuse+track=0.0ms
2026-05-22 19:15:22,512 | INFO | [perf frame=48600] preprocess=0.0ms, perspective=0.0ms, detect=1.7ms, postprocess=0.0ms, fuse+track=0.0ms
2026-05-22 19:15:22,995 | INFO | [perf frame=48700] preprocess=0.0ms, perspective=0.0ms, detect=1.5ms, postprocess=0.0ms, fuse+track=0.0ms
2026-05-22 19:15:23,482 | INFO | [perf frame=48800] preprocess=0.0ms, perspective=0.0ms, detect=1.6ms, postprocess=0.0ms, fuse+track=0.0ms
2026-05-22 19:15:23,948 | INFO | [perf frame=48900] preprocess=0.0ms, perspective=0.0ms, detect=1.5ms, postprocess=0.0ms, fuse+track=0.0ms
2026-05-22 19:15:24,430 | INFO | [perf frame=49000] preprocess=0.0ms, perspective=0.0ms, detect=1.6ms, postprocess=0.0ms, fuse+track=0.0ms
2026-05-22 19:15:24,909 | INFO | [perf frame=49100] preprocess=0.0ms, perspective=0.0ms, detect=1.6ms, postprocess=0.0ms, fuse+track=0.0ms
2026-05-22 19:15:25,376 | INFO | [perf frame=49200] preprocess=0.0ms, perspective=0.0ms, detect=1.5ms, postprocess=0.0ms, fuse+track=0.0ms
2026-05-22 19:15:25,842 | INFO | [perf frame=49300] preprocess=0.0ms, perspective=0.0ms, detect=1.5ms, postprocess=0.0ms, fuse+track=0.0ms
2026-05-22 19:15:26,307 | INFO | [perf frame=49400] preprocess=0.0ms, perspective=0.0ms, detect=1.5ms, postprocess=0.0ms, fuse+track=0.0ms
2026-05-22 19:15:26,783 | INFO | [perf frame=49500] preprocess=0.0ms, perspective=0.0ms, detect=1.5ms, postprocess=0.0ms, fuse+track=0.0ms
2026-05-22 19:15:27,247 | INFO | [perf frame=49600] preprocess=0.0ms, perspective=0.0ms, detect=1.5ms, postprocess=0.0ms, fuse+track=0.0ms
2026-05-22 19:15:27,726 | INFO | [perf frame=49700] preprocess=0.0ms, perspective=0.0ms, detect=1.6ms, postprocess=0.0ms, fuse+track=0.0ms
2026-05-22 19:15:28,193 | INFO | [perf frame=49800] preprocess=0.0ms, perspective=0.0ms, detect=1.5ms, postprocess=0.0ms, fuse+track=0.0ms
2026-05-22 19:15:28,663 | INFO | [perf frame=49900] preprocess=0.0ms, perspective=0.0ms, detect=1.5ms, postprocess=0.0ms, fuse+track=0.0ms
2026-05-22 19:15:29,141 | INFO | [perf frame=50000] preprocess=0.0ms, perspective=0.0ms, detect=1.5ms, postprocess=0.0ms, fuse+track=0.0ms
2026-05-22 19:15:29,603 | INFO | [perf frame=50100] preprocess=0.0ms, perspective=0.0ms, detect=1.4ms, postprocess=0.0ms, fuse+track=0.0ms
2026-05-22 19:15:30,082 | INFO | [perf frame=50200] preprocess=0.0ms, perspective=0.0ms, detect=1.6ms, postprocess=0.0ms, fuse+track=0.0ms
2026-05-22 19:15:30,551 | INFO | [perf frame=50300] preprocess=0.0ms, perspective=0.0ms, detect=1.5ms, postprocess=0.0ms, fuse+track=0.0ms
2026-05-22 19:15:31,030 | INFO | [perf frame=50400] preprocess=0.0ms, perspective=0.0ms, detect=1.5ms, postprocess=0.0ms, fuse+track=0.0ms
2026-05-22 19:15:31,504 | INFO | [perf frame=50500] preprocess=0.0ms, perspective=0.0ms, detect=1.6ms, postprocess=0.0ms, fuse+track=0.0ms
2026-05-22 19:15:31,975 | INFO | [perf frame=50600] preprocess=0.0ms, perspective=0.0ms, detect=1.5ms, postprocess=0.0ms, fuse+track=0.0ms
2026-05-22 19:15:32,446 | INFO | [perf frame=50700] preprocess=0.0ms, perspective=0.0ms, detect=1.5ms, postprocess=0.0ms, fuse+track=0.0ms
2026-05-22 19:15:32,929 | INFO | [perf frame=50800] preprocess=0.0ms, perspective=0.0ms, detect=1.5ms, postprocess=0.0ms, fuse+track=0.0ms
2026-05-22 19:15:33,404 | INFO | [perf frame=50900] preprocess=0.0ms, perspective=0.0ms, detect=1.5ms, postprocess=0.0ms, fuse+track=0.0ms
2026-05-22 19:15:33,920 | INFO | [perf frame=51000] preprocess=0.0ms, perspective=0.0ms, detect=1.8ms, postprocess=0.0ms, fuse+track=0.0ms
2026-05-22 19:15:34,401 | INFO | [perf frame=51100] preprocess=0.0ms, perspective=0.0ms, detect=1.6ms, postprocess=0.0ms, fuse+track=0.0ms
2026-05-22 19:15:34,889 | INFO | [perf frame=51200] preprocess=0.0ms, perspective=0.0ms, detect=1.6ms, postprocess=0.0ms, fuse+track=0.0ms
2026-05-22 19:15:35,369 | INFO | [perf frame=51300] preprocess=0.0ms, perspective=0.0ms, detect=1.6ms, postprocess=0.0ms, fuse+track=0.0ms
2026-05-22 19:15:35,849 | INFO | [perf frame=51400] preprocess=0.0ms, perspective=0.0ms, detect=1.5ms, postprocess=0.0ms, fuse+track=0.0ms
2026-05-22 19:15:36,316 | INFO | [perf frame=51500] preprocess=0.0ms, perspective=0.0ms, detect=1.4ms, postprocess=0.0ms, fuse+track=0.0ms
2026-05-22 19:15:36,789 | INFO | [perf frame=51600] preprocess=0.0ms, perspective=0.0ms, detect=1.5ms, postprocess=0.0ms, fuse+track=0.0ms
2026-05-22 19:15:37,254 | INFO | [perf frame=51700] preprocess=0.0ms, perspective=0.0ms, detect=1.5ms, postprocess=0.0ms, fuse+track=0.0ms
2026-05-22 19:15:37,712 | INFO | [perf frame=51800] preprocess=0.0ms, perspective=0.0ms, detect=1.5ms, postprocess=0.0ms, fuse+track=0.0ms
2026-05-22 19:15:38,171 | INFO | [perf frame=51900] preprocess=0.0ms, perspective=0.0ms, detect=1.4ms, postprocess=0.0ms, fuse+track=0.0ms
2026-05-22 19:15:38,645 | INFO | [perf frame=52000] preprocess=0.0ms, perspective=0.0ms, detect=1.5ms, postprocess=0.0ms, fuse+track=0.0ms
2026-05-22 19:15:39,122 | INFO | [perf frame=52100] preprocess=0.0ms, perspective=0.0ms, detect=1.5ms, postprocess=0.0ms, fuse+track=0.0ms
2026-05-22 19:15:39,607 | INFO | [perf frame=52200] preprocess=0.0ms, perspective=0.0ms, detect=1.6ms, postprocess=0.0ms, fuse+track=0.0ms
2026-05-22 19:15:40,087 | INFO | [perf frame=52300] preprocess=0.0ms, perspective=0.0ms, detect=1.5ms, postprocess=0.0ms, fuse+track=0.0ms
2026-05-22 19:15:40,565 | INFO | [perf frame=52400] preprocess=0.0ms, perspective=0.0ms, detect=1.5ms, postprocess=0.0ms, fuse+track=0.0ms
2026-05-22 19:15:41,034 | INFO | [perf frame=52500] preprocess=0.0ms, perspective=0.0ms, detect=1.5ms, postprocess=0.0ms, fuse+track=0.0ms
2026-05-22 19:15:41,519 | INFO | [perf frame=52600] preprocess=0.0ms, perspective=0.0ms, detect=1.6ms, postprocess=0.0ms, fuse+track=0.0ms
2026-05-22 19:15:42,039 | INFO | [perf frame=52700] preprocess=0.0ms, perspective=0.0ms, detect=1.5ms, postprocess=0.0ms, fuse+track=0.0ms
2026-05-22 19:15:42,570 | INFO | [perf frame=52800] preprocess=0.0ms, perspective=0.0ms, detect=1.5ms, postprocess=0.0ms, fuse+track=0.1ms
2026-05-22 19:15:43,105 | INFO | [perf frame=52900] preprocess=0.0ms, perspective=0.0ms, detect=1.5ms, postprocess=0.0ms, fuse+track=0.1ms
2026-05-22 19:15:43,633 | INFO | [perf frame=53000] preprocess=0.0ms, perspective=0.0ms, detect=1.5ms, postprocess=0.0ms, fuse+track=0.1ms
2026-05-22 19:15:44,158 | INFO | [perf frame=53100] preprocess=0.0ms, perspective=0.0ms, detect=1.4ms, postprocess=0.0ms, fuse+track=0.1ms
2026-05-22 19:15:44,686 | INFO | [perf frame=53200] preprocess=0.0ms, perspective=0.0ms, detect=1.4ms, postprocess=0.0ms, fuse+track=0.1ms
2026-05-22 19:15:45,228 | INFO | [perf frame=53300] preprocess=0.0ms, perspective=0.0ms, detect=1.5ms, postprocess=0.0ms, fuse+track=0.1ms
2026-05-22 19:15:45,730 | INFO | [perf frame=53400] preprocess=0.0ms, perspective=0.0ms, detect=1.5ms, postprocess=0.0ms, fuse+track=0.0ms
2026-05-22 19:15:46,215 | INFO | [perf frame=53500] preprocess=0.0ms, perspective=0.0ms, detect=1.5ms, postprocess=0.0ms, fuse+track=0.0ms
2026-05-22 19:15:46,704 | INFO | [perf frame=53600] preprocess=0.0ms, perspective=0.0ms, detect=1.6ms, postprocess=0.0ms, fuse+track=0.0ms
2026-05-22 19:15:47,192 | INFO | [perf frame=53700] preprocess=0.0ms, perspective=0.0ms, detect=1.6ms, postprocess=0.0ms, fuse+track=0.0ms
2026-05-22 19:15:47,656 | INFO | [perf frame=53800] preprocess=0.0ms, perspective=0.0ms, detect=1.4ms, postprocess=0.0ms, fuse+track=0.0ms
2026-05-22 19:15:48,136 | INFO | [perf frame=53900] preprocess=0.0ms, perspective=0.0ms, detect=1.6ms, postprocess=0.0ms, fuse+track=0.0ms
2026-05-22 19:15:48,612 | INFO | [perf frame=54000] preprocess=0.0ms, perspective=0.0ms, detect=1.5ms, postprocess=0.0ms, fuse+track=0.0ms
2026-05-22 19:15:49,067 | INFO | [perf frame=54100] preprocess=0.0ms, perspective=0.0ms, detect=1.4ms, postprocess=0.0ms, fuse+track=0.0ms
2026-05-22 19:15:49,550 | INFO | [perf frame=54200] preprocess=0.0ms, perspective=0.0ms, detect=1.6ms, postprocess=0.0ms, fuse+track=0.0ms
2026-05-22 19:15:50,055 | INFO | [perf frame=54300] preprocess=0.0ms, perspective=0.0ms, detect=1.5ms, postprocess=0.0ms, fuse+track=0.0ms
2026-05-22 19:15:50,586 | INFO | [perf frame=54400] preprocess=0.0ms, perspective=0.0ms, detect=1.5ms, postprocess=0.0ms, fuse+track=0.1ms
2026-05-22 19:15:51,080 | INFO | [perf frame=54500] preprocess=0.0ms, perspective=0.0ms, detect=1.5ms, postprocess=0.0ms, fuse+track=0.0ms
2026-05-22 19:15:51,546 | INFO | [perf frame=54600] preprocess=0.0ms, perspective=0.0ms, detect=1.5ms, postprocess=0.0ms, fuse+track=0.0ms
2026-05-22 19:15:52,019 | INFO | [perf frame=54700] preprocess=0.0ms, perspective=0.0ms, detect=1.5ms, postprocess=0.0ms, fuse+track=0.0ms
2026-05-22 19:15:52,509 | INFO | [perf frame=54800] preprocess=0.0ms, perspective=0.0ms, detect=1.6ms, postprocess=0.0ms, fuse+track=0.0ms
2026-05-22 19:15:53,018 | INFO | [perf frame=54900] preprocess=0.0ms, perspective=0.0ms, detect=1.7ms, postprocess=0.0ms, fuse+track=0.0ms
2026-05-22 19:15:53,496 | INFO | [perf frame=55000] preprocess=0.0ms, perspective=0.0ms, detect=1.6ms, postprocess=0.0ms, fuse+track=0.0ms
2026-05-22 19:15:53,965 | INFO | [perf frame=55100] preprocess=0.0ms, perspective=0.0ms, detect=1.5ms, postprocess=0.0ms, fuse+track=0.0ms
2026-05-22 19:15:54,430 | INFO | [perf frame=55200] preprocess=0.0ms, perspective=0.0ms, detect=1.5ms, postprocess=0.0ms, fuse+track=0.0ms
2026-05-22 19:15:54,918 | INFO | [perf frame=55300] preprocess=0.0ms, perspective=0.0ms, detect=1.6ms, postprocess=0.0ms, fuse+track=0.0ms
2026-05-22 19:15:55,410 | INFO | [perf frame=55400] preprocess=0.0ms, perspective=0.0ms, detect=1.7ms, postprocess=0.0ms, fuse+track=0.0ms
2026-05-22 19:15:55,875 | INFO | [perf frame=55500] preprocess=0.0ms, perspective=0.0ms, detect=1.4ms, postprocess=0.0ms, fuse+track=0.0ms
2026-05-22 19:15:56,348 | INFO | [perf frame=55600] preprocess=0.0ms, perspective=0.0ms, detect=1.5ms, postprocess=0.0ms, fuse+track=0.0ms
2026-05-22 19:15:56,823 | INFO | [perf frame=55700] preprocess=0.0ms, perspective=0.0ms, detect=1.6ms, postprocess=0.0ms, fuse+track=0.0ms
2026-05-22 19:15:57,286 | INFO | [perf frame=55800] preprocess=0.0ms, perspective=0.0ms, detect=1.5ms, postprocess=0.0ms, fuse+track=0.0ms
2026-05-22 19:15:57,754 | INFO | [perf frame=55900] preprocess=0.0ms, perspective=0.0ms, detect=1.5ms, postprocess=0.0ms, fuse+track=0.0ms
2026-05-22 19:15:58,237 | INFO | [perf frame=56000] preprocess=0.0ms, perspective=0.0ms, detect=1.6ms, postprocess=0.0ms, fuse+track=0.0ms
2026-05-22 19:15:58,715 | INFO | [perf frame=56100] preprocess=0.0ms, perspective=0.0ms, detect=1.5ms, postprocess=0.0ms, fuse+track=0.0ms
2026-05-22 19:15:59,177 | INFO | [perf frame=56200] preprocess=0.0ms, perspective=0.0ms, detect=1.4ms, postprocess=0.0ms, fuse+track=0.0ms
2026-05-22 19:15:59,644 | INFO | [perf frame=56300] preprocess=0.0ms, perspective=0.0ms, detect=1.4ms, postprocess=0.0ms, fuse+track=0.0ms
2026-05-22 19:16:00,132 | INFO | [perf frame=56400] preprocess=0.0ms, perspective=0.0ms, detect=1.6ms, postprocess=0.0ms, fuse+track=0.0ms
2026-05-22 19:16:00,611 | INFO | [perf frame=56500] preprocess=0.0ms, perspective=0.0ms, detect=1.5ms, postprocess=0.0ms, fuse+track=0.0ms
2026-05-22 19:16:01,075 | INFO | [perf frame=56600] preprocess=0.0ms, perspective=0.0ms, detect=1.5ms, postprocess=0.0ms, fuse+track=0.0ms
2026-05-22 19:16:01,548 | INFO | [perf frame=56700] preprocess=0.0ms, perspective=0.0ms, detect=1.5ms, postprocess=0.0ms, fuse+track=0.0ms
2026-05-22 19:16:02,031 | INFO | [perf frame=56800] preprocess=0.0ms, perspective=0.0ms, detect=1.6ms, postprocess=0.0ms, fuse+track=0.0ms
2026-05-22 19:16:02,505 | INFO | [perf frame=56900] preprocess=0.0ms, perspective=0.0ms, detect=1.5ms, postprocess=0.0ms, fuse+track=0.0ms
2026-05-22 19:16:02,981 | INFO | [perf frame=57000] preprocess=0.0ms, perspective=0.0ms, detect=1.5ms, postprocess=0.0ms, fuse+track=0.0ms
2026-05-22 19:16:03,459 | INFO | [perf frame=57100] preprocess=0.0ms, perspective=0.0ms, detect=1.6ms, postprocess=0.0ms, fuse+track=0.0ms
2026-05-22 19:16:03,920 | INFO | [perf frame=57200] preprocess=0.0ms, perspective=0.0ms, detect=1.5ms, postprocess=0.0ms, fuse+track=0.0ms
2026-05-22 19:16:04,392 | INFO | [perf frame=57300] preprocess=0.0ms, perspective=0.0ms, detect=1.5ms, postprocess=0.0ms, fuse+track=0.0ms
2026-05-22 19:16:04,877 | INFO | [perf frame=57400] preprocess=0.0ms, perspective=0.0ms, detect=1.6ms, postprocess=0.0ms, fuse+track=0.0ms
2026-05-22 19:16:05,348 | INFO | [perf frame=57500] preprocess=0.0ms, perspective=0.0ms, detect=1.5ms, postprocess=0.0ms, fuse+track=0.0ms
2026-05-22 19:16:05,816 | INFO | [perf frame=57600] preprocess=0.0ms, perspective=0.0ms, detect=1.5ms, postprocess=0.0ms, fuse+track=0.0ms
2026-05-22 19:16:06,288 | INFO | [perf frame=57700] preprocess=0.0ms, perspective=0.0ms, detect=1.5ms, postprocess=0.0ms, fuse+track=0.0ms
2026-05-22 19:16:06,768 | INFO | [perf frame=57800] preprocess=0.0ms, perspective=0.0ms, detect=1.5ms, postprocess=0.0ms, fuse+track=0.0ms
2026-05-22 19:16:07,233 | INFO | [perf frame=57900] preprocess=0.0ms, perspective=0.0ms, detect=1.5ms, postprocess=0.0ms, fuse+track=0.0ms
2026-05-22 19:16:07,710 | INFO | [perf frame=58000] preprocess=0.0ms, perspective=0.0ms, detect=1.5ms, postprocess=0.0ms, fuse+track=0.0ms
2026-05-22 19:16:08,196 | INFO | [perf frame=58100] preprocess=0.0ms, perspective=0.0ms, detect=1.6ms, postprocess=0.0ms, fuse+track=0.0ms
2026-05-22 19:16:08,662 | INFO | [perf frame=58200] preprocess=0.0ms, perspective=0.0ms, detect=1.5ms, postprocess=0.0ms, fuse+track=0.0ms
2026-05-22 19:16:09,137 | INFO | [perf frame=58300] preprocess=0.0ms, perspective=0.0ms, detect=1.5ms, postprocess=0.0ms, fuse+track=0.0ms
2026-05-22 19:16:09,615 | INFO | [perf frame=58400] preprocess=0.0ms, perspective=0.0ms, detect=1.5ms, postprocess=0.0ms, fuse+track=0.0ms
2026-05-22 19:16:10,077 | INFO | [perf frame=58500] preprocess=0.0ms, perspective=0.0ms, detect=1.5ms, postprocess=0.0ms, fuse+track=0.0ms
2026-05-22 19:16:10,536 | INFO | [perf frame=58600] preprocess=0.0ms, perspective=0.0ms, detect=1.5ms, postprocess=0.0ms, fuse+track=0.0ms
2026-05-22 19:16:11,018 | INFO | [perf frame=58700] preprocess=0.0ms, perspective=0.0ms, detect=1.6ms, postprocess=0.0ms, fuse+track=0.0ms
2026-05-22 19:16:11,488 | INFO | [perf frame=58800] preprocess=0.0ms, perspective=0.0ms, detect=1.5ms, postprocess=0.0ms, fuse+track=0.0ms
2026-05-22 19:16:11,947 | INFO | [perf frame=58900] preprocess=0.0ms, perspective=0.0ms, detect=1.4ms, postprocess=0.0ms, fuse+track=0.0ms
2026-05-22 19:16:12,420 | INFO | [perf frame=59000] preprocess=0.0ms, perspective=0.0ms, detect=1.5ms, postprocess=0.0ms, fuse+track=0.0ms
2026-05-22 19:16:12,897 | INFO | [perf frame=59100] preprocess=0.0ms, perspective=0.0ms, detect=1.5ms, postprocess=0.0ms, fuse+track=0.0ms
2026-05-22 19:16:13,381 | INFO | [perf frame=59200] preprocess=0.0ms, perspective=0.0ms, detect=1.5ms, postprocess=0.0ms, fuse+track=0.0ms
2026-05-22 19:16:13,851 | INFO | [perf frame=59300] preprocess=0.0ms, perspective=0.0ms, detect=1.5ms, postprocess=0.0ms, fuse+track=0.0ms
2026-05-22 19:16:14,332 | INFO | [perf frame=59400] preprocess=0.0ms, perspective=0.0ms, detect=1.6ms, postprocess=0.0ms, fuse+track=0.0ms
2026-05-22 19:16:14,809 | INFO | [perf frame=59500] preprocess=0.0ms, perspective=0.0ms, detect=1.6ms, postprocess=0.0ms, fuse+track=0.0ms
2026-05-22 19:16:15,277 | INFO | [perf frame=59600] preprocess=0.0ms, perspective=0.0ms, detect=1.5ms, postprocess=0.0ms, fuse+track=0.0ms
2026-05-22 19:16:15,754 | INFO | [perf frame=59700] preprocess=0.0ms, perspective=0.0ms, detect=1.5ms, postprocess=0.0ms, fuse+track=0.0ms
2026-05-22 19:16:16,226 | INFO | [perf frame=59800] preprocess=0.0ms, perspective=0.0ms, detect=1.5ms, postprocess=0.0ms, fuse+track=0.0ms
2026-05-22 19:16:16,695 | INFO | [perf frame=59900] preprocess=0.0ms, perspective=0.0ms, detect=1.5ms, postprocess=0.0ms, fuse+track=0.0ms
2026-05-22 19:16:17,177 | INFO | [perf frame=60000] preprocess=0.0ms, perspective=0.0ms, detect=1.6ms, postprocess=0.0ms, fuse+track=0.0ms
2026-05-22 19:16:17,644 | INFO | [perf frame=60100] preprocess=0.0ms, perspective=0.0ms, detect=1.5ms, postprocess=0.0ms, fuse+track=0.0ms
2026-05-22 19:16:18,120 | INFO | [perf frame=60200] preprocess=0.0ms, perspective=0.0ms, detect=1.5ms, postprocess=0.0ms, fuse+track=0.0ms
2026-05-22 19:16:18,606 | INFO | [perf frame=60300] preprocess=0.0ms, perspective=0.0ms, detect=1.6ms, postprocess=0.0ms, fuse+track=0.0ms
2026-05-22 19:16:19,079 | INFO | [perf frame=60400] preprocess=0.0ms, perspective=0.0ms, detect=1.5ms, postprocess=0.0ms, fuse+track=0.0ms
2026-05-22 19:16:19,547 | INFO | [perf frame=60500] preprocess=0.0ms, perspective=0.0ms, detect=1.5ms, postprocess=0.0ms, fuse+track=0.0ms
2026-05-22 19:16:20,026 | INFO | [perf frame=60600] preprocess=0.0ms, perspective=0.0ms, detect=1.5ms, postprocess=0.0ms, fuse+track=0.0ms
2026-05-22 19:16:20,501 | INFO | [perf frame=60700] preprocess=0.0ms, perspective=0.0ms, detect=1.5ms, postprocess=0.0ms, fuse+track=0.0ms
2026-05-22 19:16:20,973 | INFO | [perf frame=60800] preprocess=0.0ms, perspective=0.0ms, detect=1.5ms, postprocess=0.0ms, fuse+track=0.0ms
2026-05-22 19:16:21,457 | INFO | [perf frame=60900] preprocess=0.0ms, perspective=0.0ms, detect=1.6ms, postprocess=0.0ms, fuse+track=0.0ms
2026-05-22 19:16:21,932 | INFO | [perf frame=61000] preprocess=0.0ms, perspective=0.0ms, detect=1.5ms, postprocess=0.0ms, fuse+track=0.0ms
2026-05-22 19:16:22,403 | INFO | [perf frame=61100] preprocess=0.0ms, perspective=0.0ms, detect=1.5ms, postprocess=0.0ms, fuse+track=0.0ms
2026-05-22 19:16:22,872 | INFO | [perf frame=61200] preprocess=0.0ms, perspective=0.0ms, detect=1.5ms, postprocess=0.0ms, fuse+track=0.0ms
2026-05-22 19:16:23,346 | INFO | [perf frame=61300] preprocess=0.0ms, perspective=0.0ms, detect=1.5ms, postprocess=0.0ms, fuse+track=0.0ms
2026-05-22 19:16:23,826 | INFO | [perf frame=61400] preprocess=0.0ms, perspective=0.0ms, detect=1.6ms, postprocess=0.0ms, fuse+track=0.0ms
2026-05-22 19:16:24,309 | INFO | [perf frame=61500] preprocess=0.0ms, perspective=0.0ms, detect=1.6ms, postprocess=0.0ms, fuse+track=0.0ms
2026-05-22 19:16:24,785 | INFO | [perf frame=61600] preprocess=0.0ms, perspective=0.0ms, detect=1.5ms, postprocess=0.0ms, fuse+track=0.0ms
2026-05-22 19:16:25,274 | INFO | [perf frame=61700] preprocess=0.0ms, perspective=0.0ms, detect=1.6ms, postprocess=0.0ms, fuse+track=0.0ms
2026-05-22 19:16:25,760 | INFO | [perf frame=61800] preprocess=0.0ms, perspective=0.0ms, detect=1.6ms, postprocess=0.0ms, fuse+track=0.0ms
2026-05-22 19:16:26,246 | INFO | [perf frame=61900] preprocess=0.0ms, perspective=0.0ms, detect=1.6ms, postprocess=0.0ms, fuse+track=0.0ms
2026-05-22 19:16:26,709 | INFO | [perf frame=62000] preprocess=0.0ms, perspective=0.0ms, detect=1.5ms, postprocess=0.0ms, fuse+track=0.0ms
2026-05-22 19:16:27,180 | INFO | [perf frame=62100] preprocess=0.0ms, perspective=0.0ms, detect=1.5ms, postprocess=0.0ms, fuse+track=0.0ms
2026-05-22 19:16:27,647 | INFO | [perf frame=62200] preprocess=0.0ms, perspective=0.0ms, detect=1.5ms, postprocess=0.0ms, fuse+track=0.0ms
2026-05-22 19:16:28,122 | INFO | [perf frame=62300] preprocess=0.0ms, perspective=0.0ms, detect=1.5ms, postprocess=0.0ms, fuse+track=0.0ms
2026-05-22 19:16:28,589 | INFO | [perf frame=62400] preprocess=0.0ms, perspective=0.0ms, detect=1.5ms, postprocess=0.0ms, fuse+track=0.0ms
2026-05-22 19:16:29,076 | INFO | [perf frame=62500] preprocess=0.0ms, perspective=0.0ms, detect=1.6ms, postprocess=0.0ms, fuse+track=0.0ms
2026-05-22 19:16:29,536 | INFO | [perf frame=62600] preprocess=0.0ms, perspective=0.0ms, detect=1.5ms, postprocess=0.0ms, fuse+track=0.0ms
2026-05-22 19:16:30,018 | INFO | [perf frame=62700] preprocess=0.0ms, perspective=0.0ms, detect=1.6ms, postprocess=0.0ms, fuse+track=0.0ms
2026-05-22 19:16:30,494 | INFO | [perf frame=62800] preprocess=0.0ms, perspective=0.0ms, detect=1.5ms, postprocess=0.0ms, fuse+track=0.0ms
2026-05-22 19:16:30,964 | INFO | [perf frame=62900] preprocess=0.0ms, perspective=0.0ms, detect=1.5ms, postprocess=0.0ms, fuse+track=0.0ms
2026-05-22 19:16:31,428 | INFO | [perf frame=63000] preprocess=0.0ms, perspective=0.0ms, detect=1.5ms, postprocess=0.0ms, fuse+track=0.0ms
2026-05-22 19:16:31,909 | INFO | [perf frame=63100] preprocess=0.0ms, perspective=0.0ms, detect=1.6ms, postprocess=0.0ms, fuse+track=0.0ms
2026-05-22 19:16:32,387 | INFO | [perf frame=63200] preprocess=0.0ms, perspective=0.0ms, detect=1.5ms, postprocess=0.0ms, fuse+track=0.0ms
2026-05-22 19:16:32,876 | INFO | [perf frame=63300] preprocess=0.0ms, perspective=0.0ms, detect=1.6ms, postprocess=0.0ms, fuse+track=0.0ms
2026-05-22 19:16:33,354 | INFO | [perf frame=63400] preprocess=0.0ms, perspective=0.0ms, detect=1.5ms, postprocess=0.0ms, fuse+track=0.0ms
2026-05-22 19:16:33,840 | INFO | [perf frame=63500] preprocess=0.0ms, perspective=0.0ms, detect=1.6ms, postprocess=0.0ms, fuse+track=0.0ms
2026-05-22 19:16:34,313 | INFO | [perf frame=63600] preprocess=0.0ms, perspective=0.0ms, detect=1.5ms, postprocess=0.0ms, fuse+track=0.0ms
2026-05-22 19:16:34,807 | INFO | [perf frame=63700] preprocess=0.0ms, perspective=0.0ms, detect=1.6ms, postprocess=0.0ms, fuse+track=0.0ms
2026-05-22 19:16:35,290 | INFO | [perf frame=63800] preprocess=0.0ms, perspective=0.0ms, detect=1.6ms, postprocess=0.0ms, fuse+track=0.0ms
2026-05-22 19:16:35,766 | INFO | [perf frame=63900] preprocess=0.0ms, perspective=0.0ms, detect=1.5ms, postprocess=0.0ms, fuse+track=0.0ms
2026-05-22 19:16:36,236 | INFO | [perf frame=64000] preprocess=0.0ms, perspective=0.0ms, detect=1.5ms, postprocess=0.0ms, fuse+track=0.0ms
2026-05-22 19:16:36,693 | INFO | [perf frame=64100] preprocess=0.0ms, perspective=0.0ms, detect=1.5ms, postprocess=0.0ms, fuse+track=0.0ms
2026-05-22 19:16:37,161 | INFO | [perf frame=64200] preprocess=0.0ms, perspective=0.0ms, detect=1.5ms, postprocess=0.0ms, fuse+track=0.0ms
2026-05-22 19:16:37,642 | INFO | [perf frame=64300] preprocess=0.0ms, perspective=0.0ms, detect=1.5ms, postprocess=0.0ms, fuse+track=0.0ms
2026-05-22 19:16:38,096 | INFO | [perf frame=64400] preprocess=0.0ms, perspective=0.0ms, detect=1.4ms, postprocess=0.0ms, fuse+track=0.0ms
2026-05-22 19:16:38,577 | INFO | [perf frame=64500] preprocess=0.0ms, perspective=0.0ms, detect=1.6ms, postprocess=0.0ms, fuse+track=0.0ms
2026-05-22 19:16:39,041 | INFO | [perf frame=64600] preprocess=0.0ms, perspective=0.0ms, detect=1.5ms, postprocess=0.0ms, fuse+track=0.0ms
2026-05-22 19:16:39,508 | INFO | [perf frame=64700] preprocess=0.0ms, perspective=0.0ms, detect=1.5ms, postprocess=0.0ms, fuse+track=0.0ms
2026-05-22 19:16:40,000 | INFO | [perf frame=64800] preprocess=0.0ms, perspective=0.0ms, detect=1.7ms, postprocess=0.0ms, fuse+track=0.0ms
2026-05-22 19:16:40,486 | INFO | [perf frame=64900] preprocess=0.0ms, perspective=0.0ms, detect=1.6ms, postprocess=0.0ms, fuse+track=0.0ms
2026-05-22 19:16:40,953 | INFO | [perf frame=65000] preprocess=0.0ms, perspective=0.0ms, detect=1.5ms, postprocess=0.0ms, fuse+track=0.0ms
2026-05-22 19:16:41,422 | INFO | [perf frame=65100] preprocess=0.0ms, perspective=0.0ms, detect=1.5ms, postprocess=0.0ms, fuse+track=0.0ms
2026-05-22 19:16:41,898 | INFO | [perf frame=65200] preprocess=0.0ms, perspective=0.0ms, detect=1.6ms, postprocess=0.0ms, fuse+track=0.0ms
2026-05-22 19:16:42,371 | INFO | [perf frame=65300] preprocess=0.0ms, perspective=0.0ms, detect=1.5ms, postprocess=0.0ms, fuse+track=0.0ms
2026-05-22 19:16:42,854 | INFO | [perf frame=65400] preprocess=0.0ms, perspective=0.0ms, detect=1.6ms, postprocess=0.0ms, fuse+track=0.0ms
2026-05-22 19:16:43,322 | INFO | [perf frame=65500] preprocess=0.0ms, perspective=0.0ms, detect=1.5ms, postprocess=0.0ms, fuse+track=0.0ms
2026-05-22 19:16:43,800 | INFO | [perf frame=65600] preprocess=0.0ms, perspective=0.0ms, detect=1.5ms, postprocess=0.0ms, fuse+track=0.0ms
2026-05-22 19:16:44,286 | INFO | [perf frame=65700] preprocess=0.0ms, perspective=0.0ms, detect=1.6ms, postprocess=0.0ms, fuse+track=0.0ms
2026-05-22 19:16:44,758 | INFO | [perf frame=65800] preprocess=0.0ms, perspective=0.0ms, detect=1.5ms, postprocess=0.0ms, fuse+track=0.0ms
2026-05-22 19:16:45,233 | INFO | [perf frame=65900] preprocess=0.0ms, perspective=0.0ms, detect=1.5ms, postprocess=0.0ms, fuse+track=0.0ms
2026-05-22 19:16:45,716 | INFO | [perf frame=66000] preprocess=0.0ms, perspective=0.0ms, detect=1.5ms, postprocess=0.0ms, fuse+track=0.0ms
2026-05-22 19:16:46,223 | INFO | [perf frame=66100] preprocess=0.0ms, perspective=0.0ms, detect=1.6ms, postprocess=0.0ms, fuse+track=0.0ms
2026-05-22 19:16:46,705 | INFO | [perf frame=66200] preprocess=0.0ms, perspective=0.0ms, detect=1.6ms, postprocess=0.0ms, fuse+track=0.0ms
2026-05-22 19:16:47,179 | INFO | [perf frame=66300] preprocess=0.0ms, perspective=0.0ms, detect=1.6ms, postprocess=0.0ms, fuse+track=0.0ms
2026-05-22 19:16:47,646 | INFO | [perf frame=66400] preprocess=0.0ms, perspective=0.0ms, detect=1.5ms, postprocess=0.0ms, fuse+track=0.0ms
2026-05-22 19:16:48,111 | INFO | [perf frame=66500] preprocess=0.0ms, perspective=0.0ms, detect=1.5ms, postprocess=0.0ms, fuse+track=0.0ms
2026-05-22 19:16:48,602 | INFO | [perf frame=66600] preprocess=0.0ms, perspective=0.0ms, detect=1.6ms, postprocess=0.0ms, fuse+track=0.0ms
2026-05-22 19:16:49,053 | INFO | [perf frame=66700] preprocess=0.0ms, perspective=0.0ms, detect=1.4ms, postprocess=0.0ms, fuse+track=0.0ms
2026-05-22 19:16:49,526 | INFO | [perf frame=66800] preprocess=0.0ms, perspective=0.0ms, detect=1.5ms, postprocess=0.0ms, fuse+track=0.0ms
2026-05-22 19:16:49,995 | INFO | [perf frame=66900] preprocess=0.0ms, perspective=0.0ms, detect=1.5ms, postprocess=0.0ms, fuse+track=0.0ms
2026-05-22 19:16:50,474 | INFO | [perf frame=67000] preprocess=0.0ms, perspective=0.0ms, detect=1.6ms, postprocess=0.0ms, fuse+track=0.0ms
2026-05-22 19:16:50,951 | INFO | [perf frame=67100] preprocess=0.0ms, perspective=0.0ms, detect=1.6ms, postprocess=0.0ms, fuse+track=0.0ms
2026-05-22 19:16:51,429 | INFO | [perf frame=67200] preprocess=0.0ms, perspective=0.0ms, detect=1.5ms, postprocess=0.0ms, fuse+track=0.0ms
2026-05-22 19:16:51,907 | INFO | [perf frame=67300] preprocess=0.0ms, perspective=0.0ms, detect=1.5ms, postprocess=0.0ms, fuse+track=0.0ms
2026-05-22 19:16:52,379 | INFO | [perf frame=67400] preprocess=0.0ms, perspective=0.0ms, detect=1.5ms, postprocess=0.0ms, fuse+track=0.0ms
2026-05-22 19:16:52,842 | INFO | [perf frame=67500] preprocess=0.0ms, perspective=0.0ms, detect=1.5ms, postprocess=0.0ms, fuse+track=0.0ms
2026-05-22 19:16:53,350 | INFO | [perf frame=67600] preprocess=0.0ms, perspective=0.0ms, detect=1.4ms, postprocess=0.0ms, fuse+track=0.0ms
2026-05-22 19:16:53,858 | INFO | [perf frame=67700] preprocess=0.0ms, perspective=0.0ms, detect=1.6ms, postprocess=0.0ms, fuse+track=0.0ms
2026-05-22 19:16:54,330 | INFO | [perf frame=67800] preprocess=0.0ms, perspective=0.0ms, detect=1.5ms, postprocess=0.0ms, fuse+track=0.0ms
2026-05-22 19:16:54,802 | INFO | [perf frame=67900] preprocess=0.0ms, perspective=0.0ms, detect=1.5ms, postprocess=0.0ms, fuse+track=0.0ms
2026-05-22 19:16:55,278 | INFO | [perf frame=68000] preprocess=0.0ms, perspective=0.0ms, detect=1.5ms, postprocess=0.0ms, fuse+track=0.0ms
2026-05-22 19:16:55,752 | INFO | [perf frame=68100] preprocess=0.0ms, perspective=0.0ms, detect=1.6ms, postprocess=0.0ms, fuse+track=0.0ms
2026-05-22 19:16:56,226 | INFO | [perf frame=68200] preprocess=0.0ms, perspective=0.0ms, detect=1.6ms, postprocess=0.0ms, fuse+track=0.0ms
2026-05-22 19:16:56,705 | INFO | [perf frame=68300] preprocess=0.0ms, perspective=0.0ms, detect=1.5ms, postprocess=0.0ms, fuse+track=0.0ms
2026-05-22 19:16:57,172 | INFO | [perf frame=68400] preprocess=0.0ms, perspective=0.0ms, detect=1.5ms, postprocess=0.0ms, fuse+track=0.0ms
2026-05-22 19:16:57,631 | INFO | [perf frame=68500] preprocess=0.0ms, perspective=0.0ms, detect=1.4ms, postprocess=0.0ms, fuse+track=0.0ms
2026-05-22 19:16:58,102 | INFO | [perf frame=68600] preprocess=0.0ms, perspective=0.0ms, detect=1.5ms, postprocess=0.0ms, fuse+track=0.0ms
2026-05-22 19:16:58,578 | INFO | [perf frame=68700] preprocess=0.0ms, perspective=0.0ms, detect=1.6ms, postprocess=0.0ms, fuse+track=0.0ms
2026-05-22 19:16:59,050 | INFO | [perf frame=68800] preprocess=0.0ms, perspective=0.0ms, detect=1.5ms, postprocess=0.0ms, fuse+track=0.0ms
2026-05-22 19:16:59,531 | INFO | [perf frame=68900] preprocess=0.0ms, perspective=0.0ms, detect=1.5ms, postprocess=0.0ms, fuse+track=0.0ms
2026-05-22 19:17:00,009 | INFO | [perf frame=69000] preprocess=0.0ms, perspective=0.0ms, detect=1.5ms, postprocess=0.0ms, fuse+track=0.0ms
2026-05-22 19:17:00,480 | INFO | [perf frame=69100] preprocess=0.0ms, perspective=0.0ms, detect=1.5ms, postprocess=0.0ms, fuse+track=0.0ms
2026-05-22 19:17:00,948 | INFO | [perf frame=69200] preprocess=0.0ms, perspective=0.0ms, detect=1.5ms, postprocess=0.0ms, fuse+track=0.0ms
2026-05-22 19:17:01,440 | INFO | [perf frame=69300] preprocess=0.0ms, perspective=0.0ms, detect=1.7ms, postprocess=0.0ms, fuse+track=0.0ms
2026-05-22 19:17:01,926 | INFO | [perf frame=69400] preprocess=0.0ms, perspective=0.0ms, detect=1.6ms, postprocess=0.0ms, fuse+track=0.0ms
2026-05-22 19:17:02,394 | INFO | [perf frame=69500] preprocess=0.0ms, perspective=0.0ms, detect=1.5ms, postprocess=0.0ms, fuse+track=0.0ms
2026-05-22 19:17:02,876 | INFO | [perf frame=69600] preprocess=0.0ms, perspective=0.0ms, detect=1.5ms, postprocess=0.0ms, fuse+track=0.0ms
2026-05-22 19:17:03,372 | INFO | [perf frame=69700] preprocess=0.0ms, perspective=0.0ms, detect=1.5ms, postprocess=0.0ms, fuse+track=0.0ms
2026-05-22 19:17:03,880 | INFO | [perf frame=69800] preprocess=0.0ms, perspective=0.0ms, detect=1.4ms, postprocess=0.0ms, fuse+track=0.0ms
2026-05-22 19:17:04,403 | INFO | [perf frame=69900] preprocess=0.0ms, perspective=0.0ms, detect=1.4ms, postprocess=0.0ms, fuse+track=0.1ms
2026-05-22 19:17:04,908 | INFO | [perf frame=70000] preprocess=0.0ms, perspective=0.0ms, detect=1.4ms, postprocess=0.0ms, fuse+track=0.0ms
2026-05-22 19:17:05,380 | INFO | [perf frame=70100] preprocess=0.0ms, perspective=0.0ms, detect=1.5ms, postprocess=0.0ms, fuse+track=0.0ms
2026-05-22 19:17:05,861 | INFO | [perf frame=70200] preprocess=0.0ms, perspective=0.0ms, detect=1.6ms, postprocess=0.0ms, fuse+track=0.0ms
2026-05-22 19:17:06,329 | INFO | [perf frame=70300] preprocess=0.0ms, perspective=0.0ms, detect=1.5ms, postprocess=0.0ms, fuse+track=0.0ms
2026-05-22 19:17:06,805 | INFO | [perf frame=70400] preprocess=0.0ms, perspective=0.0ms, detect=1.5ms, postprocess=0.0ms, fuse+track=0.0ms
2026-05-22 19:17:07,283 | INFO | [perf frame=70500] preprocess=0.0ms, perspective=0.0ms, detect=1.6ms, postprocess=0.0ms, fuse+track=0.0ms
2026-05-22 19:17:07,745 | INFO | [perf frame=70600] preprocess=0.0ms, perspective=0.0ms, detect=1.5ms, postprocess=0.0ms, fuse+track=0.0ms
2026-05-22 19:17:08,219 | INFO | [perf frame=70700] preprocess=0.0ms, perspective=0.0ms, detect=1.5ms, postprocess=0.0ms, fuse+track=0.0ms
2026-05-22 19:17:08,691 | INFO | [perf frame=70800] preprocess=0.0ms, perspective=0.0ms, detect=1.5ms, postprocess=0.0ms, fuse+track=0.0ms
2026-05-22 19:17:09,174 | INFO | [perf frame=70900] preprocess=0.0ms, perspective=0.0ms, detect=1.5ms, postprocess=0.0ms, fuse+track=0.0ms
2026-05-22 19:17:09,698 | INFO | [perf frame=71000] preprocess=0.0ms, perspective=0.0ms, detect=1.4ms, postprocess=0.0ms, fuse+track=0.1ms
2026-05-22 19:17:10,210 | INFO | [perf frame=71100] preprocess=0.0ms, perspective=0.0ms, detect=1.4ms, postprocess=0.0ms, fuse+track=0.1ms
2026-05-22 19:17:10,742 | INFO | [perf frame=71200] preprocess=0.0ms, perspective=0.0ms, detect=1.5ms, postprocess=0.0ms, fuse+track=0.1ms
2026-05-22 19:17:11,275 | INFO | [perf frame=71300] preprocess=0.0ms, perspective=0.0ms, detect=1.5ms, postprocess=0.0ms, fuse+track=0.1ms
2026-05-22 19:17:11,786 | INFO | [perf frame=71400] preprocess=0.0ms, perspective=0.0ms, detect=1.4ms, postprocess=0.0ms, fuse+track=0.0ms
2026-05-22 19:17:12,259 | INFO | [perf frame=71500] preprocess=0.0ms, perspective=0.0ms, detect=1.6ms, postprocess=0.0ms, fuse+track=0.0ms
2026-05-22 19:17:12,735 | INFO | [perf frame=71600] preprocess=0.0ms, perspective=0.0ms, detect=1.6ms, postprocess=0.0ms, fuse+track=0.0ms
2026-05-22 19:17:13,213 | INFO | [perf frame=71700] preprocess=0.0ms, perspective=0.0ms, detect=1.6ms, postprocess=0.0ms, fuse+track=0.0ms
2026-05-22 19:17:13,688 | INFO | [perf frame=71800] preprocess=0.0ms, perspective=0.0ms, detect=1.5ms, postprocess=0.0ms, fuse+track=0.0ms
2026-05-22 19:17:14,169 | INFO | [perf frame=71900] preprocess=0.0ms, perspective=0.0ms, detect=1.6ms, postprocess=0.0ms, fuse+track=0.0ms
2026-05-22 19:17:14,651 | INFO | [perf frame=72000] preprocess=0.0ms, perspective=0.0ms, detect=1.6ms, postprocess=0.0ms, fuse+track=0.0ms
2026-05-22 19:17:15,149 | INFO | [perf frame=72100] preprocess=0.0ms, perspective=0.0ms, detect=1.5ms, postprocess=0.0ms, fuse+track=0.0ms
2026-05-22 19:17:15,631 | INFO | [perf frame=72200] preprocess=0.0ms, perspective=0.0ms, detect=1.6ms, postprocess=0.0ms, fuse+track=0.0ms
2026-05-22 19:17:16,114 | INFO | [perf frame=72300] preprocess=0.0ms, perspective=0.0ms, detect=1.5ms, postprocess=0.0ms, fuse+track=0.0ms
2026-05-22 19:17:16,594 | INFO | [perf frame=72400] preprocess=0.0ms, perspective=0.0ms, detect=1.6ms, postprocess=0.0ms, fuse+track=0.0ms
2026-05-22 19:17:17,072 | INFO | [perf frame=72500] preprocess=0.0ms, perspective=0.0ms, detect=1.5ms, postprocess=0.0ms, fuse+track=0.0ms
2026-05-22 19:17:17,539 | INFO | [perf frame=72600] preprocess=0.0ms, perspective=0.0ms, detect=1.5ms, postprocess=0.0ms, fuse+track=0.0ms
2026-05-22 19:17:18,053 | INFO | [perf frame=72700] preprocess=0.0ms, perspective=0.0ms, detect=1.5ms, postprocess=0.0ms, fuse+track=0.0ms
2026-05-22 19:17:18,585 | INFO | [perf frame=72800] preprocess=0.0ms, perspective=0.0ms, detect=1.5ms, postprocess=0.0ms, fuse+track=0.1ms
2026-05-22 19:17:19,118 | INFO | [perf frame=72900] preprocess=0.0ms, perspective=0.0ms, detect=1.5ms, postprocess=0.0ms, fuse+track=0.1ms
2026-05-22 19:17:19,658 | INFO | [perf frame=73000] preprocess=0.0ms, perspective=0.0ms, detect=1.5ms, postprocess=0.0ms, fuse+track=0.1ms
2026-05-22 19:17:20,184 | INFO | [perf frame=73100] preprocess=0.0ms, perspective=0.0ms, detect=1.5ms, postprocess=0.0ms, fuse+track=0.1ms
2026-05-22 19:17:20,699 | INFO | [perf frame=73200] preprocess=0.0ms, perspective=0.0ms, detect=1.5ms, postprocess=0.0ms, fuse+track=0.0ms
2026-05-22 19:17:21,170 | INFO | [perf frame=73300] preprocess=0.0ms, perspective=0.0ms, detect=1.5ms, postprocess=0.0ms, fuse+track=0.0ms
2026-05-22 19:17:21,648 | INFO | [perf frame=73400] preprocess=0.0ms, perspective=0.0ms, detect=1.5ms, postprocess=0.0ms, fuse+track=0.0ms
2026-05-22 19:17:22,136 | INFO | [perf frame=73500] preprocess=0.0ms, perspective=0.0ms, detect=1.6ms, postprocess=0.0ms, fuse+track=0.0ms
2026-05-22 19:17:22,608 | INFO | [perf frame=73600] preprocess=0.0ms, perspective=0.0ms, detect=1.5ms, postprocess=0.0ms, fuse+track=0.0ms
2026-05-22 19:17:23,094 | INFO | [perf frame=73700] preprocess=0.0ms, perspective=0.0ms, detect=1.5ms, postprocess=0.0ms, fuse+track=0.0ms
2026-05-22 19:17:23,535 | INFO | [perf frame=73800] preprocess=0.0ms, perspective=0.0ms, detect=1.3ms, postprocess=0.0ms, fuse+track=0.0ms
2026-05-22 19:17:24,026 | INFO | [perf frame=73900] preprocess=0.0ms, perspective=0.0ms, detect=1.6ms, postprocess=0.0ms, fuse+track=0.0ms
2026-05-22 19:17:24,525 | INFO | [perf frame=74000] preprocess=0.0ms, perspective=0.0ms, detect=1.5ms, postprocess=0.0ms, fuse+track=0.0ms
2026-05-22 19:17:25,041 | INFO | [perf frame=74100] preprocess=0.0ms, perspective=0.0ms, detect=1.4ms, postprocess=0.0ms, fuse+track=0.0ms
2026-05-22 19:17:25,572 | INFO | [perf frame=74200] preprocess=0.0ms, perspective=0.0ms, detect=1.5ms, postprocess=0.0ms, fuse+track=0.1ms
2026-05-22 19:17:26,103 | INFO | [perf frame=74300] preprocess=0.0ms, perspective=0.0ms, detect=1.4ms, postprocess=0.0ms, fuse+track=0.1ms
2026-05-22 19:17:26,640 | INFO | [perf frame=74400] preprocess=0.0ms, perspective=0.0ms, detect=1.5ms, postprocess=0.0ms, fuse+track=0.1ms
2026-05-22 19:17:27,141 | INFO | [perf frame=74500] preprocess=0.0ms, perspective=0.0ms, detect=1.5ms, postprocess=0.0ms, fuse+track=0.0ms
2026-05-22 19:17:27,607 | INFO | [perf frame=74600] preprocess=0.0ms, perspective=0.0ms, detect=1.5ms, postprocess=0.0ms, fuse+track=0.0ms
2026-05-22 19:17:28,070 | INFO | [perf frame=74700] preprocess=0.0ms, perspective=0.0ms, detect=1.4ms, postprocess=0.0ms, fuse+track=0.0ms
2026-05-22 19:17:28,568 | INFO | [perf frame=74800] preprocess=0.0ms, perspective=0.0ms, detect=1.6ms, postprocess=0.0ms, fuse+track=0.0ms
2026-05-22 19:17:29,079 | INFO | [perf frame=74900] preprocess=0.0ms, perspective=0.0ms, detect=1.4ms, postprocess=0.0ms, fuse+track=0.1ms
2026-05-22 19:17:29,618 | INFO | [perf frame=75000] preprocess=0.0ms, perspective=0.0ms, detect=1.5ms, postprocess=0.0ms, fuse+track=0.1ms
2026-05-22 19:17:30,153 | INFO | [perf frame=75100] preprocess=0.0ms, perspective=0.0ms, detect=1.5ms, postprocess=0.0ms, fuse+track=0.1ms
2026-05-22 19:17:30,670 | INFO | [perf frame=75200] preprocess=0.0ms, perspective=0.0ms, detect=1.4ms, postprocess=0.0ms, fuse+track=0.1ms
2026-05-22 19:17:31,204 | INFO | [perf frame=75300] preprocess=0.0ms, perspective=0.0ms, detect=1.5ms, postprocess=0.0ms, fuse+track=0.1ms
2026-05-22 19:17:31,691 | INFO | [perf frame=75400] preprocess=0.0ms, perspective=0.0ms, detect=1.6ms, postprocess=0.0ms, fuse+track=0.0ms
2026-05-22 19:17:32,174 | INFO | [perf frame=75500] preprocess=0.0ms, perspective=0.0ms, detect=1.4ms, postprocess=0.0ms, fuse+track=0.0ms
2026-05-22 19:17:32,690 | INFO | [perf frame=75600] preprocess=0.0ms, perspective=0.0ms, detect=1.4ms, postprocess=0.0ms, fuse+track=0.1ms
2026-05-22 19:17:33,187 | INFO | [perf frame=75700] preprocess=0.0ms, perspective=0.0ms, detect=1.6ms, postprocess=0.0ms, fuse+track=0.0ms
2026-05-22 19:17:33,663 | INFO | [perf frame=75800] preprocess=0.0ms, perspective=0.0ms, detect=1.6ms, postprocess=0.0ms, fuse+track=0.0ms
2026-05-22 19:17:34,142 | INFO | [perf frame=75900] preprocess=0.0ms, perspective=0.0ms, detect=1.6ms, postprocess=0.0ms, fuse+track=0.0ms
2026-05-22 19:17:34,639 | INFO | [perf frame=76000] preprocess=0.0ms, perspective=0.0ms, detect=1.5ms, postprocess=0.0ms, fuse+track=0.0ms
2026-05-22 19:17:35,142 | INFO | [perf frame=76100] preprocess=0.0ms, perspective=0.0ms, detect=1.5ms, postprocess=0.0ms, fuse+track=0.0ms
2026-05-22 19:17:35,626 | INFO | [perf frame=76200] preprocess=0.0ms, perspective=0.0ms, detect=1.6ms, postprocess=0.0ms, fuse+track=0.0ms
2026-05-22 19:17:36,102 | INFO | [perf frame=76300] preprocess=0.0ms, perspective=0.0ms, detect=1.6ms, postprocess=0.0ms, fuse+track=0.0ms
2026-05-22 19:17:36,566 | INFO | [perf frame=76400] preprocess=0.0ms, perspective=0.0ms, detect=1.5ms, postprocess=0.0ms, fuse+track=0.0ms
2026-05-22 19:17:37,040 | INFO | [perf frame=76500] preprocess=0.0ms, perspective=0.0ms, detect=1.6ms, postprocess=0.0ms, fuse+track=0.0ms
2026-05-22 19:17:37,537 | INFO | [perf frame=76600] preprocess=0.0ms, perspective=0.0ms, detect=1.5ms, postprocess=0.0ms, fuse+track=0.0ms
2026-05-22 19:17:38,049 | INFO | [perf frame=76700] preprocess=0.0ms, perspective=0.0ms, detect=1.4ms, postprocess=0.0ms, fuse+track=0.0ms
2026-05-22 19:17:38,574 | INFO | [perf frame=76800] preprocess=0.0ms, perspective=0.0ms, detect=1.4ms, postprocess=0.0ms, fuse+track=0.1ms
2026-05-22 19:17:39,102 | INFO | [perf frame=76900] preprocess=0.0ms, perspective=0.0ms, detect=1.5ms, postprocess=0.0ms, fuse+track=0.1ms
2026-05-22 19:17:39,637 | INFO | [perf frame=77000] preprocess=0.0ms, perspective=0.0ms, detect=1.5ms, postprocess=0.0ms, fuse+track=0.1ms
2026-05-22 19:17:40,157 | INFO | [perf frame=77100] preprocess=0.0ms, perspective=0.0ms, detect=1.4ms, postprocess=0.0ms, fuse+track=0.1ms
2026-05-22 19:17:40,659 | INFO | [perf frame=77200] preprocess=0.0ms, perspective=0.0ms, detect=1.5ms, postprocess=0.0ms, fuse+track=0.0ms
2026-05-22 19:17:41,140 | INFO | [perf frame=77300] preprocess=0.0ms, perspective=0.0ms, detect=1.5ms, postprocess=0.0ms, fuse+track=0.0ms
2026-05-22 19:17:41,625 | INFO | [perf frame=77400] preprocess=0.0ms, perspective=0.0ms, detect=1.6ms, postprocess=0.0ms, fuse+track=0.0ms
2026-05-22 19:17:42,158 | INFO | [perf frame=77500] preprocess=0.0ms, perspective=0.0ms, detect=1.4ms, postprocess=0.0ms, fuse+track=0.1ms
2026-05-22 19:17:42,692 | INFO | [perf frame=77600] preprocess=0.0ms, perspective=0.0ms, detect=1.5ms, postprocess=0.0ms, fuse+track=0.1ms
2026-05-22 19:17:43,234 | INFO | [perf frame=77700] preprocess=0.0ms, perspective=0.0ms, detect=1.5ms, postprocess=0.0ms, fuse+track=0.1ms
2026-05-22 19:17:43,781 | INFO | [perf frame=77800] preprocess=0.0ms, perspective=0.0ms, detect=1.5ms, postprocess=0.0ms, fuse+track=0.1ms
2026-05-22 19:17:44,303 | INFO | [perf frame=77900] preprocess=0.0ms, perspective=0.0ms, detect=1.4ms, postprocess=0.0ms, fuse+track=0.1ms
2026-05-22 19:17:44,835 | INFO | [perf frame=78000] preprocess=0.0ms, perspective=0.0ms, detect=1.5ms, postprocess=0.0ms, fuse+track=0.1ms
2026-05-22 19:17:45,360 | INFO | [perf frame=78100] preprocess=0.0ms, perspective=0.0ms, detect=1.4ms, postprocess=0.0ms, fuse+track=0.1ms
2026-05-22 19:17:45,884 | INFO | [perf frame=78200] preprocess=0.0ms, perspective=0.0ms, detect=1.4ms, postprocess=0.0ms, fuse+track=0.1ms
2026-05-22 19:17:46,422 | INFO | [perf frame=78300] preprocess=0.0ms, perspective=0.0ms, detect=1.5ms, postprocess=0.0ms, fuse+track=0.1ms
2026-05-22 19:17:46,902 | INFO | [perf frame=78400] preprocess=0.0ms, perspective=0.0ms, detect=1.5ms, postprocess=0.0ms, fuse+track=0.0ms
2026-05-22 19:17:47,378 | INFO | [perf frame=78500] preprocess=0.0ms, perspective=0.0ms, detect=1.6ms, postprocess=0.0ms, fuse+track=0.0ms
2026-05-22 19:17:47,846 | INFO | [perf frame=78600] preprocess=0.0ms, perspective=0.0ms, detect=1.5ms, postprocess=0.0ms, fuse+track=0.0ms
2026-05-22 19:17:48,336 | INFO | [perf frame=78700] preprocess=0.0ms, perspective=0.0ms, detect=1.6ms, postprocess=0.0ms, fuse+track=0.0ms
2026-05-22 19:17:48,821 | INFO | [perf frame=78800] preprocess=0.0ms, perspective=0.0ms, detect=1.4ms, postprocess=0.0ms, fuse+track=0.0ms
2026-05-22 19:17:49,339 | INFO | [perf frame=78900] preprocess=0.0ms, perspective=0.0ms, detect=1.4ms, postprocess=0.0ms, fuse+track=0.1ms
2026-05-22 19:17:49,869 | INFO | [perf frame=79000] preprocess=0.0ms, perspective=0.0ms, detect=1.5ms, postprocess=0.0ms, fuse+track=0.1ms
2026-05-22 19:17:50,397 | INFO | [perf frame=79100] preprocess=0.0ms, perspective=0.0ms, detect=1.4ms, postprocess=0.0ms, fuse+track=0.1ms
2026-05-22 19:17:50,966 | INFO | [perf frame=79200] preprocess=0.0ms, perspective=0.0ms, detect=1.5ms, postprocess=0.0ms, fuse+track=0.1ms
2026-05-22 19:17:51,489 | INFO | [perf frame=79300] preprocess=0.0ms, perspective=0.0ms, detect=1.5ms, postprocess=0.0ms, fuse+track=0.0ms
2026-05-22 19:17:51,953 | INFO | [perf frame=79400] preprocess=0.0ms, perspective=0.0ms, detect=1.5ms, postprocess=0.0ms, fuse+track=0.0ms
2026-05-22 19:17:52,437 | INFO | [perf frame=79500] preprocess=0.0ms, perspective=0.0ms, detect=1.6ms, postprocess=0.0ms, fuse+track=0.0ms
2026-05-22 19:17:52,913 | INFO | [perf frame=79600] preprocess=0.0ms, perspective=0.0ms, detect=1.5ms, postprocess=0.0ms, fuse+track=0.0ms
2026-05-22 19:17:53,393 | INFO | [perf frame=79700] preprocess=0.0ms, perspective=0.0ms, detect=1.6ms, postprocess=0.0ms, fuse+track=0.0ms
2026-05-22 19:17:53,870 | INFO | [perf frame=79800] preprocess=0.0ms, perspective=0.0ms, detect=1.5ms, postprocess=0.0ms, fuse+track=0.0ms
2026-05-22 19:17:54,345 | INFO | [perf frame=79900] preprocess=0.0ms, perspective=0.0ms, detect=1.5ms, postprocess=0.0ms, fuse+track=0.0ms
2026-05-22 19:17:54,814 | INFO | [perf frame=80000] preprocess=0.0ms, perspective=0.0ms, detect=1.5ms, postprocess=0.0ms, fuse+track=0.0ms
2026-05-22 19:17:55,298 | INFO | [perf frame=80100] preprocess=0.0ms, perspective=0.0ms, detect=1.6ms, postprocess=0.0ms, fuse+track=0.0ms
2026-05-22 19:17:55,771 | INFO | [perf frame=80200] preprocess=0.0ms, perspective=0.0ms, detect=1.5ms, postprocess=0.0ms, fuse+track=0.0ms
2026-05-22 19:17:56,249 | INFO | [perf frame=80300] preprocess=0.0ms, perspective=0.0ms, detect=1.6ms, postprocess=0.0ms, fuse+track=0.0ms
2026-05-22 19:17:56,737 | INFO | [perf frame=80400] preprocess=0.0ms, perspective=0.0ms, detect=1.6ms, postprocess=0.0ms, fuse+track=0.0ms
2026-05-22 19:17:57,214 | INFO | [perf frame=80500] preprocess=0.0ms, perspective=0.0ms, detect=1.5ms, postprocess=0.0ms, fuse+track=0.0ms
2026-05-22 19:17:57,679 | INFO | [perf frame=80600] preprocess=0.0ms, perspective=0.0ms, detect=1.5ms, postprocess=0.0ms, fuse+track=0.0ms
2026-05-22 19:17:58,162 | INFO | [perf frame=80700] preprocess=0.0ms, perspective=0.0ms, detect=1.6ms, postprocess=0.0ms, fuse+track=0.0ms
2026-05-22 19:17:58,639 | INFO | [perf frame=80800] preprocess=0.0ms, perspective=0.0ms, detect=1.6ms, postprocess=0.0ms, fuse+track=0.0ms
2026-05-22 19:17:59,122 | INFO | [perf frame=80900] preprocess=0.0ms, perspective=0.0ms, detect=1.6ms, postprocess=0.0ms, fuse+track=0.0ms
2026-05-22 19:17:59,593 | INFO | [perf frame=81000] preprocess=0.0ms, perspective=0.0ms, detect=1.5ms, postprocess=0.0ms, fuse+track=0.0ms
2026-05-22 19:18:00,073 | INFO | [perf frame=81100] preprocess=0.0ms, perspective=0.0ms, detect=1.5ms, postprocess=0.0ms, fuse+track=0.0ms
2026-05-22 19:18:00,549 | INFO | [perf frame=81200] preprocess=0.0ms, perspective=0.0ms, detect=1.5ms, postprocess=0.0ms, fuse+track=0.0ms
2026-05-22 19:18:01,020 | INFO | [perf frame=81300] preprocess=0.0ms, perspective=0.0ms, detect=1.5ms, postprocess=0.0ms, fuse+track=0.0ms
2026-05-22 19:18:01,495 | INFO | [perf frame=81400] preprocess=0.0ms, perspective=0.0ms, detect=1.5ms, postprocess=0.0ms, fuse+track=0.0ms
2026-05-22 19:18:01,971 | INFO | [perf frame=81500] preprocess=0.0ms, perspective=0.0ms, detect=1.5ms, postprocess=0.0ms, fuse+track=0.0ms
2026-05-22 19:18:02,455 | INFO | [perf frame=81600] preprocess=0.0ms, perspective=0.0ms, detect=1.6ms, postprocess=0.0ms, fuse+track=0.0ms
2026-05-22 19:18:02,925 | INFO | [perf frame=81700] preprocess=0.0ms, perspective=0.0ms, detect=1.5ms, postprocess=0.0ms, fuse+track=0.0ms
2026-05-22 19:18:03,402 | INFO | [perf frame=81800] preprocess=0.0ms, perspective=0.0ms, detect=1.5ms, postprocess=0.0ms, fuse+track=0.0ms
2026-05-22 19:18:03,886 | INFO | [perf frame=81900] preprocess=0.0ms, perspective=0.0ms, detect=1.6ms, postprocess=0.0ms, fuse+track=0.0ms
2026-05-22 19:18:04,363 | INFO | [perf frame=82000] preprocess=0.0ms, perspective=0.0ms, detect=1.5ms, postprocess=0.0ms, fuse+track=0.0ms
2026-05-22 19:18:04,840 | INFO | [perf frame=82100] preprocess=0.0ms, perspective=0.0ms, detect=1.5ms, postprocess=0.0ms, fuse+track=0.0ms
2026-05-22 19:18:05,305 | INFO | [perf frame=82200] preprocess=0.0ms, perspective=0.0ms, detect=1.5ms, postprocess=0.0ms, fuse+track=0.0ms
2026-05-22 19:18:05,769 | INFO | [perf frame=82300] preprocess=0.0ms, perspective=0.0ms, detect=1.5ms, postprocess=0.0ms, fuse+track=0.0ms
2026-05-22 19:18:06,252 | INFO | [perf frame=82400] preprocess=0.0ms, perspective=0.0ms, detect=1.6ms, postprocess=0.0ms, fuse+track=0.0ms
2026-05-22 19:18:06,725 | INFO | [perf frame=82500] preprocess=0.0ms, perspective=0.0ms, detect=1.5ms, postprocess=0.0ms, fuse+track=0.0ms
2026-05-22 19:18:07,214 | INFO | [perf frame=82600] preprocess=0.0ms, perspective=0.0ms, detect=1.6ms, postprocess=0.0ms, fuse+track=0.0ms
2026-05-22 19:18:07,701 | INFO | [perf frame=82700] preprocess=0.0ms, perspective=0.0ms, detect=1.6ms, postprocess=0.0ms, fuse+track=0.0ms
2026-05-22 19:18:08,155 | INFO | [perf frame=82800] preprocess=0.0ms, perspective=0.0ms, detect=1.4ms, postprocess=0.0ms, fuse+track=0.0ms
2026-05-22 19:18:08,614 | INFO | [perf frame=82900] preprocess=0.0ms, perspective=0.0ms, detect=1.5ms, postprocess=0.0ms, fuse+track=0.0ms
2026-05-22 19:18:09,079 | INFO | [perf frame=83000] preprocess=0.0ms, perspective=0.0ms, detect=1.5ms, postprocess=0.0ms, fuse+track=0.0ms
2026-05-22 19:18:09,550 | INFO | [perf frame=83100] preprocess=0.0ms, perspective=0.0ms, detect=1.5ms, postprocess=0.0ms, fuse+track=0.0ms
2026-05-22 19:18:10,014 | INFO | [perf frame=83200] preprocess=0.0ms, perspective=0.0ms, detect=1.5ms, postprocess=0.0ms, fuse+track=0.0ms
2026-05-22 19:18:10,470 | INFO | [perf frame=83300] preprocess=0.0ms, perspective=0.0ms, detect=1.4ms, postprocess=0.0ms, fuse+track=0.0ms
2026-05-22 19:18:10,934 | INFO | [perf frame=83400] preprocess=0.0ms, perspective=0.0ms, detect=1.5ms, postprocess=0.0ms, fuse+track=0.0ms
2026-05-22 19:18:11,395 | INFO | [perf frame=83500] preprocess=0.0ms, perspective=0.0ms, detect=1.5ms, postprocess=0.0ms, fuse+track=0.0ms
2026-05-22 19:18:11,874 | INFO | [perf frame=83600] preprocess=0.0ms, perspective=0.0ms, detect=1.6ms, postprocess=0.0ms, fuse+track=0.0ms
2026-05-22 19:18:12,346 | INFO | [perf frame=83700] preprocess=0.0ms, perspective=0.0ms, detect=1.5ms, postprocess=0.0ms, fuse+track=0.0ms
2026-05-22 19:18:12,811 | INFO | [perf frame=83800] preprocess=0.0ms, perspective=0.0ms, detect=1.5ms, postprocess=0.0ms, fuse+track=0.0ms
2026-05-22 19:18:13,283 | INFO | [perf frame=83900] preprocess=0.0ms, perspective=0.0ms, detect=1.5ms, postprocess=0.0ms, fuse+track=0.0ms
2026-05-22 19:18:13,748 | INFO | [perf frame=84000] preprocess=0.0ms, perspective=0.0ms, detect=1.4ms, postprocess=0.0ms, fuse+track=0.0ms
2026-05-22 19:18:14,209 | INFO | [perf frame=84100] preprocess=0.0ms, perspective=0.0ms, detect=1.5ms, postprocess=0.0ms, fuse+track=0.0ms
2026-05-22 19:18:14,670 | INFO | [perf frame=84200] preprocess=0.0ms, perspective=0.0ms, detect=1.5ms, postprocess=0.0ms, fuse+track=0.0ms
2026-05-22 19:18:15,144 | INFO | [perf frame=84300] preprocess=0.0ms, perspective=0.0ms, detect=1.5ms, postprocess=0.0ms, fuse+track=0.0ms
2026-05-22 19:18:15,608 | INFO | [perf frame=84400] preprocess=0.0ms, perspective=0.0ms, detect=1.5ms, postprocess=0.0ms, fuse+track=0.0ms
2026-05-22 19:18:16,098 | INFO | [perf frame=84500] preprocess=0.0ms, perspective=0.0ms, detect=1.6ms, postprocess=0.0ms, fuse+track=0.0ms
2026-05-22 19:18:16,565 | INFO | [perf frame=84600] preprocess=0.0ms, perspective=0.0ms, detect=1.5ms, postprocess=0.0ms, fuse+track=0.0ms
2026-05-22 19:18:17,036 | INFO | [perf frame=84700] preprocess=0.0ms, perspective=0.0ms, detect=1.5ms, postprocess=0.0ms, fuse+track=0.0ms
2026-05-22 19:18:17,508 | INFO | [perf frame=84800] preprocess=0.0ms, perspective=0.0ms, detect=1.5ms, postprocess=0.0ms, fuse+track=0.0ms
2026-05-22 19:18:17,975 | INFO | [perf frame=84900] preprocess=0.0ms, perspective=0.0ms, detect=1.5ms, postprocess=0.0ms, fuse+track=0.0ms
2026-05-22 19:18:18,432 | INFO | [perf frame=85000] preprocess=0.0ms, perspective=0.0ms, detect=1.4ms, postprocess=0.0ms, fuse+track=0.0ms
2026-05-22 19:18:18,909 | INFO | [perf frame=85100] preprocess=0.0ms, perspective=0.0ms, detect=1.5ms, postprocess=0.0ms, fuse+track=0.0ms
2026-05-22 19:18:19,384 | INFO | [perf frame=85200] preprocess=0.0ms, perspective=0.0ms, detect=1.5ms, postprocess=0.0ms, fuse+track=0.0ms
2026-05-22 19:18:19,852 | INFO | [perf frame=85300] preprocess=0.0ms, perspective=0.0ms, detect=1.5ms, postprocess=0.0ms, fuse+track=0.0ms
2026-05-22 19:18:20,315 | INFO | [perf frame=85400] preprocess=0.0ms, perspective=0.0ms, detect=1.4ms, postprocess=0.0ms, fuse+track=0.0ms
2026-05-22 19:18:20,783 | INFO | [perf frame=85500] preprocess=0.0ms, perspective=0.0ms, detect=1.5ms, postprocess=0.0ms, fuse+track=0.0ms
2026-05-22 19:18:21,242 | INFO | [perf frame=85600] preprocess=0.0ms, perspective=0.0ms, detect=1.4ms, postprocess=0.0ms, fuse+track=0.0ms
2026-05-22 19:18:21,693 | INFO | [perf frame=85700] preprocess=0.0ms, perspective=0.0ms, detect=1.4ms, postprocess=0.0ms, fuse+track=0.0ms
2026-05-22 19:18:22,164 | INFO | [perf frame=85800] preprocess=0.0ms, perspective=0.0ms, detect=1.5ms, postprocess=0.0ms, fuse+track=0.0ms
2026-05-22 19:18:22,628 | INFO | [perf frame=85900] preprocess=0.0ms, perspective=0.0ms, detect=1.4ms, postprocess=0.0ms, fuse+track=0.0ms
2026-05-22 19:18:23,100 | INFO | [perf frame=86000] preprocess=0.0ms, perspective=0.0ms, detect=1.5ms, postprocess=0.0ms, fuse+track=0.0ms
2026-05-22 19:18:23,576 | INFO | [perf frame=86100] preprocess=0.0ms, perspective=0.0ms, detect=1.5ms, postprocess=0.0ms, fuse+track=0.0ms
2026-05-22 19:18:24,047 | INFO | [perf frame=86200] preprocess=0.0ms, perspective=0.0ms, detect=1.5ms, postprocess=0.0ms, fuse+track=0.0ms
2026-05-22 19:18:24,525 | INFO | [perf frame=86300] preprocess=0.0ms, perspective=0.0ms, detect=1.5ms, postprocess=0.0ms, fuse+track=0.0ms
2026-05-22 19:18:24,985 | INFO | [perf frame=86400] preprocess=0.0ms, perspective=0.0ms, detect=1.4ms, postprocess=0.0ms, fuse+track=0.0ms
2026-05-22 19:18:25,467 | INFO | [perf frame=86500] preprocess=0.0ms, perspective=0.0ms, detect=1.5ms, postprocess=0.0ms, fuse+track=0.0ms
2026-05-22 19:18:25,941 | INFO | [perf frame=86600] preprocess=0.0ms, perspective=0.0ms, detect=1.6ms, postprocess=0.0ms, fuse+track=0.0ms
2026-05-22 19:18:26,408 | INFO | [perf frame=86700] preprocess=0.0ms, perspective=0.0ms, detect=1.5ms, postprocess=0.0ms, fuse+track=0.0ms
2026-05-22 19:18:26,884 | INFO | [perf frame=86800] preprocess=0.0ms, perspective=0.0ms, detect=1.5ms, postprocess=0.0ms, fuse+track=0.0ms
2026-05-22 19:18:27,359 | INFO | [perf frame=86900] preprocess=0.0ms, perspective=0.0ms, detect=1.5ms, postprocess=0.0ms, fuse+track=0.0ms
2026-05-22 19:18:27,834 | INFO | [perf frame=87000] preprocess=0.0ms, perspective=0.0ms, detect=1.5ms, postprocess=0.0ms, fuse+track=0.0ms
2026-05-22 19:18:28,304 | INFO | [perf frame=87100] preprocess=0.0ms, perspective=0.0ms, detect=1.5ms, postprocess=0.0ms, fuse+track=0.0ms
2026-05-22 19:18:28,764 | INFO | [perf frame=87200] preprocess=0.0ms, perspective=0.0ms, detect=1.4ms, postprocess=0.0ms, fuse+track=0.0ms
2026-05-22 19:18:29,229 | INFO | [perf frame=87300] preprocess=0.0ms, perspective=0.0ms, detect=1.4ms, postprocess=0.0ms, fuse+track=0.0ms
2026-05-22 19:18:29,700 | INFO | [perf frame=87400] preprocess=0.0ms, perspective=0.0ms, detect=1.5ms, postprocess=0.0ms, fuse+track=0.0ms
2026-05-22 19:18:30,164 | INFO | [perf frame=87500] preprocess=0.0ms, perspective=0.0ms, detect=1.5ms, postprocess=0.0ms, fuse+track=0.0ms
2026-05-22 19:18:30,644 | INFO | [perf frame=87600] preprocess=0.0ms, perspective=0.0ms, detect=1.6ms, postprocess=0.0ms, fuse+track=0.0ms
2026-05-22 19:18:31,110 | INFO | [perf frame=87700] preprocess=0.0ms, perspective=0.0ms, detect=1.5ms, postprocess=0.0ms, fuse+track=0.0ms
2026-05-22 19:18:31,593 | INFO | [perf frame=87800] preprocess=0.0ms, perspective=0.0ms, detect=1.6ms, postprocess=0.0ms, fuse+track=0.0ms
2026-05-22 19:18:32,073 | INFO | [perf frame=87900] preprocess=0.0ms, perspective=0.0ms, detect=1.6ms, postprocess=0.0ms, fuse+track=0.0ms
2026-05-22 19:18:32,541 | INFO | [perf frame=88000] preprocess=0.0ms, perspective=0.0ms, detect=1.5ms, postprocess=0.0ms, fuse+track=0.0ms
2026-05-22 19:18:33,009 | INFO | [perf frame=88100] preprocess=0.0ms, perspective=0.0ms, detect=1.5ms, postprocess=0.0ms, fuse+track=0.0ms
2026-05-22 19:18:33,487 | INFO | [perf frame=88200] preprocess=0.0ms, perspective=0.0ms, detect=1.5ms, postprocess=0.0ms, fuse+track=0.0ms
2026-05-22 19:18:33,952 | INFO | [perf frame=88300] preprocess=0.0ms, perspective=0.0ms, detect=1.5ms, postprocess=0.0ms, fuse+track=0.0ms
2026-05-22 19:18:34,410 | INFO | [perf frame=88400] preprocess=0.0ms, perspective=0.0ms, detect=1.5ms, postprocess=0.0ms, fuse+track=0.0ms
2026-05-22 19:18:34,897 | INFO | [perf frame=88500] preprocess=0.0ms, perspective=0.0ms, detect=1.6ms, postprocess=0.0ms, fuse+track=0.0ms
2026-05-22 19:18:35,360 | INFO | [perf frame=88600] preprocess=0.0ms, perspective=0.0ms, detect=1.5ms, postprocess=0.0ms, fuse+track=0.0ms
2026-05-22 19:18:35,820 | INFO | [perf frame=88700] preprocess=0.0ms, perspective=0.0ms, detect=1.4ms, postprocess=0.0ms, fuse+track=0.0ms
2026-05-22 19:18:36,299 | INFO | [perf frame=88800] preprocess=0.0ms, perspective=0.0ms, detect=1.6ms, postprocess=0.0ms, fuse+track=0.0ms
2026-05-22 19:18:36,778 | INFO | [perf frame=88900] preprocess=0.0ms, perspective=0.0ms, detect=1.6ms, postprocess=0.0ms, fuse+track=0.0ms
2026-05-22 19:18:37,254 | INFO | [perf frame=89000] preprocess=0.0ms, perspective=0.0ms, detect=1.5ms, postprocess=0.0ms, fuse+track=0.0ms
2026-05-22 19:18:37,734 | INFO | [perf frame=89100] preprocess=0.0ms, perspective=0.0ms, detect=1.5ms, postprocess=0.0ms, fuse+track=0.0ms
2026-05-22 19:18:38,218 | INFO | [perf frame=89200] preprocess=0.0ms, perspective=0.0ms, detect=1.6ms, postprocess=0.0ms, fuse+track=0.0ms
2026-05-22 19:18:38,700 | INFO | [perf frame=89300] preprocess=0.0ms, perspective=0.0ms, detect=1.6ms, postprocess=0.0ms, fuse+track=0.0ms
2026-05-22 19:18:39,162 | INFO | [perf frame=89400] preprocess=0.0ms, perspective=0.0ms, detect=1.5ms, postprocess=0.0ms, fuse+track=0.0ms
2026-05-22 19:18:39,634 | INFO | [perf frame=89500] preprocess=0.0ms, perspective=0.0ms, detect=1.6ms, postprocess=0.0ms, fuse+track=0.0ms
2026-05-22 19:18:40,104 | INFO | [perf frame=89600] preprocess=0.0ms, perspective=0.0ms, detect=1.5ms, postprocess=0.0ms, fuse+track=0.0ms
2026-05-22 19:18:40,594 | INFO | [perf frame=89700] preprocess=0.0ms, perspective=0.0ms, detect=1.6ms, postprocess=0.0ms, fuse+track=0.0ms
2026-05-22 19:18:41,071 | INFO | [perf frame=89800] preprocess=0.0ms, perspective=0.0ms, detect=1.5ms, postprocess=0.0ms, fuse+track=0.0ms
2026-05-22 19:18:41,544 | INFO | [perf frame=89900] preprocess=0.0ms, perspective=0.0ms, detect=1.5ms, postprocess=0.0ms, fuse+track=0.0ms
2026-05-22 19:18:42,019 | INFO | [perf frame=90000] preprocess=0.0ms, perspective=0.0ms, detect=1.6ms, postprocess=0.0ms, fuse+track=0.0ms
2026-05-22 19:18:42,486 | INFO | [perf frame=90100] preprocess=0.0ms, perspective=0.0ms, detect=1.5ms, postprocess=0.0ms, fuse+track=0.0ms
2026-05-22 19:18:42,956 | INFO | [perf frame=90200] preprocess=0.0ms, perspective=0.0ms, detect=1.5ms, postprocess=0.0ms, fuse+track=0.0ms
2026-05-22 19:18:43,423 | INFO | [perf frame=90300] preprocess=0.0ms, perspective=0.0ms, detect=1.5ms, postprocess=0.0ms, fuse+track=0.0ms
2026-05-22 19:18:43,913 | INFO | [perf frame=90400] preprocess=0.0ms, perspective=0.0ms, detect=1.6ms, postprocess=0.0ms, fuse+track=0.0ms
2026-05-22 19:18:44,396 | INFO | [perf frame=90500] preprocess=0.0ms, perspective=0.0ms, detect=1.6ms, postprocess=0.0ms, fuse+track=0.0ms
2026-05-22 19:18:44,871 | INFO | [perf frame=90600] preprocess=0.0ms, perspective=0.0ms, detect=1.5ms, postprocess=0.0ms, fuse+track=0.0ms
2026-05-22 19:18:45,338 | INFO | [perf frame=90700] preprocess=0.0ms, perspective=0.0ms, detect=1.5ms, postprocess=0.0ms, fuse+track=0.0ms
2026-05-22 19:18:45,805 | INFO | [perf frame=90800] preprocess=0.0ms, perspective=0.0ms, detect=1.5ms, postprocess=0.0ms, fuse+track=0.0ms
2026-05-22 19:18:46,272 | INFO | [perf frame=90900] preprocess=0.0ms, perspective=0.0ms, detect=1.5ms, postprocess=0.0ms, fuse+track=0.0ms
2026-05-22 19:18:46,736 | INFO | [perf frame=91000] preprocess=0.0ms, perspective=0.0ms, detect=1.5ms, postprocess=0.0ms, fuse+track=0.0ms
2026-05-22 19:18:47,205 | INFO | [perf frame=91100] preprocess=0.0ms, perspective=0.0ms, detect=1.5ms, postprocess=0.0ms, fuse+track=0.0ms
2026-05-22 19:18:47,670 | INFO | [perf frame=91200] preprocess=0.0ms, perspective=0.0ms, detect=1.5ms, postprocess=0.0ms, fuse+track=0.0ms
2026-05-22 19:18:48,127 | INFO | [perf frame=91300] preprocess=0.0ms, perspective=0.0ms, detect=1.4ms, postprocess=0.0ms, fuse+track=0.0ms
2026-05-22 19:18:48,609 | INFO | [perf frame=91400] preprocess=0.0ms, perspective=0.0ms, detect=1.6ms, postprocess=0.0ms, fuse+track=0.0ms
2026-05-22 19:18:49,064 | INFO | [perf frame=91500] preprocess=0.0ms, perspective=0.0ms, detect=1.4ms, postprocess=0.0ms, fuse+track=0.0ms
2026-05-22 19:18:49,547 | INFO | [perf frame=91600] preprocess=0.0ms, perspective=0.0ms, detect=1.6ms, postprocess=0.0ms, fuse+track=0.0ms
2026-05-22 19:18:50,020 | INFO | [perf frame=91700] preprocess=0.0ms, perspective=0.0ms, detect=1.5ms, postprocess=0.0ms, fuse+track=0.0ms
2026-05-22 19:18:50,486 | INFO | [perf frame=91800] preprocess=0.0ms, perspective=0.0ms, detect=1.5ms, postprocess=0.0ms, fuse+track=0.0ms
2026-05-22 19:18:50,953 | INFO | [perf frame=91900] preprocess=0.0ms, perspective=0.0ms, detect=1.5ms, postprocess=0.0ms, fuse+track=0.0ms
2026-05-22 19:18:51,412 | INFO | [perf frame=92000] preprocess=0.0ms, perspective=0.0ms, detect=1.4ms, postprocess=0.0ms, fuse+track=0.0ms
2026-05-22 19:18:51,882 | INFO | [perf frame=92100] preprocess=0.0ms, perspective=0.0ms, detect=1.5ms, postprocess=0.0ms, fuse+track=0.0ms
2026-05-22 19:18:52,354 | INFO | [perf frame=92200] preprocess=0.0ms, perspective=0.0ms, detect=1.5ms, postprocess=0.0ms, fuse+track=0.0ms
2026-05-22 19:18:52,827 | INFO | [perf frame=92300] preprocess=0.0ms, perspective=0.0ms, detect=1.5ms, postprocess=0.0ms, fuse+track=0.0ms
2026-05-22 19:18:53,297 | INFO | [perf frame=92400] preprocess=0.0ms, perspective=0.0ms, detect=1.5ms, postprocess=0.0ms, fuse+track=0.0ms
2026-05-22 19:18:53,767 | INFO | [perf frame=92500] preprocess=0.0ms, perspective=0.0ms, detect=1.5ms, postprocess=0.0ms, fuse+track=0.0ms
2026-05-22 19:18:54,229 | INFO | [perf frame=92600] preprocess=0.0ms, perspective=0.0ms, detect=1.5ms, postprocess=0.0ms, fuse+track=0.0ms
2026-05-22 19:18:54,693 | INFO | [perf frame=92700] preprocess=0.0ms, perspective=0.0ms, detect=1.5ms, postprocess=0.0ms, fuse+track=0.0ms
2026-05-22 19:18:55,164 | INFO | [perf frame=92800] preprocess=0.0ms, perspective=0.0ms, detect=1.5ms, postprocess=0.0ms, fuse+track=0.0ms
2026-05-22 19:18:55,645 | INFO | [perf frame=92900] preprocess=0.0ms, perspective=0.0ms, detect=1.5ms, postprocess=0.0ms, fuse+track=0.0ms
2026-05-22 19:18:56,111 | INFO | [perf frame=93000] preprocess=0.0ms, perspective=0.0ms, detect=1.5ms, postprocess=0.0ms, fuse+track=0.0ms
2026-05-22 19:18:56,603 | INFO | [perf frame=93100] preprocess=0.0ms, perspective=0.0ms, detect=1.6ms, postprocess=0.0ms, fuse+track=0.0ms
2026-05-22 19:18:57,071 | INFO | [perf frame=93200] preprocess=0.0ms, perspective=0.0ms, detect=1.5ms, postprocess=0.0ms, fuse+track=0.0ms
2026-05-22 19:18:57,535 | INFO | [perf frame=93300] preprocess=0.0ms, perspective=0.0ms, detect=1.5ms, postprocess=0.0ms, fuse+track=0.0ms
2026-05-22 19:18:57,999 | INFO | [perf frame=93400] preprocess=0.0ms, perspective=0.0ms, detect=1.5ms, postprocess=0.0ms, fuse+track=0.0ms
2026-05-22 19:18:58,466 | INFO | [perf frame=93500] preprocess=0.0ms, perspective=0.0ms, detect=1.5ms, postprocess=0.0ms, fuse+track=0.0ms
2026-05-22 19:18:58,946 | INFO | [perf frame=93600] preprocess=0.0ms, perspective=0.0ms, detect=1.6ms, postprocess=0.0ms, fuse+track=0.0ms
2026-05-22 19:18:59,422 | INFO | [perf frame=93700] preprocess=0.0ms, perspective=0.0ms, detect=1.5ms, postprocess=0.0ms, fuse+track=0.0ms
2026-05-22 19:18:59,900 | INFO | [perf frame=93800] preprocess=0.0ms, perspective=0.0ms, detect=1.6ms, postprocess=0.0ms, fuse+track=0.0ms
2026-05-22 19:19:00,366 | INFO | [perf frame=93900] preprocess=0.0ms, perspective=0.0ms, detect=1.4ms, postprocess=0.0ms, fuse+track=0.0ms
2026-05-22 19:19:00,854 | INFO | [perf frame=94000] preprocess=0.0ms, perspective=0.0ms, detect=1.5ms, postprocess=0.0ms, fuse+track=0.0ms
2026-05-22 19:19:01,326 | INFO | [perf frame=94100] preprocess=0.0ms, perspective=0.0ms, detect=1.5ms, postprocess=0.0ms, fuse+track=0.0ms
2026-05-22 19:19:01,786 | INFO | [perf frame=94200] preprocess=0.0ms, perspective=0.0ms, detect=1.5ms, postprocess=0.0ms, fuse+track=0.0ms
2026-05-22 19:19:02,247 | INFO | [perf frame=94300] preprocess=0.0ms, perspective=0.0ms, detect=1.5ms, postprocess=0.0ms, fuse+track=0.0ms
2026-05-22 19:19:02,727 | INFO | [perf frame=94400] preprocess=0.0ms, perspective=0.0ms, detect=1.5ms, postprocess=0.0ms, fuse+track=0.0ms
2026-05-22 19:19:03,194 | INFO | [perf frame=94500] preprocess=0.0ms, perspective=0.0ms, detect=1.5ms, postprocess=0.0ms, fuse+track=0.0ms
2026-05-22 19:19:03,659 | INFO | [perf frame=94600] preprocess=0.0ms, perspective=0.0ms, detect=1.5ms, postprocess=0.0ms, fuse+track=0.0ms
2026-05-22 19:19:04,118 | INFO | [perf frame=94700] preprocess=0.0ms, perspective=0.0ms, detect=1.5ms, postprocess=0.0ms, fuse+track=0.0ms
2026-05-22 19:19:04,589 | INFO | [perf frame=94800] preprocess=0.0ms, perspective=0.0ms, detect=1.5ms, postprocess=0.0ms, fuse+track=0.0ms
2026-05-22 19:19:05,058 | INFO | [perf frame=94900] preprocess=0.0ms, perspective=0.0ms, detect=1.5ms, postprocess=0.0ms, fuse+track=0.0ms
2026-05-22 19:19:05,521 | INFO | [perf frame=95000] preprocess=0.0ms, perspective=0.0ms, detect=1.5ms, postprocess=0.0ms, fuse+track=0.0ms
2026-05-22 19:19:05,983 | INFO | [perf frame=95100] preprocess=0.0ms, perspective=0.0ms, detect=1.5ms, postprocess=0.0ms, fuse+track=0.0ms
2026-05-22 19:19:06,458 | INFO | [perf frame=95200] preprocess=0.0ms, perspective=0.0ms, detect=1.5ms, postprocess=0.0ms, fuse+track=0.0ms
2026-05-22 19:19:06,921 | INFO | [perf frame=95300] preprocess=0.0ms, perspective=0.0ms, detect=1.5ms, postprocess=0.0ms, fuse+track=0.0ms
2026-05-22 19:19:07,395 | INFO | [perf frame=95400] preprocess=0.0ms, perspective=0.0ms, detect=1.5ms, postprocess=0.0ms, fuse+track=0.0ms
2026-05-22 19:19:07,876 | INFO | [perf frame=95500] preprocess=0.0ms, perspective=0.0ms, detect=1.6ms, postprocess=0.0ms, fuse+track=0.0ms
2026-05-22 19:19:08,350 | INFO | [perf frame=95600] preprocess=0.0ms, perspective=0.0ms, detect=1.5ms, postprocess=0.0ms, fuse+track=0.0ms
2026-05-22 19:19:08,824 | INFO | [perf frame=95700] preprocess=0.0ms, perspective=0.0ms, detect=1.6ms, postprocess=0.0ms, fuse+track=0.0ms
2026-05-22 19:19:09,307 | INFO | [perf frame=95800] preprocess=0.0ms, perspective=0.0ms, detect=1.6ms, postprocess=0.0ms, fuse+track=0.0ms
2026-05-22 19:19:09,785 | INFO | [perf frame=95900] preprocess=0.0ms, perspective=0.0ms, detect=1.5ms, postprocess=0.0ms, fuse+track=0.0ms
2026-05-22 19:19:10,260 | INFO | [perf frame=96000] preprocess=0.0ms, perspective=0.0ms, detect=1.5ms, postprocess=0.0ms, fuse+track=0.0ms
2026-05-22 19:19:10,728 | INFO | [perf frame=96100] preprocess=0.0ms, perspective=0.0ms, detect=1.5ms, postprocess=0.0ms, fuse+track=0.0ms
2026-05-22 19:19:11,199 | INFO | [perf frame=96200] preprocess=0.0ms, perspective=0.0ms, detect=1.5ms, postprocess=0.0ms, fuse+track=0.0ms
2026-05-22 19:19:11,685 | INFO | [perf frame=96300] preprocess=0.0ms, perspective=0.0ms, detect=1.6ms, postprocess=0.0ms, fuse+track=0.0ms
2026-05-22 19:19:12,167 | INFO | [perf frame=96400] preprocess=0.0ms, perspective=0.0ms, detect=1.6ms, postprocess=0.0ms, fuse+track=0.0ms
2026-05-22 19:19:12,639 | INFO | [perf frame=96500] preprocess=0.0ms, perspective=0.0ms, detect=1.5ms, postprocess=0.0ms, fuse+track=0.0ms
2026-05-22 19:19:13,101 | INFO | [perf frame=96600] preprocess=0.0ms, perspective=0.0ms, detect=1.5ms, postprocess=0.0ms, fuse+track=0.0ms
2026-05-22 19:19:13,585 | INFO | [perf frame=96700] preprocess=0.0ms, perspective=0.0ms, detect=1.6ms, postprocess=0.0ms, fuse+track=0.0ms
2026-05-22 19:19:14,050 | INFO | [perf frame=96800] preprocess=0.0ms, perspective=0.0ms, detect=1.5ms, postprocess=0.0ms, fuse+track=0.0ms
2026-05-22 19:19:14,519 | INFO | [perf frame=96900] preprocess=0.0ms, perspective=0.0ms, detect=1.5ms, postprocess=0.0ms, fuse+track=0.0ms
2026-05-22 19:19:14,977 | INFO | [perf frame=97000] preprocess=0.0ms, perspective=0.0ms, detect=1.4ms, postprocess=0.0ms, fuse+track=0.0ms
2026-05-22 19:19:15,446 | INFO | [perf frame=97100] preprocess=0.0ms, perspective=0.0ms, detect=1.5ms, postprocess=0.0ms, fuse+track=0.0ms
2026-05-22 19:19:15,919 | INFO | [perf frame=97200] preprocess=0.0ms, perspective=0.0ms, detect=1.5ms, postprocess=0.0ms, fuse+track=0.0ms
2026-05-22 19:19:16,384 | INFO | [perf frame=97300] preprocess=0.0ms, perspective=0.0ms, detect=1.5ms, postprocess=0.0ms, fuse+track=0.0ms
2026-05-22 19:19:16,848 | INFO | [perf frame=97400] preprocess=0.0ms, perspective=0.0ms, detect=1.5ms, postprocess=0.0ms, fuse+track=0.0ms
2026-05-22 19:19:17,311 | INFO | [perf frame=97500] preprocess=0.0ms, perspective=0.0ms, detect=1.5ms, postprocess=0.0ms, fuse+track=0.0ms
2026-05-22 19:19:17,778 | INFO | [perf frame=97600] preprocess=0.0ms, perspective=0.0ms, detect=1.5ms, postprocess=0.0ms, fuse+track=0.0ms
2026-05-22 19:19:18,246 | INFO | [perf frame=97700] preprocess=0.0ms, perspective=0.0ms, detect=1.6ms, postprocess=0.0ms, fuse+track=0.0ms
2026-05-22 19:19:18,716 | INFO | [perf frame=97800] preprocess=0.0ms, perspective=0.0ms, detect=1.5ms, postprocess=0.0ms, fuse+track=0.0ms
2026-05-22 19:19:19,197 | INFO | [perf frame=97900] preprocess=0.0ms, perspective=0.0ms, detect=1.6ms, postprocess=0.0ms, fuse+track=0.0ms
2026-05-22 19:19:19,668 | INFO | [perf frame=98000] preprocess=0.0ms, perspective=0.0ms, detect=1.5ms, postprocess=0.0ms, fuse+track=0.0ms
2026-05-22 19:19:20,144 | INFO | [perf frame=98100] preprocess=0.0ms, perspective=0.0ms, detect=1.5ms, postprocess=0.0ms, fuse+track=0.0ms
2026-05-22 19:19:20,609 | INFO | [perf frame=98200] preprocess=0.0ms, perspective=0.0ms, detect=1.5ms, postprocess=0.0ms, fuse+track=0.0ms
2026-05-22 19:19:21,071 | INFO | [perf frame=98300] preprocess=0.0ms, perspective=0.0ms, detect=1.5ms, postprocess=0.0ms, fuse+track=0.0ms
2026-05-22 19:19:21,538 | INFO | [perf frame=98400] preprocess=0.0ms, perspective=0.0ms, detect=1.5ms, postprocess=0.0ms, fuse+track=0.0ms
2026-05-22 19:19:22,008 | INFO | [perf frame=98500] preprocess=0.0ms, perspective=0.0ms, detect=1.5ms, postprocess=0.0ms, fuse+track=0.0ms
2026-05-22 19:19:22,467 | INFO | [perf frame=98600] preprocess=0.0ms, perspective=0.0ms, detect=1.4ms, postprocess=0.0ms, fuse+track=0.0ms
2026-05-22 19:19:22,924 | INFO | [perf frame=98700] preprocess=0.0ms, perspective=0.0ms, detect=1.4ms, postprocess=0.0ms, fuse+track=0.0ms
2026-05-22 19:19:23,390 | INFO | [perf frame=98800] preprocess=0.0ms, perspective=0.0ms, detect=1.5ms, postprocess=0.0ms, fuse+track=0.0ms
2026-05-22 19:19:23,851 | INFO | [perf frame=98900] preprocess=0.0ms, perspective=0.0ms, detect=1.5ms, postprocess=0.0ms, fuse+track=0.0ms
2026-05-22 19:19:24,318 | INFO | [perf frame=99000] preprocess=0.0ms, perspective=0.0ms, detect=1.5ms, postprocess=0.0ms, fuse+track=0.0ms
2026-05-22 19:19:24,786 | INFO | [perf frame=99100] preprocess=0.0ms, perspective=0.0ms, detect=1.5ms, postprocess=0.0ms, fuse+track=0.0ms
2026-05-22 19:19:25,262 | INFO | [perf frame=99200] preprocess=0.0ms, perspective=0.0ms, detect=1.5ms, postprocess=0.0ms, fuse+track=0.0ms
2026-05-22 19:19:25,756 | INFO | [perf frame=99300] preprocess=0.0ms, perspective=0.0ms, detect=1.7ms, postprocess=0.0ms, fuse+track=0.0ms
2026-05-22 19:19:26,227 | INFO | [perf frame=99400] preprocess=0.0ms, perspective=0.0ms, detect=1.6ms, postprocess=0.0ms, fuse+track=0.0ms
2026-05-22 19:19:26,705 | INFO | [perf frame=99500] preprocess=0.0ms, perspective=0.0ms, detect=1.6ms, postprocess=0.0ms, fuse+track=0.0ms
2026-05-22 19:19:27,184 | INFO | [perf frame=99600] preprocess=0.0ms, perspective=0.0ms, detect=1.6ms, postprocess=0.0ms, fuse+track=0.0ms
2026-05-22 19:19:27,651 | INFO | [perf frame=99700] preprocess=0.0ms, perspective=0.0ms, detect=1.5ms, postprocess=0.0ms, fuse+track=0.0ms
2026-05-22 19:19:28,129 | INFO | [perf frame=99800] preprocess=0.0ms, perspective=0.0ms, detect=1.6ms, postprocess=0.0ms, fuse+track=0.0ms
2026-05-22 19:19:28,603 | INFO | [perf frame=99900] preprocess=0.0ms, perspective=0.0ms, detect=1.5ms, postprocess=0.0ms, fuse+track=0.0ms
2026-05-22 19:19:29,090 | INFO | [perf frame=100000] preprocess=0.0ms, perspective=0.0ms, detect=1.6ms, postprocess=0.0ms, fuse+track=0.0ms
2026-05-22 19:19:29,557 | INFO | [perf frame=100100] preprocess=0.0ms, perspective=0.0ms, detect=1.5ms, postprocess=0.0ms, fuse+track=0.0ms
2026-05-22 19:19:30,042 | INFO | [perf frame=100200] preprocess=0.0ms, perspective=0.0ms, detect=1.6ms, postprocess=0.0ms, fuse+track=0.0ms
2026-05-22 19:19:30,522 | INFO | [perf frame=100300] preprocess=0.0ms, perspective=0.0ms, detect=1.6ms, postprocess=0.0ms, fuse+track=0.0ms
2026-05-22 19:19:30,996 | INFO | [perf frame=100400] preprocess=0.0ms, perspective=0.0ms, detect=1.5ms, postprocess=0.0ms, fuse+track=0.0ms
2026-05-22 19:19:31,485 | INFO | [perf frame=100500] preprocess=0.0ms, perspective=0.0ms, detect=1.6ms, postprocess=0.0ms, fuse+track=0.0ms
2026-05-22 19:19:31,951 | INFO | [perf frame=100600] preprocess=0.0ms, perspective=0.0ms, detect=1.5ms, postprocess=0.0ms, fuse+track=0.0ms
2026-05-22 19:19:32,433 | INFO | [perf frame=100700] preprocess=0.0ms, perspective=0.0ms, detect=1.6ms, postprocess=0.0ms, fuse+track=0.0ms
2026-05-22 19:19:32,903 | INFO | [perf frame=100800] preprocess=0.0ms, perspective=0.0ms, detect=1.5ms, postprocess=0.0ms, fuse+track=0.0ms
2026-05-22 19:19:33,356 | INFO | [perf frame=100900] preprocess=0.0ms, perspective=0.0ms, detect=1.5ms, postprocess=0.0ms, fuse+track=0.0ms
2026-05-22 19:19:33,816 | INFO | [perf frame=101000] preprocess=0.0ms, perspective=0.0ms, detect=1.5ms, postprocess=0.0ms, fuse+track=0.0ms
2026-05-22 19:19:34,292 | INFO | [perf frame=101100] preprocess=0.0ms, perspective=0.0ms, detect=1.5ms, postprocess=0.0ms, fuse+track=0.0ms
2026-05-22 19:19:34,767 | INFO | [perf frame=101200] preprocess=0.0ms, perspective=0.0ms, detect=1.6ms, postprocess=0.0ms, fuse+track=0.0ms
2026-05-22 19:19:35,298 | INFO | [perf frame=101300] preprocess=0.0ms, perspective=0.0ms, detect=1.5ms, postprocess=0.0ms, fuse+track=0.0ms
2026-05-22 19:19:35,813 | INFO | [perf frame=101400] preprocess=0.0ms, perspective=0.0ms, detect=1.5ms, postprocess=0.0ms, fuse+track=0.1ms
2026-05-22 19:19:36,342 | INFO | [perf frame=101500] preprocess=0.0ms, perspective=0.0ms, detect=1.6ms, postprocess=0.0ms, fuse+track=0.0ms
2026-05-22 19:19:36,850 | INFO | [perf frame=101600] preprocess=0.0ms, perspective=0.0ms, detect=1.5ms, postprocess=0.0ms, fuse+track=0.0ms
2026-05-22 19:19:37,349 | INFO | [perf frame=101700] preprocess=0.0ms, perspective=0.0ms, detect=1.5ms, postprocess=0.0ms, fuse+track=0.0ms
2026-05-22 19:19:37,870 | INFO | [perf frame=101800] preprocess=0.0ms, perspective=0.0ms, detect=1.6ms, postprocess=0.0ms, fuse+track=0.0ms
2026-05-22 19:19:38,365 | INFO | [perf frame=101900] preprocess=0.0ms, perspective=0.0ms, detect=1.5ms, postprocess=0.0ms, fuse+track=0.0ms
2026-05-22 19:19:38,833 | INFO | [perf frame=102000] preprocess=0.0ms, perspective=0.0ms, detect=1.5ms, postprocess=0.0ms, fuse+track=0.0ms
2026-05-22 19:19:39,295 | INFO | [perf frame=102100] preprocess=0.0ms, perspective=0.0ms, detect=1.5ms, postprocess=0.0ms, fuse+track=0.0ms
2026-05-22 19:19:39,755 | INFO | [perf frame=102200] preprocess=0.0ms, perspective=0.0ms, detect=1.5ms, postprocess=0.0ms, fuse+track=0.0ms
2026-05-22 19:19:40,241 | INFO | [perf frame=102300] preprocess=0.0ms, perspective=0.0ms, detect=1.6ms, postprocess=0.0ms, fuse+track=0.0ms
2026-05-22 19:19:40,718 | INFO | [perf frame=102400] preprocess=0.0ms, perspective=0.0ms, detect=1.6ms, postprocess=0.0ms, fuse+track=0.0ms
2026-05-22 19:19:41,204 | INFO | [perf frame=102500] preprocess=0.0ms, perspective=0.0ms, detect=1.7ms, postprocess=0.0ms, fuse+track=0.0ms
2026-05-22 19:19:41,672 | INFO | [perf frame=102600] preprocess=0.0ms, perspective=0.0ms, detect=1.5ms, postprocess=0.0ms, fuse+track=0.0ms
2026-05-22 19:19:42,142 | INFO | [perf frame=102700] preprocess=0.0ms, perspective=0.0ms, detect=1.5ms, postprocess=0.0ms, fuse+track=0.0ms
2026-05-22 19:19:42,629 | INFO | [perf frame=102800] preprocess=0.0ms, perspective=0.0ms, detect=1.6ms, postprocess=0.0ms, fuse+track=0.0ms
2026-05-22 19:19:43,113 | INFO | [perf frame=102900] preprocess=0.0ms, perspective=0.0ms, detect=1.6ms, postprocess=0.0ms, fuse+track=0.0ms
2026-05-22 19:19:43,604 | INFO | [perf frame=103000] preprocess=0.0ms, perspective=0.0ms, detect=1.6ms, postprocess=0.0ms, fuse+track=0.0ms
2026-05-22 19:19:44,074 | INFO | [perf frame=103100] preprocess=0.0ms, perspective=0.0ms, detect=1.5ms, postprocess=0.0ms, fuse+track=0.0ms
2026-05-22 19:19:44,546 | INFO | [perf frame=103200] preprocess=0.0ms, perspective=0.0ms, detect=1.5ms, postprocess=0.0ms, fuse+track=0.0ms
2026-05-22 19:19:45,008 | INFO | [perf frame=103300] preprocess=0.0ms, perspective=0.0ms, detect=1.4ms, postprocess=0.0ms, fuse+track=0.0ms
2026-05-22 19:19:45,480 | INFO | [perf frame=103400] preprocess=0.0ms, perspective=0.0ms, detect=1.5ms, postprocess=0.0ms, fuse+track=0.0ms
2026-05-22 19:19:45,948 | INFO | [perf frame=103500] preprocess=0.0ms, perspective=0.0ms, detect=1.5ms, postprocess=0.0ms, fuse+track=0.0ms
2026-05-22 19:19:46,430 | INFO | [perf frame=103600] preprocess=0.0ms, perspective=0.0ms, detect=1.6ms, postprocess=0.0ms, fuse+track=0.0ms
2026-05-22 19:19:46,897 | INFO | [perf frame=103700] preprocess=0.0ms, perspective=0.0ms, detect=1.5ms, postprocess=0.0ms, fuse+track=0.0ms
2026-05-22 19:19:47,366 | INFO | [perf frame=103800] preprocess=0.0ms, perspective=0.0ms, detect=1.4ms, postprocess=0.0ms, fuse+track=0.0ms
2026-05-22 19:19:47,846 | INFO | [perf frame=103900] preprocess=0.0ms, perspective=0.0ms, detect=1.6ms, postprocess=0.0ms, fuse+track=0.0ms
2026-05-22 19:19:48,329 | INFO | [perf frame=104000] preprocess=0.0ms, perspective=0.0ms, detect=1.6ms, postprocess=0.0ms, fuse+track=0.0ms
2026-05-22 19:19:48,815 | INFO | [perf frame=104100] preprocess=0.0ms, perspective=0.0ms, detect=1.6ms, postprocess=0.0ms, fuse+track=0.0ms
2026-05-22 19:19:49,279 | INFO | [perf frame=104200] preprocess=0.0ms, perspective=0.0ms, detect=1.5ms, postprocess=0.0ms, fuse+track=0.0ms
2026-05-22 19:19:49,760 | INFO | [perf frame=104300] preprocess=0.0ms, perspective=0.0ms, detect=1.6ms, postprocess=0.0ms, fuse+track=0.0ms
2026-05-22 19:19:50,213 | INFO | [perf frame=104400] preprocess=0.0ms, perspective=0.0ms, detect=1.4ms, postprocess=0.0ms, fuse+track=0.0ms
2026-05-22 19:19:50,675 | INFO | [perf frame=104500] preprocess=0.0ms, perspective=0.0ms, detect=1.5ms, postprocess=0.0ms, fuse+track=0.0ms
2026-05-22 19:19:51,137 | INFO | [perf frame=104600] preprocess=0.0ms, perspective=0.0ms, detect=1.5ms, postprocess=0.0ms, fuse+track=0.0ms
2026-05-22 19:19:51,605 | INFO | [perf frame=104700] preprocess=0.0ms, perspective=0.0ms, detect=1.5ms, postprocess=0.0ms, fuse+track=0.0ms
2026-05-22 19:19:52,072 | INFO | [perf frame=104800] preprocess=0.0ms, perspective=0.0ms, detect=1.5ms, postprocess=0.0ms, fuse+track=0.0ms
2026-05-22 19:19:52,549 | INFO | [perf frame=104900] preprocess=0.0ms, perspective=0.0ms, detect=1.5ms, postprocess=0.0ms, fuse+track=0.0ms
2026-05-22 19:19:53,016 | INFO | [perf frame=105000] preprocess=0.0ms, perspective=0.0ms, detect=1.5ms, postprocess=0.0ms, fuse+track=0.0ms
2026-05-22 19:19:53,475 | INFO | [perf frame=105100] preprocess=0.0ms, perspective=0.0ms, detect=1.4ms, postprocess=0.0ms, fuse+track=0.0ms
2026-05-22 19:19:53,929 | INFO | [perf frame=105200] preprocess=0.0ms, perspective=0.0ms, detect=1.4ms, postprocess=0.0ms, fuse+track=0.0ms
2026-05-22 19:19:54,390 | INFO | [perf frame=105300] preprocess=0.0ms, perspective=0.0ms, detect=1.4ms, postprocess=0.0ms, fuse+track=0.0ms
2026-05-22 19:19:54,851 | INFO | [perf frame=105400] preprocess=0.0ms, perspective=0.0ms, detect=1.4ms, postprocess=0.0ms, fuse+track=0.0ms
2026-05-22 19:19:55,306 | INFO | [perf frame=105500] preprocess=0.0ms, perspective=0.0ms, detect=1.4ms, postprocess=0.0ms, fuse+track=0.0ms
2026-05-22 19:19:55,793 | INFO | [perf frame=105600] preprocess=0.0ms, perspective=0.0ms, detect=1.6ms, postprocess=0.0ms, fuse+track=0.0ms
2026-05-22 19:19:56,252 | INFO | [perf frame=105700] preprocess=0.0ms, perspective=0.0ms, detect=1.5ms, postprocess=0.0ms, fuse+track=0.0ms
2026-05-22 19:19:56,716 | INFO | [perf frame=105800] preprocess=0.0ms, perspective=0.0ms, detect=1.5ms, postprocess=0.0ms, fuse+track=0.0ms
2026-05-22 19:19:57,186 | INFO | [perf frame=105900] preprocess=0.0ms, perspective=0.0ms, detect=1.4ms, postprocess=0.0ms, fuse+track=0.0ms
2026-05-22 19:19:57,664 | INFO | [perf frame=106000] preprocess=0.0ms, perspective=0.0ms, detect=1.5ms, postprocess=0.0ms, fuse+track=0.0ms
2026-05-22 19:19:58,128 | INFO | [perf frame=106100] preprocess=0.0ms, perspective=0.0ms, detect=1.5ms, postprocess=0.0ms, fuse+track=0.0ms
2026-05-22 19:19:58,614 | INFO | [perf frame=106200] preprocess=0.0ms, perspective=0.0ms, detect=1.6ms, postprocess=0.0ms, fuse+track=0.0ms
2026-05-22 19:19:59,084 | INFO | [perf frame=106300] preprocess=0.0ms, perspective=0.0ms, detect=1.5ms, postprocess=0.0ms, fuse+track=0.0ms
2026-05-22 19:19:59,567 | INFO | [perf frame=106400] preprocess=0.0ms, perspective=0.0ms, detect=1.6ms, postprocess=0.0ms, fuse+track=0.0ms
2026-05-22 19:20:00,041 | INFO | [perf frame=106500] preprocess=0.0ms, perspective=0.0ms, detect=1.5ms, postprocess=0.0ms, fuse+track=0.0ms
2026-05-22 19:20:00,523 | INFO | [perf frame=106600] preprocess=0.0ms, perspective=0.0ms, detect=1.5ms, postprocess=0.0ms, fuse+track=0.0ms
2026-05-22 19:20:01,012 | INFO | [perf frame=106700] preprocess=0.0ms, perspective=0.0ms, detect=1.6ms, postprocess=0.0ms, fuse+track=0.0ms
2026-05-22 19:20:01,482 | INFO | [perf frame=106800] preprocess=0.0ms, perspective=0.0ms, detect=1.5ms, postprocess=0.0ms, fuse+track=0.0ms
2026-05-22 19:20:01,938 | INFO | [perf frame=106900] preprocess=0.0ms, perspective=0.0ms, detect=1.4ms, postprocess=0.0ms, fuse+track=0.0ms
2026-05-22 19:20:02,405 | INFO | [perf frame=107000] preprocess=0.0ms, perspective=0.0ms, detect=1.5ms, postprocess=0.0ms, fuse+track=0.0ms
2026-05-22 19:20:02,886 | INFO | [perf frame=107100] preprocess=0.0ms, perspective=0.0ms, detect=1.5ms, postprocess=0.0ms, fuse+track=0.0ms
2026-05-22 19:20:03,348 | INFO | [perf frame=107200] preprocess=0.0ms, perspective=0.0ms, detect=1.4ms, postprocess=0.0ms, fuse+track=0.0ms
2026-05-22 19:20:03,811 | INFO | [perf frame=107300] preprocess=0.0ms, perspective=0.0ms, detect=1.5ms, postprocess=0.0ms, fuse+track=0.0ms
2026-05-22 19:20:04,268 | INFO | [perf frame=107400] preprocess=0.0ms, perspective=0.0ms, detect=1.4ms, postprocess=0.0ms, fuse+track=0.0ms
2026-05-22 19:20:04,736 | INFO | [perf frame=107500] preprocess=0.0ms, perspective=0.0ms, detect=1.5ms, postprocess=0.0ms, fuse+track=0.0ms
2026-05-22 19:20:05,201 | INFO | [perf frame=107600] preprocess=0.0ms, perspective=0.0ms, detect=1.5ms, postprocess=0.0ms, fuse+track=0.0ms
2026-05-22 19:20:05,669 | INFO | [perf frame=107700] preprocess=0.0ms, perspective=0.0ms, detect=1.5ms, postprocess=0.0ms, fuse+track=0.0ms
2026-05-22 19:20:06,138 | INFO | [perf frame=107800] preprocess=0.0ms, perspective=0.0ms, detect=1.5ms, postprocess=0.0ms, fuse+track=0.0ms
2026-05-22 19:20:06,607 | INFO | [perf frame=107900] preprocess=0.0ms, perspective=0.0ms, detect=1.5ms, postprocess=0.0ms, fuse+track=0.0ms
2026-05-22 19:20:07,080 | INFO | [perf frame=108000] preprocess=0.0ms, perspective=0.0ms, detect=1.5ms, postprocess=0.0ms, fuse+track=0.0ms
2026-05-22 19:20:07,553 | INFO | [perf frame=108100] preprocess=0.0ms, perspective=0.0ms, detect=1.6ms, postprocess=0.0ms, fuse+track=0.0ms
2026-05-22 19:20:08,034 | INFO | [perf frame=108200] preprocess=0.0ms, perspective=0.0ms, detect=1.6ms, postprocess=0.0ms, fuse+track=0.0ms
2026-05-22 19:20:08,509 | INFO | [perf frame=108300] preprocess=0.0ms, perspective=0.0ms, detect=1.6ms, postprocess=0.0ms, fuse+track=0.0ms
2026-05-22 19:20:08,971 | INFO | [perf frame=108400] preprocess=0.0ms, perspective=0.0ms, detect=1.5ms, postprocess=0.0ms, fuse+track=0.0ms
2026-05-22 19:20:09,450 | INFO | [perf frame=108500] preprocess=0.0ms, perspective=0.0ms, detect=1.6ms, postprocess=0.0ms, fuse+track=0.0ms
2026-05-22 19:20:09,921 | INFO | [perf frame=108600] preprocess=0.0ms, perspective=0.0ms, detect=1.5ms, postprocess=0.0ms, fuse+track=0.0ms
2026-05-22 19:20:10,405 | INFO | [perf frame=108700] preprocess=0.0ms, perspective=0.0ms, detect=1.6ms, postprocess=0.0ms, fuse+track=0.0ms
2026-05-22 19:20:10,888 | INFO | [perf frame=108800] preprocess=0.0ms, perspective=0.0ms, detect=1.6ms, postprocess=0.0ms, fuse+track=0.0ms
2026-05-22 19:20:11,358 | INFO | [perf frame=108900] preprocess=0.0ms, perspective=0.0ms, detect=1.5ms, postprocess=0.0ms, fuse+track=0.0ms
2026-05-22 19:20:11,820 | INFO | [perf frame=109000] preprocess=0.0ms, perspective=0.0ms, detect=1.4ms, postprocess=0.0ms, fuse+track=0.0ms
2026-05-22 19:20:12,281 | INFO | [perf frame=109100] preprocess=0.0ms, perspective=0.0ms, detect=1.5ms, postprocess=0.0ms, fuse+track=0.0ms
2026-05-22 19:20:12,755 | INFO | [perf frame=109200] preprocess=0.0ms, perspective=0.0ms, detect=1.5ms, postprocess=0.0ms, fuse+track=0.0ms
2026-05-22 19:20:13,229 | INFO | [perf frame=109300] preprocess=0.0ms, perspective=0.0ms, detect=1.5ms, postprocess=0.0ms, fuse+track=0.0ms
2026-05-22 19:20:13,694 | INFO | [perf frame=109400] preprocess=0.0ms, perspective=0.0ms, detect=1.5ms, postprocess=0.0ms, fuse+track=0.0ms
2026-05-22 19:20:14,157 | INFO | [perf frame=109500] preprocess=0.0ms, perspective=0.0ms, detect=1.5ms, postprocess=0.0ms, fuse+track=0.0ms
2026-05-22 19:20:14,617 | INFO | [perf frame=109600] preprocess=0.0ms, perspective=0.0ms, detect=1.5ms, postprocess=0.0ms, fuse+track=0.0ms
2026-05-22 19:20:15,086 | INFO | [perf frame=109700] preprocess=0.0ms, perspective=0.0ms, detect=1.5ms, postprocess=0.0ms, fuse+track=0.0ms
2026-05-22 19:20:15,571 | INFO | [perf frame=109800] preprocess=0.0ms, perspective=0.0ms, detect=1.6ms, postprocess=0.0ms, fuse+track=0.0ms
2026-05-22 19:20:16,041 | INFO | [perf frame=109900] preprocess=0.0ms, perspective=0.0ms, detect=1.5ms, postprocess=0.0ms, fuse+track=0.0ms
2026-05-22 19:20:16,499 | INFO | [perf frame=110000] preprocess=0.0ms, perspective=0.0ms, detect=1.5ms, postprocess=0.0ms, fuse+track=0.0ms
2026-05-22 19:20:16,948 | INFO | [perf frame=110100] preprocess=0.0ms, perspective=0.0ms, detect=1.4ms, postprocess=0.0ms, fuse+track=0.0ms
2026-05-22 19:20:17,409 | INFO | [perf frame=110200] preprocess=0.0ms, perspective=0.0ms, detect=1.5ms, postprocess=0.0ms, fuse+track=0.0ms
2026-05-22 19:20:17,893 | INFO | [perf frame=110300] preprocess=0.0ms, perspective=0.0ms, detect=1.6ms, postprocess=0.0ms, fuse+track=0.0ms
2026-05-22 19:20:18,380 | INFO | [perf frame=110400] preprocess=0.0ms, perspective=0.0ms, detect=1.6ms, postprocess=0.0ms, fuse+track=0.0ms
2026-05-22 19:20:18,851 | INFO | [perf frame=110500] preprocess=0.0ms, perspective=0.0ms, detect=1.5ms, postprocess=0.0ms, fuse+track=0.0ms
2026-05-22 19:20:19,338 | INFO | [perf frame=110600] preprocess=0.0ms, perspective=0.0ms, detect=1.7ms, postprocess=0.0ms, fuse+track=0.0ms
2026-05-22 19:20:19,816 | INFO | [perf frame=110700] preprocess=0.0ms, perspective=0.0ms, detect=1.6ms, postprocess=0.0ms, fuse+track=0.0ms
2026-05-22 19:20:20,295 | INFO | [perf frame=110800] preprocess=0.0ms, perspective=0.0ms, detect=1.6ms, postprocess=0.0ms, fuse+track=0.0ms
2026-05-22 19:20:20,776 | INFO | [perf frame=110900] preprocess=0.0ms, perspective=0.0ms, detect=1.6ms, postprocess=0.0ms, fuse+track=0.0ms
2026-05-22 19:20:21,235 | INFO | [perf frame=111000] preprocess=0.0ms, perspective=0.0ms, detect=1.4ms, postprocess=0.0ms, fuse+track=0.0ms
2026-05-22 19:20:21,698 | INFO | [perf frame=111100] preprocess=0.0ms, perspective=0.0ms, detect=1.5ms, postprocess=0.0ms, fuse+track=0.0ms
2026-05-22 19:20:22,182 | INFO | [perf frame=111200] preprocess=0.0ms, perspective=0.0ms, detect=1.6ms, postprocess=0.0ms, fuse+track=0.0ms
2026-05-22 19:20:22,642 | INFO | [perf frame=111300] preprocess=0.0ms, perspective=0.0ms, detect=1.4ms, postprocess=0.0ms, fuse+track=0.0ms
2026-05-22 19:20:23,117 | INFO | [perf frame=111400] preprocess=0.0ms, perspective=0.0ms, detect=1.6ms, postprocess=0.0ms, fuse+track=0.0ms
2026-05-22 19:20:23,544 | INFO | [perf frame=111500] preprocess=0.0ms, perspective=0.0ms, detect=1.1ms, postprocess=0.0ms, fuse+track=0.0ms
2026-05-22 19:20:24,018 | INFO | [perf frame=111600] preprocess=0.0ms, perspective=0.0ms, detect=1.5ms, postprocess=0.0ms, fuse+track=0.0ms
2026-05-22 19:20:24,501 | INFO | [perf frame=111700] preprocess=0.0ms, perspective=0.0ms, detect=1.6ms, postprocess=0.0ms, fuse+track=0.0ms
2026-05-22 19:20:24,975 | INFO | [perf frame=111800] preprocess=0.0ms, perspective=0.0ms, detect=1.5ms, postprocess=0.0ms, fuse+track=0.0ms
2026-05-22 19:20:25,454 | INFO | [perf frame=111900] preprocess=0.0ms, perspective=0.0ms, detect=1.6ms, postprocess=0.0ms, fuse+track=0.0ms
2026-05-22 19:20:25,934 | INFO | [perf frame=112000] preprocess=0.0ms, perspective=0.0ms, detect=1.5ms, postprocess=0.0ms, fuse+track=0.0ms
2026-05-22 19:20:26,403 | INFO | [perf frame=112100] preprocess=0.0ms, perspective=0.0ms, detect=1.5ms, postprocess=0.0ms, fuse+track=0.0ms
2026-05-22 19:20:26,882 | INFO | [perf frame=112200] preprocess=0.0ms, perspective=0.0ms, detect=1.6ms, postprocess=0.0ms, fuse+track=0.0ms
2026-05-22 19:20:27,351 | INFO | [perf frame=112300] preprocess=0.0ms, perspective=0.0ms, detect=1.5ms, postprocess=0.0ms, fuse+track=0.0ms
2026-05-22 19:20:27,820 | INFO | [perf frame=112400] preprocess=0.0ms, perspective=0.0ms, detect=1.5ms, postprocess=0.0ms, fuse+track=0.0ms
2026-05-22 19:20:28,308 | INFO | [perf frame=112500] preprocess=0.0ms, perspective=0.0ms, detect=1.6ms, postprocess=0.0ms, fuse+track=0.0ms
2026-05-22 19:20:28,781 | INFO | [perf frame=112600] preprocess=0.0ms, perspective=0.0ms, detect=1.5ms, postprocess=0.0ms, fuse+track=0.0ms
2026-05-22 19:20:29,265 | INFO | [perf frame=112700] preprocess=0.0ms, perspective=0.0ms, detect=1.6ms, postprocess=0.0ms, fuse+track=0.0ms
2026-05-22 19:20:29,733 | INFO | [perf frame=112800] preprocess=0.0ms, perspective=0.0ms, detect=1.5ms, postprocess=0.0ms, fuse+track=0.0ms
2026-05-22 19:20:30,208 | INFO | [perf frame=112900] preprocess=0.0ms, perspective=0.0ms, detect=1.5ms, postprocess=0.0ms, fuse+track=0.0ms
2026-05-22 19:20:30,690 | INFO | [perf frame=113000] preprocess=0.0ms, perspective=0.0ms, detect=1.6ms, postprocess=0.0ms, fuse+track=0.0ms
2026-05-22 19:20:31,179 | INFO | [perf frame=113100] preprocess=0.0ms, perspective=0.0ms, detect=1.6ms, postprocess=0.0ms, fuse+track=0.0ms
2026-05-22 19:20:31,661 | INFO | [perf frame=113200] preprocess=0.0ms, perspective=0.0ms, detect=1.6ms, postprocess=0.0ms, fuse+track=0.0ms
2026-05-22 19:20:32,135 | INFO | [perf frame=113300] preprocess=0.0ms, perspective=0.0ms, detect=1.5ms, postprocess=0.0ms, fuse+track=0.0ms
2026-05-22 19:20:32,608 | INFO | [perf frame=113400] preprocess=0.0ms, perspective=0.0ms, detect=1.5ms, postprocess=0.0ms, fuse+track=0.0ms
2026-05-22 19:20:33,085 | INFO | [perf frame=113500] preprocess=0.0ms, perspective=0.0ms, detect=1.5ms, postprocess=0.0ms, fuse+track=0.0ms
2026-05-22 19:20:33,557 | INFO | [perf frame=113600] preprocess=0.0ms, perspective=0.0ms, detect=1.5ms, postprocess=0.0ms, fuse+track=0.0ms
2026-05-22 19:20:34,024 | INFO | [perf frame=113700] preprocess=0.0ms, perspective=0.0ms, detect=1.5ms, postprocess=0.0ms, fuse+track=0.0ms
2026-05-22 19:20:34,495 | INFO | [perf frame=113800] preprocess=0.0ms, perspective=0.0ms, detect=1.5ms, postprocess=0.0ms, fuse+track=0.0ms
2026-05-22 19:20:34,965 | INFO | [perf frame=113900] preprocess=0.0ms, perspective=0.0ms, detect=1.5ms, postprocess=0.0ms, fuse+track=0.0ms
2026-05-22 19:20:35,434 | INFO | [perf frame=114000] preprocess=0.0ms, perspective=0.0ms, detect=1.5ms, postprocess=0.0ms, fuse+track=0.0ms
2026-05-22 19:20:35,907 | INFO | [perf frame=114100] preprocess=0.0ms, perspective=0.0ms, detect=1.5ms, postprocess=0.0ms, fuse+track=0.0ms
2026-05-22 19:20:36,374 | INFO | [perf frame=114200] preprocess=0.0ms, perspective=0.0ms, detect=1.5ms, postprocess=0.0ms, fuse+track=0.0ms
2026-05-22 19:20:36,861 | INFO | [perf frame=114300] preprocess=0.0ms, perspective=0.0ms, detect=1.6ms, postprocess=0.0ms, fuse+track=0.0ms
2026-05-22 19:20:37,327 | INFO | [perf frame=114400] preprocess=0.0ms, perspective=0.0ms, detect=1.5ms, postprocess=0.0ms, fuse+track=0.0ms
2026-05-22 19:20:37,830 | INFO | [perf frame=114500] preprocess=0.0ms, perspective=0.0ms, detect=1.6ms, postprocess=0.0ms, fuse+track=0.0ms
2026-05-22 19:20:38,309 | INFO | [perf frame=114600] preprocess=0.0ms, perspective=0.0ms, detect=1.5ms, postprocess=0.0ms, fuse+track=0.0ms
2026-05-22 19:20:38,782 | INFO | [perf frame=114700] preprocess=0.0ms, perspective=0.0ms, detect=1.5ms, postprocess=0.0ms, fuse+track=0.0ms
2026-05-22 19:20:39,251 | INFO | [perf frame=114800] preprocess=0.0ms, perspective=0.0ms, detect=1.5ms, postprocess=0.0ms, fuse+track=0.0ms
2026-05-22 19:20:39,716 | INFO | [perf frame=114900] preprocess=0.0ms, perspective=0.0ms, detect=1.4ms, postprocess=0.0ms, fuse+track=0.0ms
2026-05-22 19:20:40,184 | INFO | [perf frame=115000] preprocess=0.0ms, perspective=0.0ms, detect=1.5ms, postprocess=0.0ms, fuse+track=0.0ms
2026-05-22 19:20:40,656 | INFO | [perf frame=115100] preprocess=0.0ms, perspective=0.0ms, detect=1.5ms, postprocess=0.0ms, fuse+track=0.0ms
2026-05-22 19:20:41,121 | INFO | [perf frame=115200] preprocess=0.0ms, perspective=0.0ms, detect=1.5ms, postprocess=0.0ms, fuse+track=0.0ms
2026-05-22 19:20:41,596 | INFO | [perf frame=115300] preprocess=0.0ms, perspective=0.0ms, detect=1.5ms, postprocess=0.0ms, fuse+track=0.0ms
2026-05-22 19:20:42,067 | INFO | [perf frame=115400] preprocess=0.0ms, perspective=0.0ms, detect=1.5ms, postprocess=0.0ms, fuse+track=0.0ms
2026-05-22 19:20:42,519 | INFO | [perf frame=115500] preprocess=0.0ms, perspective=0.0ms, detect=1.4ms, postprocess=0.0ms, fuse+track=0.0ms
2026-05-22 19:20:42,996 | INFO | [perf frame=115600] preprocess=0.0ms, perspective=0.0ms, detect=1.5ms, postprocess=0.0ms, fuse+track=0.0ms
2026-05-22 19:20:43,464 | INFO | [perf frame=115700] preprocess=0.0ms, perspective=0.0ms, detect=1.5ms, postprocess=0.0ms, fuse+track=0.0ms
2026-05-22 19:20:43,939 | INFO | [perf frame=115800] preprocess=0.0ms, perspective=0.0ms, detect=1.5ms, postprocess=0.0ms, fuse+track=0.0ms
2026-05-22 19:20:44,416 | INFO | [perf frame=115900] preprocess=0.0ms, perspective=0.0ms, detect=1.6ms, postprocess=0.0ms, fuse+track=0.0ms
2026-05-22 19:20:44,884 | INFO | [perf frame=116000] preprocess=0.0ms, perspective=0.0ms, detect=1.5ms, postprocess=0.0ms, fuse+track=0.0ms
2026-05-22 19:20:45,358 | INFO | [perf frame=116100] preprocess=0.0ms, perspective=0.0ms, detect=1.6ms, postprocess=0.0ms, fuse+track=0.0ms
2026-05-22 19:20:45,832 | INFO | [perf frame=116200] preprocess=0.0ms, perspective=0.0ms, detect=1.5ms, postprocess=0.0ms, fuse+track=0.0ms
2026-05-22 19:20:46,298 | INFO | [perf frame=116300] preprocess=0.0ms, perspective=0.0ms, detect=1.5ms, postprocess=0.0ms, fuse+track=0.0ms
2026-05-22 19:20:46,754 | INFO | [perf frame=116400] preprocess=0.0ms, perspective=0.0ms, detect=1.4ms, postprocess=0.0ms, fuse+track=0.0ms
2026-05-22 19:20:47,224 | INFO | [perf frame=116500] preprocess=0.0ms, perspective=0.0ms, detect=1.5ms, postprocess=0.0ms, fuse+track=0.0ms
2026-05-22 19:20:47,694 | INFO | [perf frame=116600] preprocess=0.0ms, perspective=0.0ms, detect=1.5ms, postprocess=0.0ms, fuse+track=0.0ms
2026-05-22 19:20:48,176 | INFO | [perf frame=116700] preprocess=0.0ms, perspective=0.0ms, detect=1.5ms, postprocess=0.0ms, fuse+track=0.0ms
2026-05-22 19:20:48,653 | INFO | [perf frame=116800] preprocess=0.0ms, perspective=0.0ms, detect=1.5ms, postprocess=0.0ms, fuse+track=0.0ms
2026-05-22 19:20:49,096 | INFO | [perf frame=116900] preprocess=0.0ms, perspective=0.0ms, detect=1.3ms, postprocess=0.0ms, fuse+track=0.0ms
2026-05-22 19:20:49,577 | INFO | [perf frame=117000] preprocess=0.0ms, perspective=0.0ms, detect=1.6ms, postprocess=0.0ms, fuse+track=0.0ms
2026-05-22 19:20:50,046 | INFO | [perf frame=117100] preprocess=0.0ms, perspective=0.0ms, detect=1.5ms, postprocess=0.0ms, fuse+track=0.0ms
2026-05-22 19:20:50,524 | INFO | [perf frame=117200] preprocess=0.0ms, perspective=0.0ms, detect=1.6ms, postprocess=0.0ms, fuse+track=0.0ms
2026-05-22 19:20:50,999 | INFO | [perf frame=117300] preprocess=0.0ms, perspective=0.0ms, detect=1.5ms, postprocess=0.0ms, fuse+track=0.0ms
2026-05-22 19:20:51,470 | INFO | [perf frame=117400] preprocess=0.0ms, perspective=0.0ms, detect=1.5ms, postprocess=0.0ms, fuse+track=0.0ms
2026-05-22 19:20:51,946 | INFO | [perf frame=117500] preprocess=0.0ms, perspective=0.0ms, detect=1.6ms, postprocess=0.0ms, fuse+track=0.0ms
2026-05-22 19:20:52,414 | INFO | [perf frame=117600] preprocess=0.0ms, perspective=0.0ms, detect=1.5ms, postprocess=0.0ms, fuse+track=0.0ms
2026-05-22 19:20:52,888 | INFO | [perf frame=117700] preprocess=0.0ms, perspective=0.0ms, detect=1.6ms, postprocess=0.0ms, fuse+track=0.0ms
2026-05-22 19:20:53,374 | INFO | [perf frame=117800] preprocess=0.0ms, perspective=0.0ms, detect=1.6ms, postprocess=0.0ms, fuse+track=0.0ms
2026-05-22 19:20:53,845 | INFO | [perf frame=117900] preprocess=0.0ms, perspective=0.0ms, detect=1.5ms, postprocess=0.0ms, fuse+track=0.0ms
2026-05-22 19:20:54,315 | INFO | [perf frame=118000] preprocess=0.0ms, perspective=0.0ms, detect=1.5ms, postprocess=0.0ms, fuse+track=0.0ms
2026-05-22 19:20:54,789 | INFO | [perf frame=118100] preprocess=0.0ms, perspective=0.0ms, detect=1.6ms, postprocess=0.0ms, fuse+track=0.0ms
2026-05-22 19:20:55,283 | INFO | [perf frame=118200] preprocess=0.0ms, perspective=0.0ms, detect=1.7ms, postprocess=0.0ms, fuse+track=0.0ms
2026-05-22 19:20:55,754 | INFO | [perf frame=118300] preprocess=0.0ms, perspective=0.0ms, detect=1.5ms, postprocess=0.0ms, fuse+track=0.0ms
2026-05-22 19:20:56,206 | INFO | [perf frame=118400] preprocess=0.0ms, perspective=0.0ms, detect=1.4ms, postprocess=0.0ms, fuse+track=0.0ms
2026-05-22 19:20:56,676 | INFO | [perf frame=118500] preprocess=0.0ms, perspective=0.0ms, detect=1.5ms, postprocess=0.0ms, fuse+track=0.0ms
2026-05-22 19:20:57,147 | INFO | [perf frame=118600] preprocess=0.0ms, perspective=0.0ms, detect=1.5ms, postprocess=0.0ms, fuse+track=0.0ms
2026-05-22 19:20:57,603 | INFO | [perf frame=118700] preprocess=0.0ms, perspective=0.0ms, detect=1.4ms, postprocess=0.0ms, fuse+track=0.0ms
2026-05-22 19:20:58,088 | INFO | [perf frame=118800] preprocess=0.0ms, perspective=0.0ms, detect=1.6ms, postprocess=0.0ms, fuse+track=0.0ms
2026-05-22 19:20:58,563 | INFO | [perf frame=118900] preprocess=0.0ms, perspective=0.0ms, detect=1.5ms, postprocess=0.0ms, fuse+track=0.0ms
2026-05-22 19:20:59,028 | INFO | [perf frame=119000] preprocess=0.0ms, perspective=0.0ms, detect=1.5ms, postprocess=0.0ms, fuse+track=0.0ms
2026-05-22 19:20:59,496 | INFO | [perf frame=119100] preprocess=0.0ms, perspective=0.0ms, detect=1.4ms, postprocess=0.0ms, fuse+track=0.0ms
2026-05-22 19:20:59,961 | INFO | [perf frame=119200] preprocess=0.0ms, perspective=0.0ms, detect=1.5ms, postprocess=0.0ms, fuse+track=0.0ms
2026-05-22 19:21:00,436 | INFO | [perf frame=119300] preprocess=0.0ms, perspective=0.0ms, detect=1.5ms, postprocess=0.0ms, fuse+track=0.0ms
2026-05-22 19:21:00,925 | INFO | [perf frame=119400] preprocess=0.0ms, perspective=0.0ms, detect=1.6ms, postprocess=0.0ms, fuse+track=0.0ms
2026-05-22 19:21:01,402 | INFO | [perf frame=119500] preprocess=0.0ms, perspective=0.0ms, detect=1.5ms, postprocess=0.0ms, fuse+track=0.0ms
2026-05-22 19:21:01,877 | INFO | [perf frame=119600] preprocess=0.0ms, perspective=0.0ms, detect=1.6ms, postprocess=0.0ms, fuse+track=0.0ms
2026-05-22 19:21:02,358 | INFO | [perf frame=119700] preprocess=0.0ms, perspective=0.0ms, detect=1.6ms, postprocess=0.0ms, fuse+track=0.0ms
2026-05-22 19:21:02,836 | INFO | [perf frame=119800] preprocess=0.0ms, perspective=0.0ms, detect=1.5ms, postprocess=0.0ms, fuse+track=0.0ms
2026-05-22 19:21:03,315 | INFO | [perf frame=119900] preprocess=0.0ms, perspective=0.0ms, detect=1.6ms, postprocess=0.0ms, fuse+track=0.0ms
2026-05-22 19:21:03,777 | INFO | [perf frame=120000] preprocess=0.0ms, perspective=0.0ms, detect=1.5ms, postprocess=0.0ms, fuse+track=0.0ms
2026-05-22 19:21:04,243 | INFO | [perf frame=120100] preprocess=0.0ms, perspective=0.0ms, detect=1.5ms, postprocess=0.0ms, fuse+track=0.0ms
2026-05-22 19:21:04,730 | INFO | [perf frame=120200] preprocess=0.0ms, perspective=0.0ms, detect=1.6ms, postprocess=0.0ms, fuse+track=0.0ms
2026-05-22 19:21:05,216 | INFO | [perf frame=120300] preprocess=0.0ms, perspective=0.0ms, detect=1.6ms, postprocess=0.0ms, fuse+track=0.0ms
2026-05-22 19:21:05,685 | INFO | [perf frame=120400] preprocess=0.0ms, perspective=0.0ms, detect=1.5ms, postprocess=0.0ms, fuse+track=0.0ms
2026-05-22 19:21:06,161 | INFO | [perf frame=120500] preprocess=0.0ms, perspective=0.0ms, detect=1.5ms, postprocess=0.0ms, fuse+track=0.0ms
2026-05-22 19:21:06,649 | INFO | [perf frame=120600] preprocess=0.0ms, perspective=0.0ms, detect=1.6ms, postprocess=0.0ms, fuse+track=0.0ms
2026-05-22 19:21:07,118 | INFO | [perf frame=120700] preprocess=0.0ms, perspective=0.0ms, detect=1.5ms, postprocess=0.0ms, fuse+track=0.0ms
2026-05-22 19:21:07,597 | INFO | [perf frame=120800] preprocess=0.0ms, perspective=0.0ms, detect=1.6ms, postprocess=0.0ms, fuse+track=0.0ms
2026-05-22 19:21:08,071 | INFO | [perf frame=120900] preprocess=0.0ms, perspective=0.0ms, detect=1.5ms, postprocess=0.0ms, fuse+track=0.0ms
2026-05-22 19:21:08,549 | INFO | [perf frame=121000] preprocess=0.0ms, perspective=0.0ms, detect=1.5ms, postprocess=0.0ms, fuse+track=0.0ms
2026-05-22 19:21:09,046 | INFO | [perf frame=121100] preprocess=0.0ms, perspective=0.0ms, detect=1.5ms, postprocess=0.0ms, fuse+track=0.0ms
2026-05-22 19:21:09,512 | INFO | [perf frame=121200] preprocess=0.0ms, perspective=0.0ms, detect=1.5ms, postprocess=0.0ms, fuse+track=0.0ms
2026-05-22 19:21:10,001 | INFO | [perf frame=121300] preprocess=0.0ms, perspective=0.0ms, detect=1.6ms, postprocess=0.0ms, fuse+track=0.0ms
2026-05-22 19:21:10,467 | INFO | [perf frame=121400] preprocess=0.0ms, perspective=0.0ms, detect=1.5ms, postprocess=0.0ms, fuse+track=0.0ms
2026-05-22 19:21:10,923 | INFO | [perf frame=121500] preprocess=0.0ms, perspective=0.0ms, detect=1.4ms, postprocess=0.0ms, fuse+track=0.0ms
2026-05-22 19:21:11,395 | INFO | [perf frame=121600] preprocess=0.0ms, perspective=0.0ms, detect=1.5ms, postprocess=0.0ms, fuse+track=0.0ms
2026-05-22 19:21:11,865 | INFO | [perf frame=121700] preprocess=0.0ms, perspective=0.0ms, detect=1.5ms, postprocess=0.0ms, fuse+track=0.0ms
2026-05-22 19:21:12,328 | INFO | [perf frame=121800] preprocess=0.0ms, perspective=0.0ms, detect=1.5ms, postprocess=0.0ms, fuse+track=0.0ms
2026-05-22 19:21:12,812 | INFO | [perf frame=121900] preprocess=0.0ms, perspective=0.0ms, detect=1.6ms, postprocess=0.0ms, fuse+track=0.0ms
2026-05-22 19:21:13,270 | INFO | [perf frame=122000] preprocess=0.0ms, perspective=0.0ms, detect=1.4ms, postprocess=0.0ms, fuse+track=0.0ms
2026-05-22 19:21:13,737 | INFO | [perf frame=122100] preprocess=0.0ms, perspective=0.0ms, detect=1.5ms, postprocess=0.0ms, fuse+track=0.0ms
2026-05-22 19:21:14,216 | INFO | [perf frame=122200] preprocess=0.0ms, perspective=0.0ms, detect=1.5ms, postprocess=0.0ms, fuse+track=0.0ms
2026-05-22 19:21:14,688 | INFO | [perf frame=122300] preprocess=0.0ms, perspective=0.0ms, detect=1.5ms, postprocess=0.0ms, fuse+track=0.0ms
2026-05-22 19:21:15,149 | INFO | [perf frame=122400] preprocess=0.0ms, perspective=0.0ms, detect=1.4ms, postprocess=0.0ms, fuse+track=0.0ms
2026-05-22 19:21:15,626 | INFO | [perf frame=122500] preprocess=0.0ms, perspective=0.0ms, detect=1.5ms, postprocess=0.0ms, fuse+track=0.0ms
2026-05-22 19:21:16,087 | INFO | [perf frame=122600] preprocess=0.0ms, perspective=0.0ms, detect=1.4ms, postprocess=0.0ms, fuse+track=0.0ms
2026-05-22 19:21:16,564 | INFO | [perf frame=122700] preprocess=0.0ms, perspective=0.0ms, detect=1.5ms, postprocess=0.0ms, fuse+track=0.0ms
2026-05-22 19:21:17,034 | INFO | [perf frame=122800] preprocess=0.0ms, perspective=0.0ms, detect=1.5ms, postprocess=0.0ms, fuse+track=0.0ms
2026-05-22 19:21:17,496 | INFO | [perf frame=122900] preprocess=0.0ms, perspective=0.0ms, detect=1.5ms, postprocess=0.0ms, fuse+track=0.0ms
2026-05-22 19:21:17,976 | INFO | [perf frame=123000] preprocess=0.0ms, perspective=0.0ms, detect=1.6ms, postprocess=0.0ms, fuse+track=0.0ms
2026-05-22 19:21:18,440 | INFO | [perf frame=123100] preprocess=0.0ms, perspective=0.0ms, detect=1.5ms, postprocess=0.0ms, fuse+track=0.0ms
2026-05-22 19:21:18,903 | INFO | [perf frame=123200] preprocess=0.0ms, perspective=0.0ms, detect=1.5ms, postprocess=0.0ms, fuse+track=0.0ms
2026-05-22 19:21:19,371 | INFO | [perf frame=123300] preprocess=0.0ms, perspective=0.0ms, detect=1.5ms, postprocess=0.0ms, fuse+track=0.0ms
2026-05-22 19:21:19,845 | INFO | [perf frame=123400] preprocess=0.0ms, perspective=0.0ms, detect=1.5ms, postprocess=0.0ms, fuse+track=0.0ms
2026-05-22 19:21:20,325 | INFO | [perf frame=123500] preprocess=0.0ms, perspective=0.0ms, detect=1.6ms, postprocess=0.0ms, fuse+track=0.0ms
2026-05-22 19:21:20,801 | INFO | [perf frame=123600] preprocess=0.0ms, perspective=0.0ms, detect=1.5ms, postprocess=0.0ms, fuse+track=0.0ms
2026-05-22 19:21:21,274 | INFO | [perf frame=123700] preprocess=0.0ms, perspective=0.0ms, detect=1.5ms, postprocess=0.0ms, fuse+track=0.0ms
2026-05-22 19:21:21,755 | INFO | [perf frame=123800] preprocess=0.0ms, perspective=0.0ms, detect=1.6ms, postprocess=0.0ms, fuse+track=0.0ms
2026-05-22 19:21:22,232 | INFO | [perf frame=123900] preprocess=0.0ms, perspective=0.0ms, detect=1.5ms, postprocess=0.0ms, fuse+track=0.0ms
2026-05-22 19:21:22,711 | INFO | [perf frame=124000] preprocess=0.0ms, perspective=0.0ms, detect=1.5ms, postprocess=0.0ms, fuse+track=0.0ms
2026-05-22 19:21:23,178 | INFO | [perf frame=124100] preprocess=0.0ms, perspective=0.0ms, detect=1.5ms, postprocess=0.0ms, fuse+track=0.0ms
2026-05-22 19:21:23,687 | INFO | [perf frame=124200] preprocess=0.0ms, perspective=0.0ms, detect=1.4ms, postprocess=0.0ms, fuse+track=0.0ms
2026-05-22 19:21:24,236 | INFO | [perf frame=124300] preprocess=0.0ms, perspective=0.0ms, detect=1.5ms, postprocess=0.0ms, fuse+track=0.1ms
2026-05-22 19:21:24,738 | INFO | [perf frame=124400] preprocess=0.0ms, perspective=0.0ms, detect=1.6ms, postprocess=0.0ms, fuse+track=0.0ms
2026-05-22 19:21:25,235 | INFO | [perf frame=124500] preprocess=0.0ms, perspective=0.0ms, detect=1.5ms, postprocess=0.0ms, fuse+track=0.0ms
2026-05-22 19:21:25,769 | INFO | [perf frame=124600] preprocess=0.0ms, perspective=0.0ms, detect=1.5ms, postprocess=0.0ms, fuse+track=0.1ms
2026-05-22 19:21:26,301 | INFO | [perf frame=124700] preprocess=0.0ms, perspective=0.0ms, detect=1.5ms, postprocess=0.0ms, fuse+track=0.1ms
2026-05-22 19:21:26,834 | INFO | [perf frame=124800] preprocess=0.0ms, perspective=0.0ms, detect=1.5ms, postprocess=0.0ms, fuse+track=0.1ms
2026-05-22 19:21:27,345 | INFO | [perf frame=124900] preprocess=0.0ms, perspective=0.0ms, detect=1.4ms, postprocess=0.0ms, fuse+track=0.0ms
2026-05-22 19:21:27,840 | INFO | [perf frame=125000] preprocess=0.0ms, perspective=0.0ms, detect=1.4ms, postprocess=0.0ms, fuse+track=0.0ms
2026-05-22 19:21:28,312 | INFO | [perf frame=125100] preprocess=0.0ms, perspective=0.0ms, detect=1.5ms, postprocess=0.0ms, fuse+track=0.0ms
2026-05-22 19:21:28,791 | INFO | [perf frame=125200] preprocess=0.0ms, perspective=0.0ms, detect=1.6ms, postprocess=0.0ms, fuse+track=0.0ms
2026-05-22 19:21:29,244 | INFO | [perf frame=125300] preprocess=0.0ms, perspective=0.0ms, detect=1.4ms, postprocess=0.0ms, fuse+track=0.0ms
2026-05-22 19:21:29,714 | INFO | [perf frame=125400] preprocess=0.0ms, perspective=0.0ms, detect=1.5ms, postprocess=0.0ms, fuse+track=0.0ms
2026-05-22 19:21:30,198 | INFO | [perf frame=125500] preprocess=0.0ms, perspective=0.0ms, detect=1.6ms, postprocess=0.0ms, fuse+track=0.0ms
2026-05-22 19:21:30,681 | INFO | [perf frame=125600] preprocess=0.0ms, perspective=0.0ms, detect=1.5ms, postprocess=0.0ms, fuse+track=0.0ms
2026-05-22 19:21:31,153 | INFO | [perf frame=125700] preprocess=0.0ms, perspective=0.0ms, detect=1.5ms, postprocess=0.0ms, fuse+track=0.0ms
2026-05-22 19:21:31,635 | INFO | [perf frame=125800] preprocess=0.0ms, perspective=0.0ms, detect=1.6ms, postprocess=0.0ms, fuse+track=0.0ms
2026-05-22 19:21:32,108 | INFO | [perf frame=125900] preprocess=0.0ms, perspective=0.0ms, detect=1.5ms, postprocess=0.0ms, fuse+track=0.0ms
2026-05-22 19:21:32,588 | INFO | [perf frame=126000] preprocess=0.0ms, perspective=0.0ms, detect=1.6ms, postprocess=0.0ms, fuse+track=0.0ms
2026-05-22 19:21:33,093 | INFO | [perf frame=126100] preprocess=0.0ms, perspective=0.0ms, detect=1.4ms, postprocess=0.0ms, fuse+track=0.0ms
2026-05-22 19:21:33,615 | INFO | [perf frame=126200] preprocess=0.0ms, perspective=0.0ms, detect=1.4ms, postprocess=0.0ms, fuse+track=0.1ms
2026-05-22 19:21:34,124 | INFO | [perf frame=126300] preprocess=0.0ms, perspective=0.0ms, detect=1.4ms, postprocess=0.0ms, fuse+track=0.0ms
2026-05-22 19:21:34,647 | INFO | [perf frame=126400] preprocess=0.0ms, perspective=0.0ms, detect=1.4ms, postprocess=0.0ms, fuse+track=0.1ms
2026-05-22 19:21:35,183 | INFO | [perf frame=126500] preprocess=0.0ms, perspective=0.0ms, detect=1.5ms, postprocess=0.0ms, fuse+track=0.1ms
2026-05-22 19:21:35,693 | INFO | [perf frame=126600] preprocess=0.0ms, perspective=0.0ms, detect=1.6ms, postprocess=0.0ms, fuse+track=0.0ms
2026-05-22 19:21:36,157 | INFO | [perf frame=126700] preprocess=0.0ms, perspective=0.0ms, detect=1.5ms, postprocess=0.0ms, fuse+track=0.0ms
2026-05-22 19:21:36,633 | INFO | [perf frame=126800] preprocess=0.0ms, perspective=0.0ms, detect=1.5ms, postprocess=0.0ms, fuse+track=0.0ms
2026-05-22 19:21:37,102 | INFO | [perf frame=126900] preprocess=0.0ms, perspective=0.0ms, detect=1.5ms, postprocess=0.0ms, fuse+track=0.0ms
2026-05-22 19:21:37,564 | INFO | [perf frame=127000] preprocess=0.0ms, perspective=0.0ms, detect=1.4ms, postprocess=0.0ms, fuse+track=0.0ms
2026-05-22 19:21:38,023 | INFO | [perf frame=127100] preprocess=0.0ms, perspective=0.0ms, detect=1.5ms, postprocess=0.0ms, fuse+track=0.0ms
2026-05-22 19:21:38,483 | INFO | [perf frame=127200] preprocess=0.0ms, perspective=0.0ms, detect=1.5ms, postprocess=0.0ms, fuse+track=0.0ms
2026-05-22 19:21:38,939 | INFO | [perf frame=127300] preprocess=0.0ms, perspective=0.0ms, detect=1.4ms, postprocess=0.0ms, fuse+track=0.0ms
2026-05-22 19:21:39,390 | INFO | [perf frame=127400] preprocess=0.0ms, perspective=0.0ms, detect=1.4ms, postprocess=0.0ms, fuse+track=0.0ms
2026-05-22 19:21:39,873 | INFO | [perf frame=127500] preprocess=0.0ms, perspective=0.0ms, detect=1.6ms, postprocess=0.0ms, fuse+track=0.0ms
2026-05-22 19:21:40,339 | INFO | [perf frame=127600] preprocess=0.0ms, perspective=0.0ms, detect=1.5ms, postprocess=0.0ms, fuse+track=0.0ms
2026-05-22 19:21:40,823 | INFO | [perf frame=127700] preprocess=0.0ms, perspective=0.0ms, detect=1.6ms, postprocess=0.0ms, fuse+track=0.0ms
2026-05-22 19:21:41,312 | INFO | [perf frame=127800] preprocess=0.0ms, perspective=0.0ms, detect=1.6ms, postprocess=0.0ms, fuse+track=0.0ms
2026-05-22 19:21:41,800 | INFO | [perf frame=127900] preprocess=0.0ms, perspective=0.0ms, detect=1.6ms, postprocess=0.0ms, fuse+track=0.0ms
2026-05-22 19:21:42,276 | INFO | [perf frame=128000] preprocess=0.0ms, perspective=0.0ms, detect=1.6ms, postprocess=0.0ms, fuse+track=0.0ms
2026-05-22 19:21:42,742 | INFO | [perf frame=128100] preprocess=0.0ms, perspective=0.0ms, detect=1.4ms, postprocess=0.0ms, fuse+track=0.0ms
2026-05-22 19:21:43,224 | INFO | [perf frame=128200] preprocess=0.0ms, perspective=0.0ms, detect=1.6ms, postprocess=0.0ms, fuse+track=0.0ms
2026-05-22 19:21:43,699 | INFO | [perf frame=128300] preprocess=0.0ms, perspective=0.0ms, detect=1.5ms, postprocess=0.0ms, fuse+track=0.0ms
2026-05-22 19:21:44,176 | INFO | [perf frame=128400] preprocess=0.0ms, perspective=0.0ms, detect=1.6ms, postprocess=0.0ms, fuse+track=0.0ms
2026-05-22 19:21:44,647 | INFO | [perf frame=128500] preprocess=0.0ms, perspective=0.0ms, detect=1.5ms, postprocess=0.0ms, fuse+track=0.0ms
2026-05-22 19:21:45,111 | INFO | [perf frame=128600] preprocess=0.0ms, perspective=0.0ms, detect=1.5ms, postprocess=0.0ms, fuse+track=0.0ms
2026-05-22 19:21:45,598 | INFO | [perf frame=128700] preprocess=0.0ms, perspective=0.0ms, detect=1.6ms, postprocess=0.0ms, fuse+track=0.0ms
2026-05-22 19:21:46,070 | INFO | [perf frame=128800] preprocess=0.0ms, perspective=0.0ms, detect=1.5ms, postprocess=0.0ms, fuse+track=0.0ms
2026-05-22 19:21:46,544 | INFO | [perf frame=128900] preprocess=0.0ms, perspective=0.0ms, detect=1.6ms, postprocess=0.0ms, fuse+track=0.0ms
2026-05-22 19:21:47,002 | INFO | [perf frame=129000] preprocess=0.0ms, perspective=0.0ms, detect=1.4ms, postprocess=0.0ms, fuse+track=0.0ms
2026-05-22 19:21:47,465 | INFO | [perf frame=129100] preprocess=0.0ms, perspective=0.0ms, detect=1.5ms, postprocess=0.0ms, fuse+track=0.0ms
2026-05-22 19:21:47,941 | INFO | [perf frame=129200] preprocess=0.0ms, perspective=0.0ms, detect=1.6ms, postprocess=0.0ms, fuse+track=0.0ms
2026-05-22 19:21:48,420 | INFO | [perf frame=129300] preprocess=0.0ms, perspective=0.0ms, detect=1.6ms, postprocess=0.0ms, fuse+track=0.0ms
2026-05-22 19:21:48,918 | INFO | [perf frame=129400] preprocess=0.0ms, perspective=0.0ms, detect=1.4ms, postprocess=0.0ms, fuse+track=0.0ms
2026-05-22 19:21:49,383 | INFO | [perf frame=129500] preprocess=0.0ms, perspective=0.0ms, detect=1.5ms, postprocess=0.0ms, fuse+track=0.0ms
2026-05-22 19:21:49,858 | INFO | [perf frame=129600] preprocess=0.0ms, perspective=0.0ms, detect=1.6ms, postprocess=0.0ms, fuse+track=0.0ms
2026-05-22 19:21:50,342 | INFO | [perf frame=129700] preprocess=0.0ms, perspective=0.0ms, detect=1.6ms, postprocess=0.0ms, fuse+track=0.0ms
2026-05-22 19:21:50,817 | INFO | [perf frame=129800] preprocess=0.0ms, perspective=0.0ms, detect=1.5ms, postprocess=0.0ms, fuse+track=0.0ms
2026-05-22 19:21:51,296 | INFO | [perf frame=129900] preprocess=0.0ms, perspective=0.0ms, detect=1.6ms, postprocess=0.0ms, fuse+track=0.0ms
2026-05-22 19:21:51,783 | INFO | [perf frame=130000] preprocess=0.0ms, perspective=0.0ms, detect=1.6ms, postprocess=0.0ms, fuse+track=0.0ms
2026-05-22 19:21:52,260 | INFO | [perf frame=130100] preprocess=0.0ms, perspective=0.0ms, detect=1.6ms, postprocess=0.0ms, fuse+track=0.0ms
2026-05-22 19:21:52,740 | INFO | [perf frame=130200] preprocess=0.0ms, perspective=0.0ms, detect=1.6ms, postprocess=0.0ms, fuse+track=0.0ms
2026-05-22 19:21:53,219 | INFO | [perf frame=130300] preprocess=0.0ms, perspective=0.0ms, detect=1.6ms, postprocess=0.0ms, fuse+track=0.0ms
2026-05-22 19:21:53,690 | INFO | [perf frame=130400] preprocess=0.0ms, perspective=0.0ms, detect=1.5ms, postprocess=0.0ms, fuse+track=0.0ms
2026-05-22 19:21:54,143 | INFO | [perf frame=130500] preprocess=0.0ms, perspective=0.0ms, detect=1.4ms, postprocess=0.0ms, fuse+track=0.0ms
2026-05-22 19:21:54,612 | INFO | [perf frame=130600] preprocess=0.0ms, perspective=0.0ms, detect=1.5ms, postprocess=0.0ms, fuse+track=0.0ms
2026-05-22 19:21:55,074 | INFO | [perf frame=130700] preprocess=0.0ms, perspective=0.0ms, detect=1.5ms, postprocess=0.0ms, fuse+track=0.0ms
2026-05-22 19:21:55,553 | INFO | [perf frame=130800] preprocess=0.0ms, perspective=0.0ms, detect=1.6ms, postprocess=0.0ms, fuse+track=0.0ms
2026-05-22 19:21:56,037 | INFO | [perf frame=130900] preprocess=0.0ms, perspective=0.0ms, detect=1.6ms, postprocess=0.0ms, fuse+track=0.0ms
2026-05-22 19:21:56,526 | INFO | [perf frame=131000] preprocess=0.0ms, perspective=0.0ms, detect=1.6ms, postprocess=0.0ms, fuse+track=0.0ms
2026-05-22 19:21:56,999 | INFO | [perf frame=131100] preprocess=0.0ms, perspective=0.0ms, detect=1.5ms, postprocess=0.0ms, fuse+track=0.0ms
2026-05-22 19:21:57,458 | INFO | [perf frame=131200] preprocess=0.0ms, perspective=0.0ms, detect=1.4ms, postprocess=0.0ms, fuse+track=0.0ms
2026-05-22 19:21:57,941 | INFO | [perf frame=131300] preprocess=0.0ms, perspective=0.0ms, detect=1.6ms, postprocess=0.0ms, fuse+track=0.0ms
2026-05-22 19:21:58,421 | INFO | [perf frame=131400] preprocess=0.0ms, perspective=0.0ms, detect=1.6ms, postprocess=0.0ms, fuse+track=0.0ms
2026-05-22 19:21:58,904 | INFO | [perf frame=131500] preprocess=0.0ms, perspective=0.0ms, detect=1.6ms, postprocess=0.0ms, fuse+track=0.0ms
2026-05-22 19:21:59,359 | INFO | [perf frame=131600] preprocess=0.0ms, perspective=0.0ms, detect=1.4ms, postprocess=0.0ms, fuse+track=0.0ms
2026-05-22 19:21:59,848 | INFO | [perf frame=131700] preprocess=0.0ms, perspective=0.0ms, detect=1.6ms, postprocess=0.0ms, fuse+track=0.0ms
2026-05-22 19:22:00,311 | INFO | [perf frame=131800] preprocess=0.0ms, perspective=0.0ms, detect=1.4ms, postprocess=0.0ms, fuse+track=0.0ms
2026-05-22 19:22:00,785 | INFO | [perf frame=131900] preprocess=0.0ms, perspective=0.0ms, detect=1.5ms, postprocess=0.0ms, fuse+track=0.0ms
2026-05-22 19:22:01,274 | INFO | [perf frame=132000] preprocess=0.0ms, perspective=0.0ms, detect=1.6ms, postprocess=0.0ms, fuse+track=0.0ms
2026-05-22 19:22:01,749 | INFO | [perf frame=132100] preprocess=0.0ms, perspective=0.0ms, detect=1.5ms, postprocess=0.0ms, fuse+track=0.0ms
2026-05-22 19:22:02,216 | INFO | [perf frame=132200] preprocess=0.0ms, perspective=0.0ms, detect=1.5ms, postprocess=0.0ms, fuse+track=0.0ms
2026-05-22 19:22:02,681 | INFO | [perf frame=132300] preprocess=0.0ms, perspective=0.0ms, detect=1.5ms, postprocess=0.0ms, fuse+track=0.0ms
2026-05-22 19:22:03,158 | INFO | [perf frame=132400] preprocess=0.0ms, perspective=0.0ms, detect=1.6ms, postprocess=0.0ms, fuse+track=0.0ms
2026-05-22 19:22:03,634 | INFO | [perf frame=132500] preprocess=0.0ms, perspective=0.0ms, detect=1.6ms, postprocess=0.0ms, fuse+track=0.0ms
2026-05-22 19:22:04,120 | INFO | [perf frame=132600] preprocess=0.0ms, perspective=0.0ms, detect=1.6ms, postprocess=0.0ms, fuse+track=0.0ms
2026-05-22 19:22:04,612 | INFO | [perf frame=132700] preprocess=0.0ms, perspective=0.0ms, detect=1.6ms, postprocess=0.0ms, fuse+track=0.0ms
2026-05-22 19:22:05,080 | INFO | [perf frame=132800] preprocess=0.0ms, perspective=0.0ms, detect=1.5ms, postprocess=0.0ms, fuse+track=0.0ms
2026-05-22 19:22:05,543 | INFO | [perf frame=132900] preprocess=0.0ms, perspective=0.0ms, detect=1.5ms, postprocess=0.0ms, fuse+track=0.0ms
2026-05-22 19:22:06,008 | INFO | [perf frame=133000] preprocess=0.0ms, perspective=0.0ms, detect=1.5ms, postprocess=0.0ms, fuse+track=0.0ms
2026-05-22 19:22:06,475 | INFO | [perf frame=133100] preprocess=0.0ms, perspective=0.0ms, detect=1.5ms, postprocess=0.0ms, fuse+track=0.0ms
2026-05-22 19:22:06,938 | INFO | [perf frame=133200] preprocess=0.0ms, perspective=0.0ms, detect=1.5ms, postprocess=0.0ms, fuse+track=0.0ms
2026-05-22 19:22:07,417 | INFO | [perf frame=133300] preprocess=0.0ms, perspective=0.0ms, detect=1.6ms, postprocess=0.0ms, fuse+track=0.0ms
2026-05-22 19:22:07,882 | INFO | [perf frame=133400] preprocess=0.0ms, perspective=0.0ms, detect=1.5ms, postprocess=0.0ms, fuse+track=0.0ms
2026-05-22 19:22:08,356 | INFO | [perf frame=133500] preprocess=0.0ms, perspective=0.0ms, detect=1.5ms, postprocess=0.0ms, fuse+track=0.0ms
2026-05-22 19:22:08,813 | INFO | [perf frame=133600] preprocess=0.0ms, perspective=0.0ms, detect=1.4ms, postprocess=0.0ms, fuse+track=0.0ms
2026-05-22 19:22:09,288 | INFO | [perf frame=133700] preprocess=0.0ms, perspective=0.0ms, detect=1.6ms, postprocess=0.0ms, fuse+track=0.0ms
2026-05-22 19:22:09,778 | INFO | [perf frame=133800] preprocess=0.0ms, perspective=0.0ms, detect=1.7ms, postprocess=0.0ms, fuse+track=0.0ms
2026-05-22 19:22:10,251 | INFO | [perf frame=133900] preprocess=0.0ms, perspective=0.0ms, detect=1.5ms, postprocess=0.0ms, fuse+track=0.0ms
2026-05-22 19:22:10,740 | INFO | [perf frame=134000] preprocess=0.0ms, perspective=0.0ms, detect=1.6ms, postprocess=0.0ms, fuse+track=0.0ms
2026-05-22 19:22:11,214 | INFO | [perf frame=134100] preprocess=0.0ms, perspective=0.0ms, detect=1.5ms, postprocess=0.0ms, fuse+track=0.0ms
2026-05-22 19:22:11,675 | INFO | [perf frame=134200] preprocess=0.0ms, perspective=0.0ms, detect=1.5ms, postprocess=0.0ms, fuse+track=0.0ms
2026-05-22 19:22:12,153 | INFO | [perf frame=134300] preprocess=0.0ms, perspective=0.0ms, detect=1.6ms, postprocess=0.0ms, fuse+track=0.0ms
2026-05-22 19:22:12,615 | INFO | [perf frame=134400] preprocess=0.0ms, perspective=0.0ms, detect=1.5ms, postprocess=0.0ms, fuse+track=0.0ms
2026-05-22 19:22:13,089 | INFO | [perf frame=134500] preprocess=0.0ms, perspective=0.0ms, detect=1.5ms, postprocess=0.0ms, fuse+track=0.0ms
2026-05-22 19:22:13,576 | INFO | [perf frame=134600] preprocess=0.0ms, perspective=0.0ms, detect=1.6ms, postprocess=0.0ms, fuse+track=0.0ms
2026-05-22 19:22:14,037 | INFO | [perf frame=134700] preprocess=0.0ms, perspective=0.0ms, detect=1.5ms, postprocess=0.0ms, fuse+track=0.0ms
2026-05-22 19:22:14,497 | INFO | [perf frame=134800] preprocess=0.0ms, perspective=0.0ms, detect=1.5ms, postprocess=0.0ms, fuse+track=0.0ms
2026-05-22 19:22:14,967 | INFO | [perf frame=134900] preprocess=0.0ms, perspective=0.0ms, detect=1.5ms, postprocess=0.0ms, fuse+track=0.0ms
2026-05-22 19:22:15,442 | INFO | [perf frame=135000] preprocess=0.0ms, perspective=0.0ms, detect=1.5ms, postprocess=0.0ms, fuse+track=0.0ms
2026-05-22 19:22:15,922 | INFO | [perf frame=135100] preprocess=0.0ms, perspective=0.0ms, detect=1.6ms, postprocess=0.0ms, fuse+track=0.0ms
2026-05-22 19:22:16,408 | INFO | [perf frame=135200] preprocess=0.0ms, perspective=0.0ms, detect=1.6ms, postprocess=0.0ms, fuse+track=0.0ms
2026-05-22 19:22:16,891 | INFO | [perf frame=135300] preprocess=0.0ms, perspective=0.0ms, detect=1.6ms, postprocess=0.0ms, fuse+track=0.0ms
2026-05-22 19:22:17,366 | INFO | [perf frame=135400] preprocess=0.0ms, perspective=0.0ms, detect=1.6ms, postprocess=0.0ms, fuse+track=0.0ms
2026-05-22 19:22:17,815 | INFO | [perf frame=135500] preprocess=0.0ms, perspective=0.0ms, detect=1.4ms, postprocess=0.0ms, fuse+track=0.0ms
2026-05-22 19:22:18,308 | INFO | [perf frame=135600] preprocess=0.0ms, perspective=0.0ms, detect=1.7ms, postprocess=0.0ms, fuse+track=0.0ms
2026-05-22 19:22:18,778 | INFO | [perf frame=135700] preprocess=0.0ms, perspective=0.0ms, detect=1.5ms, postprocess=0.0ms, fuse+track=0.0ms
2026-05-22 19:22:19,261 | INFO | [perf frame=135800] preprocess=0.0ms, perspective=0.0ms, detect=1.5ms, postprocess=0.0ms, fuse+track=0.0ms
2026-05-22 19:22:19,724 | INFO | [perf frame=135900] preprocess=0.0ms, perspective=0.0ms, detect=1.5ms, postprocess=0.0ms, fuse+track=0.0ms
2026-05-22 19:22:20,192 | INFO | [perf frame=136000] preprocess=0.0ms, perspective=0.0ms, detect=1.5ms, postprocess=0.0ms, fuse+track=0.0ms
2026-05-22 19:22:20,671 | INFO | [perf frame=136100] preprocess=0.0ms, perspective=0.0ms, detect=1.6ms, postprocess=0.0ms, fuse+track=0.0ms
2026-05-22 19:22:21,134 | INFO | [perf frame=136200] preprocess=0.0ms, perspective=0.0ms, detect=1.5ms, postprocess=0.0ms, fuse+track=0.0ms
2026-05-22 19:22:21,615 | INFO | [perf frame=136300] preprocess=0.0ms, perspective=0.0ms, detect=1.5ms, postprocess=0.0ms, fuse+track=0.0ms
2026-05-22 19:22:22,075 | INFO | [perf frame=136400] preprocess=0.0ms, perspective=0.0ms, detect=1.4ms, postprocess=0.0ms, fuse+track=0.0ms
2026-05-22 19:22:22,557 | INFO | [perf frame=136500] preprocess=0.0ms, perspective=0.0ms, detect=1.6ms, postprocess=0.0ms, fuse+track=0.0ms
2026-05-22 19:22:23,025 | INFO | [perf frame=136600] preprocess=0.0ms, perspective=0.0ms, detect=1.5ms, postprocess=0.0ms, fuse+track=0.0ms
2026-05-22 19:22:23,493 | INFO | [perf frame=136700] preprocess=0.0ms, perspective=0.0ms, detect=1.5ms, postprocess=0.0ms, fuse+track=0.0ms
2026-05-22 19:22:23,976 | INFO | [perf frame=136800] preprocess=0.0ms, perspective=0.0ms, detect=1.6ms, postprocess=0.0ms, fuse+track=0.0ms
2026-05-22 19:22:24,458 | INFO | [perf frame=136900] preprocess=0.0ms, perspective=0.0ms, detect=1.6ms, postprocess=0.0ms, fuse+track=0.0ms
2026-05-22 19:22:24,936 | INFO | [perf frame=137000] preprocess=0.0ms, perspective=0.0ms, detect=1.6ms, postprocess=0.0ms, fuse+track=0.0ms
2026-05-22 19:22:25,408 | INFO | [perf frame=137100] preprocess=0.0ms, perspective=0.0ms, detect=1.5ms, postprocess=0.0ms, fuse+track=0.0ms
2026-05-22 19:22:25,898 | INFO | [perf frame=137200] preprocess=0.0ms, perspective=0.0ms, detect=1.6ms, postprocess=0.0ms, fuse+track=0.0ms
2026-05-22 19:22:26,355 | INFO | [perf frame=137300] preprocess=0.0ms, perspective=0.0ms, detect=1.4ms, postprocess=0.0ms, fuse+track=0.0ms
2026-05-22 19:22:26,834 | INFO | [perf frame=137400] preprocess=0.0ms, perspective=0.0ms, detect=1.6ms, postprocess=0.0ms, fuse+track=0.0ms
2026-05-22 19:22:27,306 | INFO | [perf frame=137500] preprocess=0.0ms, perspective=0.0ms, detect=1.5ms, postprocess=0.0ms, fuse+track=0.0ms
2026-05-22 19:22:27,776 | INFO | [perf frame=137600] preprocess=0.0ms, perspective=0.0ms, detect=1.5ms, postprocess=0.0ms, fuse+track=0.0ms
2026-05-22 19:22:28,258 | INFO | [perf frame=137700] preprocess=0.0ms, perspective=0.0ms, detect=1.6ms, postprocess=0.0ms, fuse+track=0.0ms
2026-05-22 19:22:28,743 | INFO | [perf frame=137800] preprocess=0.0ms, perspective=0.0ms, detect=1.6ms, postprocess=0.0ms, fuse+track=0.0ms
2026-05-22 19:22:29,212 | INFO | [perf frame=137900] preprocess=0.0ms, perspective=0.0ms, detect=1.6ms, postprocess=0.0ms, fuse+track=0.0ms
2026-05-22 19:22:29,674 | INFO | [perf frame=138000] preprocess=0.0ms, perspective=0.0ms, detect=1.5ms, postprocess=0.0ms, fuse+track=0.0ms
2026-05-22 19:22:30,142 | INFO | [perf frame=138100] preprocess=0.0ms, perspective=0.0ms, detect=1.5ms, postprocess=0.0ms, fuse+track=0.0ms
2026-05-22 19:22:30,631 | INFO | [perf frame=138200] preprocess=0.0ms, perspective=0.0ms, detect=1.7ms, postprocess=0.0ms, fuse+track=0.0ms
2026-05-22 19:22:31,121 | INFO | [perf frame=138300] preprocess=0.0ms, perspective=0.0ms, detect=1.7ms, postprocess=0.0ms, fuse+track=0.0ms
2026-05-22 19:22:31,615 | INFO | [perf frame=138400] preprocess=0.0ms, perspective=0.0ms, detect=1.7ms, postprocess=0.0ms, fuse+track=0.0ms
2026-05-22 19:22:32,105 | INFO | [perf frame=138500] preprocess=0.0ms, perspective=0.0ms, detect=1.6ms, postprocess=0.0ms, fuse+track=0.0ms
2026-05-22 19:22:32,585 | INFO | [perf frame=138600] preprocess=0.0ms, perspective=0.0ms, detect=1.6ms, postprocess=0.0ms, fuse+track=0.0ms
2026-05-22 19:22:33,057 | INFO | [perf frame=138700] preprocess=0.0ms, perspective=0.0ms, detect=1.6ms, postprocess=0.0ms, fuse+track=0.0ms
2026-05-22 19:22:33,532 | INFO | [perf frame=138800] preprocess=0.0ms, perspective=0.0ms, detect=1.6ms, postprocess=0.0ms, fuse+track=0.0ms
2026-05-22 19:22:34,001 | INFO | [perf frame=138900] preprocess=0.0ms, perspective=0.0ms, detect=1.5ms, postprocess=0.0ms, fuse+track=0.0ms
2026-05-22 19:22:34,485 | INFO | [perf frame=139000] preprocess=0.0ms, perspective=0.0ms, detect=1.6ms, postprocess=0.0ms, fuse+track=0.0ms
2026-05-22 19:22:34,948 | INFO | [perf frame=139100] preprocess=0.0ms, perspective=0.0ms, detect=1.5ms, postprocess=0.0ms, fuse+track=0.0ms
2026-05-22 19:22:35,413 | INFO | [perf frame=139200] preprocess=0.0ms, perspective=0.0ms, detect=1.5ms, postprocess=0.0ms, fuse+track=0.0ms
2026-05-22 19:22:35,901 | INFO | [perf frame=139300] preprocess=0.0ms, perspective=0.0ms, detect=1.6ms, postprocess=0.0ms, fuse+track=0.0ms
2026-05-22 19:22:36,391 | INFO | [perf frame=139400] preprocess=0.0ms, perspective=0.0ms, detect=1.7ms, postprocess=0.0ms, fuse+track=0.0ms
2026-05-22 19:22:36,876 | INFO | [perf frame=139500] preprocess=0.0ms, perspective=0.0ms, detect=1.6ms, postprocess=0.0ms, fuse+track=0.0ms
2026-05-22 19:22:37,376 | INFO | [perf frame=139600] preprocess=0.0ms, perspective=0.0ms, detect=1.6ms, postprocess=0.0ms, fuse+track=0.0ms
2026-05-22 19:22:37,903 | INFO | [perf frame=139700] preprocess=0.0ms, perspective=0.0ms, detect=1.5ms, postprocess=0.0ms, fuse+track=0.1ms
2026-05-22 19:22:38,420 | INFO | [perf frame=139800] preprocess=0.0ms, perspective=0.0ms, detect=1.5ms, postprocess=0.0ms, fuse+track=0.0ms
2026-05-22 19:22:38,904 | INFO | [perf frame=139900] preprocess=0.0ms, perspective=0.0ms, detect=1.6ms, postprocess=0.0ms, fuse+track=0.0ms
2026-05-22 19:22:39,387 | INFO | [perf frame=140000] preprocess=0.0ms, perspective=0.0ms, detect=1.6ms, postprocess=0.0ms, fuse+track=0.0ms
2026-05-22 19:22:39,861 | INFO | [perf frame=140100] preprocess=0.0ms, perspective=0.0ms, detect=1.5ms, postprocess=0.0ms, fuse+track=0.0ms
2026-05-22 19:22:40,318 | INFO | [perf frame=140200] preprocess=0.0ms, perspective=0.0ms, detect=1.4ms, postprocess=0.0ms, fuse+track=0.0ms
2026-05-22 19:22:40,791 | INFO | [perf frame=140300] preprocess=0.0ms, perspective=0.0ms, detect=1.5ms, postprocess=0.0ms, fuse+track=0.0ms
2026-05-22 19:22:41,260 | INFO | [perf frame=140400] preprocess=0.0ms, perspective=0.0ms, detect=1.5ms, postprocess=0.0ms, fuse+track=0.0ms
2026-05-22 19:22:41,736 | INFO | [perf frame=140500] preprocess=0.0ms, perspective=0.0ms, detect=1.6ms, postprocess=0.0ms, fuse+track=0.0ms
2026-05-22 19:22:42,203 | INFO | [perf frame=140600] preprocess=0.0ms, perspective=0.0ms, detect=1.5ms, postprocess=0.0ms, fuse+track=0.0ms
2026-05-22 19:22:42,677 | INFO | [perf frame=140700] preprocess=0.0ms, perspective=0.0ms, detect=1.5ms, postprocess=0.0ms, fuse+track=0.0ms
2026-05-22 19:22:43,138 | INFO | [perf frame=140800] preprocess=0.0ms, perspective=0.0ms, detect=1.5ms, postprocess=0.0ms, fuse+track=0.0ms
2026-05-22 19:22:43,636 | INFO | [perf frame=140900] preprocess=0.0ms, perspective=0.0ms, detect=1.7ms, postprocess=0.0ms, fuse+track=0.0ms
2026-05-22 19:22:44,108 | INFO | [perf frame=141000] preprocess=0.0ms, perspective=0.0ms, detect=1.5ms, postprocess=0.0ms, fuse+track=0.0ms
2026-05-22 19:22:44,630 | INFO | [perf frame=141100] preprocess=0.0ms, perspective=0.0ms, detect=1.5ms, postprocess=0.0ms, fuse+track=0.0ms
2026-05-22 19:22:45,096 | INFO | [perf frame=141200] preprocess=0.0ms, perspective=0.0ms, detect=1.4ms, postprocess=0.0ms, fuse+track=0.0ms
2026-05-22 19:22:45,588 | INFO | [perf frame=141300] preprocess=0.0ms, perspective=0.0ms, detect=1.6ms, postprocess=0.0ms, fuse+track=0.0ms
2026-05-22 19:22:46,074 | INFO | [perf frame=141400] preprocess=0.0ms, perspective=0.0ms, detect=1.6ms, postprocess=0.0ms, fuse+track=0.0ms
2026-05-22 19:22:46,549 | INFO | [perf frame=141500] preprocess=0.0ms, perspective=0.0ms, detect=1.6ms, postprocess=0.0ms, fuse+track=0.0ms
2026-05-22 19:22:47,025 | INFO | [perf frame=141600] preprocess=0.0ms, perspective=0.0ms, detect=1.6ms, postprocess=0.0ms, fuse+track=0.0ms
2026-05-22 19:22:47,496 | INFO | [perf frame=141700] preprocess=0.0ms, perspective=0.0ms, detect=1.5ms, postprocess=0.0ms, fuse+track=0.0ms
2026-05-22 19:22:47,976 | INFO | [perf frame=141800] preprocess=0.0ms, perspective=0.0ms, detect=1.6ms, postprocess=0.0ms, fuse+track=0.0ms
2026-05-22 19:22:48,451 | INFO | [perf frame=141900] preprocess=0.0ms, perspective=0.0ms, detect=1.5ms, postprocess=0.0ms, fuse+track=0.0ms
2026-05-22 19:22:48,903 | INFO | [perf frame=142000] preprocess=0.0ms, perspective=0.0ms, detect=1.4ms, postprocess=0.0ms, fuse+track=0.0ms
2026-05-22 19:22:49,381 | INFO | [perf frame=142100] preprocess=0.0ms, perspective=0.0ms, detect=1.5ms, postprocess=0.0ms, fuse+track=0.0ms
2026-05-22 19:22:49,870 | INFO | [perf frame=142200] preprocess=0.0ms, perspective=0.0ms, detect=1.6ms, postprocess=0.0ms, fuse+track=0.0ms
2026-05-22 19:22:50,350 | INFO | [perf frame=142300] preprocess=0.0ms, perspective=0.0ms, detect=1.6ms, postprocess=0.0ms, fuse+track=0.0ms
2026-05-22 19:22:50,837 | INFO | [perf frame=142400] preprocess=0.0ms, perspective=0.0ms, detect=1.5ms, postprocess=0.0ms, fuse+track=0.0ms
2026-05-22 19:22:51,366 | INFO | [perf frame=142500] preprocess=0.0ms, perspective=0.0ms, detect=1.5ms, postprocess=0.0ms, fuse+track=0.1ms
2026-05-22 19:22:51,901 | INFO | [perf frame=142600] preprocess=0.0ms, perspective=0.0ms, detect=1.5ms, postprocess=0.0ms, fuse+track=0.1ms
2026-05-22 19:22:52,394 | INFO | [perf frame=142700] preprocess=0.0ms, perspective=0.0ms, detect=1.5ms, postprocess=0.0ms, fuse+track=0.0ms
2026-05-22 19:22:52,877 | INFO | [perf frame=142800] preprocess=0.0ms, perspective=0.0ms, detect=1.6ms, postprocess=0.0ms, fuse+track=0.0ms
2026-05-22 19:22:53,340 | INFO | [perf frame=142900] preprocess=0.0ms, perspective=0.0ms, detect=1.5ms, postprocess=0.0ms, fuse+track=0.0ms
2026-05-22 19:22:53,809 | INFO | [perf frame=143000] preprocess=0.0ms, perspective=0.0ms, detect=1.5ms, postprocess=0.0ms, fuse+track=0.0ms
2026-05-22 19:22:54,289 | INFO | [perf frame=143100] preprocess=0.0ms, perspective=0.0ms, detect=1.6ms, postprocess=0.0ms, fuse+track=0.0ms
2026-05-22 19:22:54,766 | INFO | [perf frame=143200] preprocess=0.0ms, perspective=0.0ms, detect=1.5ms, postprocess=0.0ms, fuse+track=0.0ms
2026-05-22 19:22:55,227 | INFO | [perf frame=143300] preprocess=0.0ms, perspective=0.0ms, detect=1.4ms, postprocess=0.0ms, fuse+track=0.0ms
2026-05-22 19:22:55,700 | INFO | [perf frame=143400] preprocess=0.0ms, perspective=0.0ms, detect=1.5ms, postprocess=0.0ms, fuse+track=0.0ms
2026-05-22 19:22:56,188 | INFO | [perf frame=143500] preprocess=0.0ms, perspective=0.0ms, detect=1.6ms, postprocess=0.0ms, fuse+track=0.0ms
2026-05-22 19:22:56,703 | INFO | [perf frame=143600] preprocess=0.0ms, perspective=0.0ms, detect=1.5ms, postprocess=0.0ms, fuse+track=0.0ms
2026-05-22 19:22:57,231 | INFO | [perf frame=143700] preprocess=0.0ms, perspective=0.0ms, detect=1.5ms, postprocess=0.0ms, fuse+track=0.1ms
2026-05-22 19:22:57,722 | INFO | [perf frame=143800] preprocess=0.0ms, perspective=0.0ms, detect=1.6ms, postprocess=0.0ms, fuse+track=0.0ms
2026-05-22 19:22:58,221 | INFO | [perf frame=143900] preprocess=0.0ms, perspective=0.0ms, detect=1.6ms, postprocess=0.0ms, fuse+track=0.0ms
2026-05-22 19:22:58,703 | INFO | [perf frame=144000] preprocess=0.0ms, perspective=0.0ms, detect=1.6ms, postprocess=0.0ms, fuse+track=0.0ms
2026-05-22 19:22:59,172 | INFO | [perf frame=144100] preprocess=0.0ms, perspective=0.0ms, detect=1.5ms, postprocess=0.0ms, fuse+track=0.0ms
2026-05-22 19:22:59,655 | INFO | [perf frame=144200] preprocess=0.0ms, perspective=0.0ms, detect=1.6ms, postprocess=0.0ms, fuse+track=0.0ms
2026-05-22 19:23:00,118 | INFO | [perf frame=144300] preprocess=0.0ms, perspective=0.0ms, detect=1.5ms, postprocess=0.0ms, fuse+track=0.0ms
2026-05-22 19:23:00,608 | INFO | [perf frame=144400] preprocess=0.0ms, perspective=0.0ms, detect=1.6ms, postprocess=0.0ms, fuse+track=0.0ms
2026-05-22 19:23:01,085 | INFO | [perf frame=144500] preprocess=0.0ms, perspective=0.0ms, detect=1.6ms, postprocess=0.0ms, fuse+track=0.0ms
2026-05-22 19:23:01,564 | INFO | [perf frame=144600] preprocess=0.0ms, perspective=0.0ms, detect=1.5ms, postprocess=0.0ms, fuse+track=0.0ms
2026-05-22 19:23:02,041 | INFO | [perf frame=144700] preprocess=0.0ms, perspective=0.0ms, detect=1.5ms, postprocess=0.0ms, fuse+track=0.0ms
2026-05-22 19:23:02,516 | INFO | [perf frame=144800] preprocess=0.0ms, perspective=0.0ms, detect=1.6ms, postprocess=0.0ms, fuse+track=0.0ms
2026-05-22 19:23:02,993 | INFO | [perf frame=144900] preprocess=0.0ms, perspective=0.0ms, detect=1.5ms, postprocess=0.0ms, fuse+track=0.0ms
2026-05-22 19:23:03,473 | INFO | [perf frame=145000] preprocess=0.0ms, perspective=0.0ms, detect=1.6ms, postprocess=0.0ms, fuse+track=0.0ms
2026-05-22 19:23:03,945 | INFO | [perf frame=145100] preprocess=0.0ms, perspective=0.0ms, detect=1.5ms, postprocess=0.0ms, fuse+track=0.0ms
2026-05-22 19:23:04,410 | INFO | [perf frame=145200] preprocess=0.0ms, perspective=0.0ms, detect=1.5ms, postprocess=0.0ms, fuse+track=0.0ms
2026-05-22 19:23:04,880 | INFO | [perf frame=145300] preprocess=0.0ms, perspective=0.0ms, detect=1.5ms, postprocess=0.0ms, fuse+track=0.0ms
2026-05-22 19:23:05,352 | INFO | [perf frame=145400] preprocess=0.0ms, perspective=0.0ms, detect=1.6ms, postprocess=0.0ms, fuse+track=0.0ms
2026-05-22 19:23:05,811 | INFO | [perf frame=145500] preprocess=0.0ms, perspective=0.0ms, detect=1.5ms, postprocess=0.0ms, fuse+track=0.0ms
2026-05-22 19:23:06,290 | INFO | [perf frame=145600] preprocess=0.0ms, perspective=0.0ms, detect=1.6ms, postprocess=0.0ms, fuse+track=0.0ms
2026-05-22 19:23:06,768 | INFO | [perf frame=145700] preprocess=0.0ms, perspective=0.0ms, detect=1.6ms, postprocess=0.0ms, fuse+track=0.0ms
2026-05-22 19:23:07,249 | INFO | [perf frame=145800] preprocess=0.0ms, perspective=0.0ms, detect=1.6ms, postprocess=0.0ms, fuse+track=0.0ms
2026-05-22 19:23:07,715 | INFO | [perf frame=145900] preprocess=0.0ms, perspective=0.0ms, detect=1.5ms, postprocess=0.0ms, fuse+track=0.0ms
2026-05-22 19:23:08,184 | INFO | [perf frame=146000] preprocess=0.0ms, perspective=0.0ms, detect=1.5ms, postprocess=0.0ms, fuse+track=0.0ms
2026-05-22 19:23:08,667 | INFO | [perf frame=146100] preprocess=0.0ms, perspective=0.0ms, detect=1.5ms, postprocess=0.0ms, fuse+track=0.0ms
2026-05-22 19:23:09,144 | INFO | [perf frame=146200] preprocess=0.0ms, perspective=0.0ms, detect=1.5ms, postprocess=0.0ms, fuse+track=0.0ms
2026-05-22 19:23:09,620 | INFO | [perf frame=146300] preprocess=0.0ms, perspective=0.0ms, detect=1.6ms, postprocess=0.0ms, fuse+track=0.0ms
2026-05-22 19:23:10,091 | INFO | [perf frame=146400] preprocess=0.0ms, perspective=0.0ms, detect=1.5ms, postprocess=0.0ms, fuse+track=0.0ms
2026-05-22 19:23:10,564 | INFO | [perf frame=146500] preprocess=0.0ms, perspective=0.0ms, detect=1.5ms, postprocess=0.0ms, fuse+track=0.0ms
2026-05-22 19:23:11,037 | INFO | [perf frame=146600] preprocess=0.0ms, perspective=0.0ms, detect=1.5ms, postprocess=0.0ms, fuse+track=0.0ms
2026-05-22 19:23:11,521 | INFO | [perf frame=146700] preprocess=0.0ms, perspective=0.0ms, detect=1.6ms, postprocess=0.0ms, fuse+track=0.0ms
2026-05-22 19:23:12,004 | INFO | [perf frame=146800] preprocess=0.0ms, perspective=0.0ms, detect=1.6ms, postprocess=0.0ms, fuse+track=0.0ms
2026-05-22 19:23:12,472 | INFO | [perf frame=146900] preprocess=0.0ms, perspective=0.0ms, detect=1.5ms, postprocess=0.0ms, fuse+track=0.0ms
2026-05-22 19:23:12,953 | INFO | [perf frame=147000] preprocess=0.0ms, perspective=0.0ms, detect=1.6ms, postprocess=0.0ms, fuse+track=0.0ms
2026-05-22 19:23:13,431 | INFO | [perf frame=147100] preprocess=0.0ms, perspective=0.0ms, detect=1.6ms, postprocess=0.0ms, fuse+track=0.0ms
2026-05-22 19:23:13,908 | INFO | [perf frame=147200] preprocess=0.0ms, perspective=0.0ms, detect=1.6ms, postprocess=0.0ms, fuse+track=0.0ms
2026-05-22 19:23:14,381 | INFO | [perf frame=147300] preprocess=0.0ms, perspective=0.0ms, detect=1.5ms, postprocess=0.0ms, fuse+track=0.0ms
2026-05-22 19:23:14,865 | INFO | [perf frame=147400] preprocess=0.0ms, perspective=0.0ms, detect=1.6ms, postprocess=0.0ms, fuse+track=0.0ms
2026-05-22 19:23:15,346 | INFO | [perf frame=147500] preprocess=0.0ms, perspective=0.0ms, detect=1.6ms, postprocess=0.0ms, fuse+track=0.0ms
2026-05-22 19:23:15,845 | INFO | [perf frame=147600] preprocess=0.0ms, perspective=0.0ms, detect=1.7ms, postprocess=0.0ms, fuse+track=0.0ms
2026-05-22 19:23:16,325 | INFO | [perf frame=147700] preprocess=0.0ms, perspective=0.0ms, detect=1.6ms, postprocess=0.0ms, fuse+track=0.0ms
2026-05-22 19:23:16,819 | INFO | [perf frame=147800] preprocess=0.0ms, perspective=0.0ms, detect=1.7ms, postprocess=0.0ms, fuse+track=0.0ms
2026-05-22 19:23:17,278 | INFO | [perf frame=147900] preprocess=0.0ms, perspective=0.0ms, detect=1.4ms, postprocess=0.0ms, fuse+track=0.0ms
2026-05-22 19:23:17,749 | INFO | [perf frame=148000] preprocess=0.0ms, perspective=0.0ms, detect=1.5ms, postprocess=0.0ms, fuse+track=0.0ms
2026-05-22 19:23:18,230 | INFO | [perf frame=148100] preprocess=0.0ms, perspective=0.0ms, detect=1.5ms, postprocess=0.0ms, fuse+track=0.0ms
2026-05-22 19:23:18,722 | INFO | [perf frame=148200] preprocess=0.0ms, perspective=0.0ms, detect=1.6ms, postprocess=0.0ms, fuse+track=0.0ms
2026-05-22 19:23:19,174 | INFO | [perf frame=148300] preprocess=0.0ms, perspective=0.0ms, detect=1.4ms, postprocess=0.0ms, fuse+track=0.0ms
2026-05-22 19:23:19,653 | INFO | [perf frame=148400] preprocess=0.0ms, perspective=0.0ms, detect=1.6ms, postprocess=0.0ms, fuse+track=0.0ms
2026-05-22 19:23:20,124 | INFO | [perf frame=148500] preprocess=0.0ms, perspective=0.0ms, detect=1.5ms, postprocess=0.0ms, fuse+track=0.0ms
2026-05-22 19:23:20,586 | INFO | [perf frame=148600] preprocess=0.0ms, perspective=0.0ms, detect=1.5ms, postprocess=0.0ms, fuse+track=0.0ms
2026-05-22 19:23:21,059 | INFO | [perf frame=148700] preprocess=0.0ms, perspective=0.0ms, detect=1.5ms, postprocess=0.0ms, fuse+track=0.0ms
2026-05-22 19:23:21,521 | INFO | [perf frame=148800] preprocess=0.0ms, perspective=0.0ms, detect=1.5ms, postprocess=0.0ms, fuse+track=0.0ms
2026-05-22 19:23:21,992 | INFO | [perf frame=148900] preprocess=0.0ms, perspective=0.0ms, detect=1.5ms, postprocess=0.0ms, fuse+track=0.0ms
2026-05-22 19:23:22,463 | INFO | [perf frame=149000] preprocess=0.0ms, perspective=0.0ms, detect=1.5ms, postprocess=0.0ms, fuse+track=0.0ms
2026-05-22 19:23:22,933 | INFO | [perf frame=149100] preprocess=0.0ms, perspective=0.0ms, detect=1.6ms, postprocess=0.0ms, fuse+track=0.0ms
2026-05-22 19:23:23,380 | INFO | [perf frame=149200] preprocess=0.0ms, perspective=0.0ms, detect=1.3ms, postprocess=0.0ms, fuse+track=0.0ms
2026-05-22 19:23:23,843 | INFO | [perf frame=149300] preprocess=0.0ms, perspective=0.0ms, detect=1.5ms, postprocess=0.0ms, fuse+track=0.0ms
2026-05-22 19:23:24,328 | INFO | [perf frame=149400] preprocess=0.0ms, perspective=0.0ms, detect=1.6ms, postprocess=0.0ms, fuse+track=0.0ms
2026-05-22 19:23:24,789 | INFO | [perf frame=149500] preprocess=0.0ms, perspective=0.0ms, detect=1.4ms, postprocess=0.0ms, fuse+track=0.0ms
2026-05-22 19:23:25,264 | INFO | [perf frame=149600] preprocess=0.0ms, perspective=0.0ms, detect=1.6ms, postprocess=0.0ms, fuse+track=0.0ms
2026-05-22 19:23:25,751 | INFO | [perf frame=149700] preprocess=0.0ms, perspective=0.0ms, detect=1.6ms, postprocess=0.0ms, fuse+track=0.0ms
2026-05-22 19:23:26,230 | INFO | [perf frame=149800] preprocess=0.0ms, perspective=0.0ms, detect=1.6ms, postprocess=0.0ms, fuse+track=0.0ms
2026-05-22 19:23:26,701 | INFO | [perf frame=149900] preprocess=0.0ms, perspective=0.0ms, detect=1.5ms, postprocess=0.0ms, fuse+track=0.0ms
2026-05-22 19:23:27,183 | INFO | [perf frame=150000] preprocess=0.0ms, perspective=0.0ms, detect=1.6ms, postprocess=0.0ms, fuse+track=0.0ms
2026-05-22 19:23:27,639 | INFO | [perf frame=150100] preprocess=0.0ms, perspective=0.0ms, detect=1.4ms, postprocess=0.0ms, fuse+track=0.0ms
2026-05-22 19:23:28,114 | INFO | [perf frame=150200] preprocess=0.0ms, perspective=0.0ms, detect=1.5ms, postprocess=0.0ms, fuse+track=0.0ms
2026-05-22 19:23:28,570 | INFO | [perf frame=150300] preprocess=0.0ms, perspective=0.0ms, detect=1.4ms, postprocess=0.0ms, fuse+track=0.0ms
2026-05-22 19:23:29,032 | INFO | [perf frame=150400] preprocess=0.0ms, perspective=0.0ms, detect=1.5ms, postprocess=0.0ms, fuse+track=0.0ms
2026-05-22 19:23:29,506 | INFO | [perf frame=150500] preprocess=0.0ms, perspective=0.0ms, detect=1.5ms, postprocess=0.0ms, fuse+track=0.0ms
2026-05-22 19:23:29,977 | INFO | [perf frame=150600] preprocess=0.0ms, perspective=0.0ms, detect=1.5ms, postprocess=0.0ms, fuse+track=0.0ms
2026-05-22 19:23:30,447 | INFO | [perf frame=150700] preprocess=0.0ms, perspective=0.0ms, detect=1.5ms, postprocess=0.0ms, fuse+track=0.0ms
2026-05-22 19:23:30,915 | INFO | [perf frame=150800] preprocess=0.0ms, perspective=0.0ms, detect=1.5ms, postprocess=0.0ms, fuse+track=0.0ms
2026-05-22 19:23:31,381 | INFO | [perf frame=150900] preprocess=0.0ms, perspective=0.0ms, detect=1.5ms, postprocess=0.0ms, fuse+track=0.0ms
2026-05-22 19:23:31,858 | INFO | [perf frame=151000] preprocess=0.0ms, perspective=0.0ms, detect=1.6ms, postprocess=0.0ms, fuse+track=0.0ms
2026-05-22 19:23:32,329 | INFO | [perf frame=151100] preprocess=0.0ms, perspective=0.0ms, detect=1.5ms, postprocess=0.0ms, fuse+track=0.0ms
2026-05-22 19:23:32,803 | INFO | [perf frame=151200] preprocess=0.0ms, perspective=0.0ms, detect=1.6ms, postprocess=0.0ms, fuse+track=0.0ms
2026-05-22 19:23:33,268 | INFO | [perf frame=151300] preprocess=0.0ms, perspective=0.0ms, detect=1.5ms, postprocess=0.0ms, fuse+track=0.0ms
2026-05-22 19:23:33,767 | INFO | [perf frame=151400] preprocess=0.0ms, perspective=0.0ms, detect=1.7ms, postprocess=0.0ms, fuse+track=0.0ms
2026-05-22 19:23:34,260 | INFO | [perf frame=151500] preprocess=0.0ms, perspective=0.0ms, detect=1.6ms, postprocess=0.0ms, fuse+track=0.0ms
2026-05-22 19:23:34,737 | INFO | [perf frame=151600] preprocess=0.0ms, perspective=0.0ms, detect=1.6ms, postprocess=0.0ms, fuse+track=0.0ms
2026-05-22 19:23:35,217 | INFO | [perf frame=151700] preprocess=0.0ms, perspective=0.0ms, detect=1.6ms, postprocess=0.0ms, fuse+track=0.0ms
2026-05-22 19:23:35,688 | INFO | [perf frame=151800] preprocess=0.0ms, perspective=0.0ms, detect=1.5ms, postprocess=0.0ms, fuse+track=0.0ms
2026-05-22 19:23:36,152 | INFO | [perf frame=151900] preprocess=0.0ms, perspective=0.0ms, detect=1.5ms, postprocess=0.0ms, fuse+track=0.0ms
2026-05-22 19:23:36,616 | INFO | [perf frame=152000] preprocess=0.0ms, perspective=0.0ms, detect=1.5ms, postprocess=0.0ms, fuse+track=0.0ms
2026-05-22 19:23:37,081 | INFO | [perf frame=152100] preprocess=0.0ms, perspective=0.0ms, detect=1.5ms, postprocess=0.0ms, fuse+track=0.0ms
2026-05-22 19:23:37,552 | INFO | [perf frame=152200] preprocess=0.0ms, perspective=0.0ms, detect=1.5ms, postprocess=0.0ms, fuse+track=0.0ms
2026-05-22 19:23:38,023 | INFO | [perf frame=152300] preprocess=0.0ms, perspective=0.0ms, detect=1.5ms, postprocess=0.0ms, fuse+track=0.0ms
2026-05-22 19:23:38,500 | INFO | [perf frame=152400] preprocess=0.0ms, perspective=0.0ms, detect=1.6ms, postprocess=0.0ms, fuse+track=0.0ms
2026-05-22 19:23:38,972 | INFO | [perf frame=152500] preprocess=0.0ms, perspective=0.0ms, detect=1.6ms, postprocess=0.0ms, fuse+track=0.0ms
2026-05-22 19:23:39,443 | INFO | [perf frame=152600] preprocess=0.0ms, perspective=0.0ms, detect=1.6ms, postprocess=0.0ms, fuse+track=0.0ms
2026-05-22 19:23:39,920 | INFO | [perf frame=152700] preprocess=0.0ms, perspective=0.0ms, detect=1.5ms, postprocess=0.0ms, fuse+track=0.0ms
2026-05-22 19:23:40,395 | INFO | [perf frame=152800] preprocess=0.0ms, perspective=0.0ms, detect=1.6ms, postprocess=0.0ms, fuse+track=0.0ms
2026-05-22 19:23:40,868 | INFO | [perf frame=152900] preprocess=0.0ms, perspective=0.0ms, detect=1.5ms, postprocess=0.0ms, fuse+track=0.0ms
2026-05-22 19:23:41,348 | INFO | [perf frame=153000] preprocess=0.0ms, perspective=0.0ms, detect=1.6ms, postprocess=0.0ms, fuse+track=0.0ms
2026-05-22 19:23:41,818 | INFO | [perf frame=153100] preprocess=0.0ms, perspective=0.0ms, detect=1.6ms, postprocess=0.0ms, fuse+track=0.0ms
2026-05-22 19:23:42,293 | INFO | [perf frame=153200] preprocess=0.0ms, perspective=0.0ms, detect=1.5ms, postprocess=0.0ms, fuse+track=0.0ms
2026-05-22 19:23:42,774 | INFO | [perf frame=153300] preprocess=0.0ms, perspective=0.0ms, detect=1.6ms, postprocess=0.0ms, fuse+track=0.0ms
2026-05-22 19:23:43,252 | INFO | [perf frame=153400] preprocess=0.0ms, perspective=0.0ms, detect=1.5ms, postprocess=0.0ms, fuse+track=0.0ms
2026-05-22 19:23:43,735 | INFO | [perf frame=153500] preprocess=0.0ms, perspective=0.0ms, detect=1.6ms, postprocess=0.0ms, fuse+track=0.0ms
2026-05-22 19:23:44,220 | INFO | [perf frame=153600] preprocess=0.0ms, perspective=0.0ms, detect=1.6ms, postprocess=0.0ms, fuse+track=0.0ms
2026-05-22 19:23:44,687 | INFO | [perf frame=153700] preprocess=0.0ms, perspective=0.0ms, detect=1.5ms, postprocess=0.0ms, fuse+track=0.0ms
2026-05-22 19:23:45,133 | INFO | [perf frame=153800] preprocess=0.0ms, perspective=0.0ms, detect=1.4ms, postprocess=0.0ms, fuse+track=0.0ms
2026-05-22 19:23:45,625 | INFO | [perf frame=153900] preprocess=0.0ms, perspective=0.0ms, detect=1.5ms, postprocess=0.0ms, fuse+track=0.0ms
2026-05-22 19:23:46,141 | INFO | [perf frame=154000] preprocess=0.0ms, perspective=0.0ms, detect=1.4ms, postprocess=0.0ms, fuse+track=0.1ms
2026-05-22 19:23:46,675 | INFO | [perf frame=154100] preprocess=0.0ms, perspective=0.0ms, detect=1.5ms, postprocess=0.0ms, fuse+track=0.1ms
2026-05-22 19:23:47,195 | INFO | [perf frame=154200] preprocess=0.0ms, perspective=0.0ms, detect=1.4ms, postprocess=0.0ms, fuse+track=0.1ms
2026-05-22 19:23:47,700 | INFO | [perf frame=154300] preprocess=0.0ms, perspective=0.0ms, detect=1.6ms, postprocess=0.0ms, fuse+track=0.0ms
2026-05-22 19:23:48,172 | INFO | [perf frame=154400] preprocess=0.0ms, perspective=0.0ms, detect=1.5ms, postprocess=0.0ms, fuse+track=0.0ms
2026-05-22 19:23:48,668 | INFO | [perf frame=154500] preprocess=0.0ms, perspective=0.0ms, detect=1.7ms, postprocess=0.0ms, fuse+track=0.0ms
2026-05-22 19:23:49,120 | INFO | [perf frame=154600] preprocess=0.0ms, perspective=0.0ms, detect=1.4ms, postprocess=0.0ms, fuse+track=0.0ms
2026-05-22 19:23:49,611 | INFO | [perf frame=154700] preprocess=0.0ms, perspective=0.0ms, detect=1.7ms, postprocess=0.0ms, fuse+track=0.0ms
2026-05-22 19:23:50,153 | INFO | [perf frame=154800] preprocess=0.0ms, perspective=0.0ms, detect=1.5ms, postprocess=0.0ms, fuse+track=0.1ms
2026-05-22 19:23:50,692 | INFO | [perf frame=154900] preprocess=0.0ms, perspective=0.0ms, detect=1.5ms, postprocess=0.0ms, fuse+track=0.1ms
2026-05-22 19:23:51,230 | INFO | [perf frame=155000] preprocess=0.0ms, perspective=0.0ms, detect=1.5ms, postprocess=0.0ms, fuse+track=0.1ms
2026-05-22 19:23:51,746 | INFO | [perf frame=155100] preprocess=0.0ms, perspective=0.0ms, detect=1.5ms, postprocess=0.0ms, fuse+track=0.0ms
2026-05-22 19:23:52,233 | INFO | [perf frame=155200] preprocess=0.0ms, perspective=0.0ms, detect=1.6ms, postprocess=0.0ms, fuse+track=0.0ms
2026-05-22 19:23:52,694 | INFO | [perf frame=155300] preprocess=0.0ms, perspective=0.0ms, detect=1.5ms, postprocess=0.0ms, fuse+track=0.0ms
2026-05-22 19:23:53,167 | INFO | [perf frame=155400] preprocess=0.0ms, perspective=0.0ms, detect=1.6ms, postprocess=0.0ms, fuse+track=0.0ms
2026-05-22 19:23:53,632 | INFO | [perf frame=155500] preprocess=0.0ms, perspective=0.0ms, detect=1.5ms, postprocess=0.0ms, fuse+track=0.0ms
2026-05-22 19:23:54,118 | INFO | [perf frame=155600] preprocess=0.0ms, perspective=0.0ms, detect=1.6ms, postprocess=0.0ms, fuse+track=0.0ms
2026-05-22 19:23:54,628 | INFO | [perf frame=155700] preprocess=0.0ms, perspective=0.0ms, detect=1.4ms, postprocess=0.0ms, fuse+track=0.0ms
2026-05-22 19:23:55,096 | INFO | [perf frame=155800] preprocess=0.0ms, perspective=0.0ms, detect=1.5ms, postprocess=0.0ms, fuse+track=0.0ms
2026-05-22 19:23:55,556 | INFO | [perf frame=155900] preprocess=0.0ms, perspective=0.0ms, detect=1.4ms, postprocess=0.0ms, fuse+track=0.0ms
2026-05-22 19:23:56,033 | INFO | [perf frame=156000] preprocess=0.0ms, perspective=0.0ms, detect=1.6ms, postprocess=0.0ms, fuse+track=0.0ms
2026-05-22 19:23:56,504 | INFO | [perf frame=156100] preprocess=0.0ms, perspective=0.0ms, detect=1.5ms, postprocess=0.0ms, fuse+track=0.0ms
2026-05-22 19:23:56,995 | INFO | [perf frame=156200] preprocess=0.0ms, perspective=0.0ms, detect=1.6ms, postprocess=0.0ms, fuse+track=0.0ms
2026-05-22 19:23:57,465 | INFO | [perf frame=156300] preprocess=0.0ms, perspective=0.0ms, detect=1.5ms, postprocess=0.0ms, fuse+track=0.0ms
2026-05-22 19:23:57,922 | INFO | [perf frame=156400] preprocess=0.0ms, perspective=0.0ms, detect=1.5ms, postprocess=0.0ms, fuse+track=0.0ms
2026-05-22 19:23:58,401 | INFO | [perf frame=156500] preprocess=0.0ms, perspective=0.0ms, detect=1.6ms, postprocess=0.0ms, fuse+track=0.0ms
2026-05-22 19:23:58,877 | INFO | [perf frame=156600] preprocess=0.0ms, perspective=0.0ms, detect=1.5ms, postprocess=0.0ms, fuse+track=0.0ms
2026-05-22 19:23:59,359 | INFO | [perf frame=156700] preprocess=0.0ms, perspective=0.0ms, detect=1.6ms, postprocess=0.0ms, fuse+track=0.0ms
2026-05-22 19:23:59,829 | INFO | [perf frame=156800] preprocess=0.0ms, perspective=0.0ms, detect=1.5ms, postprocess=0.0ms, fuse+track=0.0ms
2026-05-22 19:24:00,311 | INFO | [perf frame=156900] preprocess=0.0ms, perspective=0.0ms, detect=1.6ms, postprocess=0.0ms, fuse+track=0.0ms
2026-05-22 19:24:00,786 | INFO | [perf frame=157000] preprocess=0.0ms, perspective=0.0ms, detect=1.5ms, postprocess=0.0ms, fuse+track=0.0ms
2026-05-22 19:24:01,278 | INFO | [perf frame=157100] preprocess=0.0ms, perspective=0.0ms, detect=1.7ms, postprocess=0.0ms, fuse+track=0.0ms
2026-05-22 19:24:01,743 | INFO | [perf frame=157200] preprocess=0.0ms, perspective=0.0ms, detect=1.5ms, postprocess=0.0ms, fuse+track=0.0ms
2026-05-22 19:24:02,233 | INFO | [perf frame=157300] preprocess=0.0ms, perspective=0.0ms, detect=1.6ms, postprocess=0.0ms, fuse+track=0.0ms
2026-05-22 19:24:02,692 | INFO | [perf frame=157400] preprocess=0.0ms, perspective=0.0ms, detect=1.4ms, postprocess=0.0ms, fuse+track=0.0ms
2026-05-22 19:24:03,166 | INFO | [perf frame=157500] preprocess=0.0ms, perspective=0.0ms, detect=1.6ms, postprocess=0.0ms, fuse+track=0.0ms
2026-05-22 19:24:03,631 | INFO | [perf frame=157600] preprocess=0.0ms, perspective=0.0ms, detect=1.5ms, postprocess=0.0ms, fuse+track=0.0ms
2026-05-22 19:24:04,126 | INFO | [perf frame=157700] preprocess=0.0ms, perspective=0.0ms, detect=1.6ms, postprocess=0.0ms, fuse+track=0.0ms
2026-05-22 19:24:04,624 | INFO | [perf frame=157800] preprocess=0.0ms, perspective=0.0ms, detect=1.6ms, postprocess=0.0ms, fuse+track=0.0ms
2026-05-22 19:24:05,168 | INFO | [perf frame=157900] preprocess=0.0ms, perspective=0.0ms, detect=1.5ms, postprocess=0.0ms, fuse+track=0.1ms
2026-05-22 19:24:05,693 | INFO | [perf frame=158000] preprocess=0.0ms, perspective=0.0ms, detect=1.5ms, postprocess=0.0ms, fuse+track=0.1ms
2026-05-22 19:24:06,217 | INFO | [perf frame=158100] preprocess=0.0ms, perspective=0.0ms, detect=1.5ms, postprocess=0.0ms, fuse+track=0.0ms
2026-05-22 19:24:06,737 | INFO | [perf frame=158200] preprocess=0.0ms, perspective=0.0ms, detect=1.4ms, postprocess=0.0ms, fuse+track=0.0ms
2026-05-22 19:24:07,276 | INFO | [perf frame=158300] preprocess=0.0ms, perspective=0.0ms, detect=1.5ms, postprocess=0.0ms, fuse+track=0.1ms
2026-05-22 19:24:07,819 | INFO | [perf frame=158400] preprocess=0.0ms, perspective=0.0ms, detect=1.5ms, postprocess=0.0ms, fuse+track=0.1ms
2026-05-22 19:24:08,324 | INFO | [perf frame=158500] preprocess=0.0ms, perspective=0.0ms, detect=1.3ms, postprocess=0.0ms, fuse+track=0.0ms
2026-05-22 19:24:08,830 | INFO | [perf frame=158600] preprocess=0.0ms, perspective=0.0ms, detect=1.5ms, postprocess=0.0ms, fuse+track=0.0ms
2026-05-22 19:24:09,298 | INFO | [perf frame=158700] preprocess=0.0ms, perspective=0.0ms, detect=1.5ms, postprocess=0.0ms, fuse+track=0.0ms
2026-05-22 19:24:09,772 | INFO | [perf frame=158800] preprocess=0.0ms, perspective=0.0ms, detect=1.5ms, postprocess=0.0ms, fuse+track=0.0ms
2026-05-22 19:24:10,244 | INFO | [perf frame=158900] preprocess=0.0ms, perspective=0.0ms, detect=1.5ms, postprocess=0.0ms, fuse+track=0.0ms
2026-05-22 19:24:10,705 | INFO | [perf frame=159000] preprocess=0.0ms, perspective=0.0ms, detect=1.5ms, postprocess=0.0ms, fuse+track=0.0ms
2026-05-22 19:24:11,200 | INFO | [perf frame=159100] preprocess=0.0ms, perspective=0.0ms, detect=1.5ms, postprocess=0.0ms, fuse+track=0.0ms
2026-05-22 19:24:11,738 | INFO | [perf frame=159200] preprocess=0.0ms, perspective=0.0ms, detect=1.5ms, postprocess=0.0ms, fuse+track=0.1ms
2026-05-22 19:24:12,262 | INFO | [perf frame=159300] preprocess=0.0ms, perspective=0.0ms, detect=1.4ms, postprocess=0.0ms, fuse+track=0.1ms
2026-05-22 19:24:12,788 | INFO | [perf frame=159400] preprocess=0.0ms, perspective=0.0ms, detect=1.5ms, postprocess=0.0ms, fuse+track=0.1ms
2026-05-22 19:24:13,314 | INFO | [perf frame=159500] preprocess=0.0ms, perspective=0.0ms, detect=1.5ms, postprocess=0.0ms, fuse+track=0.1ms
2026-05-22 19:24:13,848 | INFO | [perf frame=159600] preprocess=0.0ms, perspective=0.0ms, detect=1.5ms, postprocess=0.0ms, fuse+track=0.1ms
2026-05-22 19:24:14,368 | INFO | [perf frame=159700] preprocess=0.0ms, perspective=0.0ms, detect=1.4ms, postprocess=0.0ms, fuse+track=0.1ms
2026-05-22 19:24:14,890 | INFO | [perf frame=159800] preprocess=0.0ms, perspective=0.0ms, detect=1.4ms, postprocess=0.0ms, fuse+track=0.1ms
2026-05-22 19:24:15,427 | INFO | [perf frame=159900] preprocess=0.0ms, perspective=0.0ms, detect=1.5ms, postprocess=0.0ms, fuse+track=0.1ms
2026-05-22 19:24:15,952 | INFO | [perf frame=160000] preprocess=0.0ms, perspective=0.0ms, detect=1.4ms, postprocess=0.0ms, fuse+track=0.1ms
2026-05-22 19:24:16,498 | INFO | [perf frame=160100] preprocess=0.0ms, perspective=0.0ms, detect=1.5ms, postprocess=0.0ms, fuse+track=0.1ms
2026-05-22 19:24:17,030 | INFO | [perf frame=160200] preprocess=0.0ms, perspective=0.0ms, detect=1.5ms, postprocess=0.0ms, fuse+track=0.1ms
2026-05-22 19:24:17,579 | INFO | [perf frame=160300] preprocess=0.0ms, perspective=0.0ms, detect=1.6ms, postprocess=0.0ms, fuse+track=0.1ms
2026-05-22 19:24:18,105 | INFO | [perf frame=160400] preprocess=0.0ms, perspective=0.0ms, detect=1.4ms, postprocess=0.0ms, fuse+track=0.1ms
2026-05-22 19:24:18,656 | INFO | [perf frame=160500] preprocess=0.0ms, perspective=0.0ms, detect=1.5ms, postprocess=0.0ms, fuse+track=0.1ms
2026-05-22 19:24:19,192 | INFO | [perf frame=160600] preprocess=0.0ms, perspective=0.0ms, detect=1.5ms, postprocess=0.0ms, fuse+track=0.1ms
2026-05-22 19:24:19,713 | INFO | [perf frame=160700] preprocess=0.0ms, perspective=0.0ms, detect=1.4ms, postprocess=0.0ms, fuse+track=0.1ms
2026-05-22 19:24:20,226 | INFO | [perf frame=160800] preprocess=0.0ms, perspective=0.0ms, detect=1.4ms, postprocess=0.0ms, fuse+track=0.0ms
2026-05-22 19:24:20,746 | INFO | [perf frame=160900] preprocess=0.0ms, perspective=0.0ms, detect=1.4ms, postprocess=0.0ms, fuse+track=0.1ms
2026-05-22 19:24:21,268 | INFO | [perf frame=161000] preprocess=0.0ms, perspective=0.0ms, detect=1.4ms, postprocess=0.0ms, fuse+track=0.0ms
2026-05-22 19:24:21,787 | INFO | [perf frame=161100] preprocess=0.0ms, perspective=0.0ms, detect=1.4ms, postprocess=0.0ms, fuse+track=0.1ms
2026-05-22 19:24:22,313 | INFO | [perf frame=161200] preprocess=0.0ms, perspective=0.0ms, detect=1.4ms, postprocess=0.0ms, fuse+track=0.1ms
2026-05-22 19:24:22,861 | INFO | [perf frame=161300] preprocess=0.0ms, perspective=0.0ms, detect=1.4ms, postprocess=0.0ms, fuse+track=0.1ms
2026-05-22 19:24:23,412 | INFO | [perf frame=161400] preprocess=0.0ms, perspective=0.0ms, detect=1.4ms, postprocess=0.0ms, fuse+track=0.1ms
2026-05-22 19:24:23,963 | INFO | [perf frame=161500] preprocess=0.0ms, perspective=0.0ms, detect=1.4ms, postprocess=0.0ms, fuse+track=0.1ms
2026-05-22 19:24:24,521 | INFO | [perf frame=161600] preprocess=0.0ms, perspective=0.0ms, detect=1.5ms, postprocess=0.0ms, fuse+track=0.1ms
2026-05-22 19:24:25,105 | INFO | [perf frame=161700] preprocess=0.0ms, perspective=0.0ms, detect=1.5ms, postprocess=0.0ms, fuse+track=0.1ms
2026-05-22 19:24:25,666 | INFO | [perf frame=161800] preprocess=0.0ms, perspective=0.0ms, detect=1.4ms, postprocess=0.0ms, fuse+track=0.1ms
2026-05-22 19:24:26,226 | INFO | [perf frame=161900] preprocess=0.0ms, perspective=0.0ms, detect=1.5ms, postprocess=0.0ms, fuse+track=0.1ms
2026-05-22 19:24:26,788 | INFO | [perf frame=162000] preprocess=0.0ms, perspective=0.0ms, detect=1.4ms, postprocess=0.0ms, fuse+track=0.1ms
2026-05-22 19:24:27,346 | INFO | [perf frame=162100] preprocess=0.0ms, perspective=0.0ms, detect=1.4ms, postprocess=0.0ms, fuse+track=0.1ms
2026-05-22 19:24:27,920 | INFO | [perf frame=162200] preprocess=0.0ms, perspective=0.0ms, detect=1.4ms, postprocess=0.0ms, fuse+track=0.1ms
2026-05-22 19:24:28,469 | INFO | [perf frame=162300] preprocess=0.0ms, perspective=0.0ms, detect=1.4ms, postprocess=0.0ms, fuse+track=0.1ms
2026-05-22 19:24:29,024 | INFO | [perf frame=162400] preprocess=0.0ms, perspective=0.0ms, detect=1.4ms, postprocess=0.0ms, fuse+track=0.1ms
2026-05-22 19:24:29,569 | INFO | [perf frame=162500] preprocess=0.0ms, perspective=0.0ms, detect=1.4ms, postprocess=0.0ms, fuse+track=0.1ms
2026-05-22 19:24:30,116 | INFO | [perf frame=162600] preprocess=0.0ms, perspective=0.0ms, detect=1.4ms, postprocess=0.0ms, fuse+track=0.1ms
2026-05-22 19:24:30,672 | INFO | [perf frame=162700] preprocess=0.0ms, perspective=0.0ms, detect=1.4ms, postprocess=0.0ms, fuse+track=0.1ms
2026-05-22 19:24:31,228 | INFO | [perf frame=162800] preprocess=0.0ms, perspective=0.0ms, detect=1.4ms, postprocess=0.0ms, fuse+track=0.1ms
2026-05-22 19:24:31,785 | INFO | [perf frame=162900] preprocess=0.0ms, perspective=0.0ms, detect=1.5ms, postprocess=0.0ms, fuse+track=0.1ms
2026-05-22 19:24:32,315 | INFO | [perf frame=163000] preprocess=0.0ms, perspective=0.0ms, detect=1.3ms, postprocess=0.0ms, fuse+track=0.1ms
2026-05-22 19:24:32,869 | INFO | [perf frame=163100] preprocess=0.0ms, perspective=0.0ms, detect=1.4ms, postprocess=0.0ms, fuse+track=0.1ms
2026-05-22 19:24:33,432 | INFO | [perf frame=163200] preprocess=0.0ms, perspective=0.0ms, detect=1.5ms, postprocess=0.0ms, fuse+track=0.1ms
2026-05-22 19:24:33,988 | INFO | [perf frame=163300] preprocess=0.0ms, perspective=0.0ms, detect=1.4ms, postprocess=0.0ms, fuse+track=0.1ms
2026-05-22 19:24:34,536 | INFO | [perf frame=163400] preprocess=0.0ms, perspective=0.0ms, detect=1.4ms, postprocess=0.0ms, fuse+track=0.1ms
2026-05-22 19:24:35,090 | INFO | [perf frame=163500] preprocess=0.0ms, perspective=0.0ms, detect=1.4ms, postprocess=0.0ms, fuse+track=0.1ms
2026-05-22 19:24:35,654 | INFO | [perf frame=163600] preprocess=0.0ms, perspective=0.0ms, detect=1.5ms, postprocess=0.0ms, fuse+track=0.1ms
2026-05-22 19:24:36,210 | INFO | [perf frame=163700] preprocess=0.0ms, perspective=0.0ms, detect=1.4ms, postprocess=0.0ms, fuse+track=0.1ms
2026-05-22 19:24:36,759 | INFO | [perf frame=163800] preprocess=0.0ms, perspective=0.0ms, detect=1.4ms, postprocess=0.0ms, fuse+track=0.1ms
2026-05-22 19:24:37,311 | INFO | [perf frame=163900] preprocess=0.0ms, perspective=0.0ms, detect=1.4ms, postprocess=0.0ms, fuse+track=0.1ms
2026-05-22 19:24:37,873 | INFO | [perf frame=164000] preprocess=0.0ms, perspective=0.0ms, detect=1.4ms, postprocess=0.0ms, fuse+track=0.1ms
2026-05-22 19:24:38,452 | INFO | [perf frame=164100] preprocess=0.0ms, perspective=0.0ms, detect=1.5ms, postprocess=0.0ms, fuse+track=0.1ms
2026-05-22 19:24:39,000 | INFO | [perf frame=164200] preprocess=0.0ms, perspective=0.0ms, detect=1.4ms, postprocess=0.0ms, fuse+track=0.1ms
2026-05-22 19:24:39,556 | INFO | [perf frame=164300] preprocess=0.0ms, perspective=0.0ms, detect=1.4ms, postprocess=0.0ms, fuse+track=0.1ms
2026-05-22 19:24:40,099 | INFO | [perf frame=164400] preprocess=0.0ms, perspective=0.0ms, detect=1.4ms, postprocess=0.0ms, fuse+track=0.1ms
2026-05-22 19:24:40,643 | INFO | [perf frame=164500] preprocess=0.0ms, perspective=0.0ms, detect=1.3ms, postprocess=0.0ms, fuse+track=0.1ms
2026-05-22 19:24:41,180 | INFO | [perf frame=164600] preprocess=0.0ms, perspective=0.0ms, detect=1.4ms, postprocess=0.0ms, fuse+track=0.1ms
2026-05-22 19:24:41,732 | INFO | [perf frame=164700] preprocess=0.0ms, perspective=0.0ms, detect=1.5ms, postprocess=0.0ms, fuse+track=0.1ms
2026-05-22 19:24:42,283 | INFO | [perf frame=164800] preprocess=0.0ms, perspective=0.0ms, detect=1.4ms, postprocess=0.0ms, fuse+track=0.1ms
2026-05-22 19:24:42,855 | INFO | [perf frame=164900] preprocess=0.0ms, perspective=0.0ms, detect=1.5ms, postprocess=0.0ms, fuse+track=0.1ms
2026-05-22 19:24:43,429 | INFO | [perf frame=165000] preprocess=0.0ms, perspective=0.0ms, detect=1.4ms, postprocess=0.0ms, fuse+track=0.1ms
2026-05-22 19:24:43,976 | INFO | [perf frame=165100] preprocess=0.0ms, perspective=0.0ms, detect=1.4ms, postprocess=0.0ms, fuse+track=0.1ms
2026-05-22 19:24:44,535 | INFO | [perf frame=165200] preprocess=0.0ms, perspective=0.0ms, detect=1.4ms, postprocess=0.0ms, fuse+track=0.1ms
2026-05-22 19:24:45,068 | INFO | [perf frame=165300] preprocess=0.0ms, perspective=0.0ms, detect=1.3ms, postprocess=0.0ms, fuse+track=0.1ms
2026-05-22 19:24:45,631 | INFO | [perf frame=165400] preprocess=0.0ms, perspective=0.0ms, detect=1.4ms, postprocess=0.0ms, fuse+track=0.1ms
2026-05-22 19:24:46,183 | INFO | [perf frame=165500] preprocess=0.0ms, perspective=0.0ms, detect=1.4ms, postprocess=0.0ms, fuse+track=0.1ms
2026-05-22 19:24:46,740 | INFO | [perf frame=165600] preprocess=0.0ms, perspective=0.0ms, detect=1.5ms, postprocess=0.0ms, fuse+track=0.1ms
2026-05-22 19:24:47,319 | INFO | [perf frame=165700] preprocess=0.0ms, perspective=0.0ms, detect=1.5ms, postprocess=0.0ms, fuse+track=0.1ms
2026-05-22 19:24:47,886 | INFO | [perf frame=165800] preprocess=0.0ms, perspective=0.0ms, detect=1.5ms, postprocess=0.0ms, fuse+track=0.1ms
2026-05-22 19:24:48,461 | INFO | [perf frame=165900] preprocess=0.0ms, perspective=0.0ms, detect=1.5ms, postprocess=0.0ms, fuse+track=0.1ms
2026-05-22 19:24:49,017 | INFO | [perf frame=166000] preprocess=0.0ms, perspective=0.0ms, detect=1.3ms, postprocess=0.0ms, fuse+track=0.1ms
2026-05-22 19:24:49,615 | INFO | [perf frame=166100] preprocess=0.0ms, perspective=0.0ms, detect=1.5ms, postprocess=0.0ms, fuse+track=0.1ms
2026-05-22 19:24:50,188 | INFO | [perf frame=166200] preprocess=0.0ms, perspective=0.0ms, detect=1.5ms, postprocess=0.0ms, fuse+track=0.1ms
2026-05-22 19:24:50,762 | INFO | [perf frame=166300] preprocess=0.0ms, perspective=0.0ms, detect=1.5ms, postprocess=0.0ms, fuse+track=0.1ms
2026-05-22 19:24:51,341 | INFO | [perf frame=166400] preprocess=0.0ms, perspective=0.0ms, detect=1.6ms, postprocess=0.0ms, fuse+track=0.1ms
2026-05-22 19:24:51,878 | INFO | [perf frame=166500] preprocess=0.0ms, perspective=0.0ms, detect=1.4ms, postprocess=0.0ms, fuse+track=0.1ms
2026-05-22 19:24:52,444 | INFO | [perf frame=166600] preprocess=0.0ms, perspective=0.0ms, detect=1.4ms, postprocess=0.0ms, fuse+track=0.1ms
2026-05-22 19:24:52,999 | INFO | [perf frame=166700] preprocess=0.0ms, perspective=0.0ms, detect=1.4ms, postprocess=0.0ms, fuse+track=0.1ms
2026-05-22 19:24:53,599 | INFO | [perf frame=166800] preprocess=0.0ms, perspective=0.0ms, detect=1.4ms, postprocess=0.0ms, fuse+track=0.1ms
2026-05-22 19:24:54,167 | INFO | [perf frame=166900] preprocess=0.0ms, perspective=0.0ms, detect=1.5ms, postprocess=0.0ms, fuse+track=0.1ms
2026-05-22 19:24:54,738 | INFO | [perf frame=167000] preprocess=0.0ms, perspective=0.0ms, detect=1.5ms, postprocess=0.0ms, fuse+track=0.1ms
2026-05-22 19:24:55,322 | INFO | [perf frame=167100] preprocess=0.0ms, perspective=0.0ms, detect=1.5ms, postprocess=0.0ms, fuse+track=0.1ms
2026-05-22 19:24:55,857 | INFO | [perf frame=167200] preprocess=0.0ms, perspective=0.0ms, detect=1.5ms, postprocess=0.0ms, fuse+track=0.1ms
2026-05-22 19:24:56,397 | INFO | [perf frame=167300] preprocess=0.0ms, perspective=0.0ms, detect=1.5ms, postprocess=0.0ms, fuse+track=0.1ms
2026-05-22 19:24:56,940 | INFO | [perf frame=167400] preprocess=0.0ms, perspective=0.0ms, detect=1.5ms, postprocess=0.0ms, fuse+track=0.1ms
2026-05-22 19:24:57,494 | INFO | [perf frame=167500] preprocess=0.0ms, perspective=0.0ms, detect=1.5ms, postprocess=0.0ms, fuse+track=0.1ms
2026-05-22 19:24:58,055 | INFO | [perf frame=167600] preprocess=0.0ms, perspective=0.0ms, detect=1.6ms, postprocess=0.0ms, fuse+track=0.1ms
2026-05-22 19:24:58,617 | INFO | [perf frame=167700] preprocess=0.0ms, perspective=0.0ms, detect=1.6ms, postprocess=0.0ms, fuse+track=0.1ms
2026-05-22 19:24:59,183 | INFO | [perf frame=167800] preprocess=0.0ms, perspective=0.0ms, detect=1.4ms, postprocess=0.0ms, fuse+track=0.1ms
2026-05-22 19:24:59,725 | INFO | [perf frame=167900] preprocess=0.0ms, perspective=0.0ms, detect=1.5ms, postprocess=0.0ms, fuse+track=0.1ms
2026-05-22 19:25:00,272 | INFO | [perf frame=168000] preprocess=0.0ms, perspective=0.0ms, detect=1.6ms, postprocess=0.0ms, fuse+track=0.1ms
2026-05-22 19:25:00,806 | INFO | [perf frame=168100] preprocess=0.0ms, perspective=0.0ms, detect=1.5ms, postprocess=0.0ms, fuse+track=0.1ms
2026-05-22 19:25:01,359 | INFO | [perf frame=168200] preprocess=0.0ms, perspective=0.0ms, detect=1.6ms, postprocess=0.0ms, fuse+track=0.1ms
2026-05-22 19:25:01,941 | INFO | [perf frame=168300] preprocess=0.0ms, perspective=0.0ms, detect=1.6ms, postprocess=0.0ms, fuse+track=0.1ms
2026-05-22 19:25:02,472 | INFO | [perf frame=168400] preprocess=0.0ms, perspective=0.0ms, detect=1.4ms, postprocess=0.0ms, fuse+track=0.1ms
2026-05-22 19:25:03,010 | INFO | [perf frame=168500] preprocess=0.0ms, perspective=0.0ms, detect=1.4ms, postprocess=0.0ms, fuse+track=0.1ms
2026-05-22 19:25:03,565 | INFO | [perf frame=168600] preprocess=0.0ms, perspective=0.0ms, detect=1.4ms, postprocess=0.0ms, fuse+track=0.1ms
2026-05-22 19:25:04,112 | INFO | [perf frame=168700] preprocess=0.0ms, perspective=0.0ms, detect=1.5ms, postprocess=0.0ms, fuse+track=0.1ms
2026-05-22 19:25:04,664 | INFO | [perf frame=168800] preprocess=0.0ms, perspective=0.0ms, detect=1.6ms, postprocess=0.0ms, fuse+track=0.0ms
2026-05-22 19:25:05,173 | INFO | [perf frame=168900] preprocess=0.0ms, perspective=0.0ms, detect=1.5ms, postprocess=0.0ms, fuse+track=0.0ms
2026-05-22 19:25:05,663 | INFO | [perf frame=169000] preprocess=0.0ms, perspective=0.0ms, detect=1.5ms, postprocess=0.0ms, fuse+track=0.0ms
2026-05-22 19:25:06,198 | INFO | [perf frame=169100] preprocess=0.0ms, perspective=0.0ms, detect=1.5ms, postprocess=0.0ms, fuse+track=0.0ms
2026-05-22 19:25:06,731 | INFO | [perf frame=169200] preprocess=0.0ms, perspective=0.0ms, detect=1.5ms, postprocess=0.0ms, fuse+track=0.1ms
2026-05-22 19:25:07,275 | INFO | [perf frame=169300] preprocess=0.0ms, perspective=0.0ms, detect=1.6ms, postprocess=0.0ms, fuse+track=0.1ms
2026-05-22 19:25:07,816 | INFO | [perf frame=169400] preprocess=0.0ms, perspective=0.0ms, detect=1.6ms, postprocess=0.0ms, fuse+track=0.1ms
2026-05-22 19:25:08,317 | INFO | [perf frame=169500] preprocess=0.0ms, perspective=0.0ms, detect=1.5ms, postprocess=0.0ms, fuse+track=0.0ms
2026-05-22 19:25:08,791 | INFO | [perf frame=169600] preprocess=0.0ms, perspective=0.0ms, detect=1.6ms, postprocess=0.0ms, fuse+track=0.0ms
2026-05-22 19:25:09,283 | INFO | [perf frame=169700] preprocess=0.0ms, perspective=0.0ms, detect=1.7ms, postprocess=0.0ms, fuse+track=0.0ms
2026-05-22 19:25:09,760 | INFO | [perf frame=169800] preprocess=0.0ms, perspective=0.0ms, detect=1.6ms, postprocess=0.0ms, fuse+track=0.0ms
2026-05-22 19:25:10,241 | INFO | [perf frame=169900] preprocess=0.0ms, perspective=0.0ms, detect=1.6ms, postprocess=0.0ms, fuse+track=0.0ms
2026-05-22 19:25:10,709 | INFO | [perf frame=170000] preprocess=0.0ms, perspective=0.0ms, detect=1.5ms, postprocess=0.0ms, fuse+track=0.0ms
2026-05-22 19:25:11,179 | INFO | [perf frame=170100] preprocess=0.0ms, perspective=0.0ms, detect=1.5ms, postprocess=0.0ms, fuse+track=0.0ms
2026-05-22 19:25:11,663 | INFO | [perf frame=170200] preprocess=0.0ms, perspective=0.0ms, detect=1.6ms, postprocess=0.0ms, fuse+track=0.0ms
2026-05-22 19:25:12,132 | INFO | [perf frame=170300] preprocess=0.0ms, perspective=0.0ms, detect=1.5ms, postprocess=0.0ms, fuse+track=0.0ms
2026-05-22 19:25:12,618 | INFO | [perf frame=170400] preprocess=0.0ms, perspective=0.0ms, detect=1.6ms, postprocess=0.0ms, fuse+track=0.0ms
2026-05-22 19:25:13,093 | INFO | [perf frame=170500] preprocess=0.0ms, perspective=0.0ms, detect=1.5ms, postprocess=0.0ms, fuse+track=0.0ms
2026-05-22 19:25:13,580 | INFO | [perf frame=170600] preprocess=0.0ms, perspective=0.0ms, detect=1.7ms, postprocess=0.0ms, fuse+track=0.0ms
2026-05-22 19:25:14,048 | INFO | [perf frame=170700] preprocess=0.0ms, perspective=0.0ms, detect=1.5ms, postprocess=0.0ms, fuse+track=0.0ms
2026-05-22 19:25:14,517 | INFO | [perf frame=170800] preprocess=0.0ms, perspective=0.0ms, detect=1.5ms, postprocess=0.0ms, fuse+track=0.0ms
2026-05-22 19:25:14,998 | INFO | [perf frame=170900] preprocess=0.0ms, perspective=0.0ms, detect=1.6ms, postprocess=0.0ms, fuse+track=0.0ms
2026-05-22 19:25:15,500 | INFO | [perf frame=171000] preprocess=0.0ms, perspective=0.0ms, detect=1.7ms, postprocess=0.0ms, fuse+track=0.0ms
2026-05-22 19:25:15,974 | INFO | [perf frame=171100] preprocess=0.0ms, perspective=0.0ms, detect=1.6ms, postprocess=0.0ms, fuse+track=0.0ms
2026-05-22 19:25:16,470 | INFO | [perf frame=171200] preprocess=0.0ms, perspective=0.0ms, detect=1.7ms, postprocess=0.0ms, fuse+track=0.0ms
2026-05-22 19:25:16,945 | INFO | [perf frame=171300] preprocess=0.0ms, perspective=0.0ms, detect=1.5ms, postprocess=0.0ms, fuse+track=0.0ms
2026-05-22 19:25:17,426 | INFO | [perf frame=171400] preprocess=0.0ms, perspective=0.0ms, detect=1.6ms, postprocess=0.0ms, fuse+track=0.0ms
2026-05-22 19:25:17,895 | INFO | [perf frame=171500] preprocess=0.0ms, perspective=0.0ms, detect=1.5ms, postprocess=0.0ms, fuse+track=0.0ms
2026-05-22 19:25:18,410 | INFO | [perf frame=171600] preprocess=0.0ms, perspective=0.0ms, detect=1.5ms, postprocess=0.0ms, fuse+track=0.0ms
2026-05-22 19:25:18,960 | INFO | [perf frame=171700] preprocess=0.0ms, perspective=0.0ms, detect=1.5ms, postprocess=0.0ms, fuse+track=0.1ms
2026-05-22 19:25:19,500 | INFO | [perf frame=171800] preprocess=0.0ms, perspective=0.0ms, detect=1.5ms, postprocess=0.0ms, fuse+track=0.0ms
2026-05-22 19:25:20,035 | INFO | [perf frame=171900] preprocess=0.0ms, perspective=0.0ms, detect=1.4ms, postprocess=0.0ms, fuse+track=0.1ms
2026-05-22 19:25:20,549 | INFO | [perf frame=172000] preprocess=0.0ms, perspective=0.0ms, detect=1.6ms, postprocess=0.0ms, fuse+track=0.0ms
2026-05-22 19:25:21,046 | INFO | [perf frame=172100] preprocess=0.0ms, perspective=0.0ms, detect=1.5ms, postprocess=0.0ms, fuse+track=0.0ms
2026-05-22 19:25:21,585 | INFO | [perf frame=172200] preprocess=0.0ms, perspective=0.0ms, detect=1.6ms, postprocess=0.0ms, fuse+track=0.0ms
2026-05-22 19:25:22,086 | INFO | [perf frame=172300] preprocess=0.0ms, perspective=0.0ms, detect=1.6ms, postprocess=0.0ms, fuse+track=0.0ms
2026-05-22 19:25:22,585 | INFO | [perf frame=172400] preprocess=0.0ms, perspective=0.0ms, detect=1.5ms, postprocess=0.0ms, fuse+track=0.0ms
2026-05-22 19:25:23,083 | INFO | [perf frame=172500] preprocess=0.0ms, perspective=0.0ms, detect=1.4ms, postprocess=0.0ms, fuse+track=0.0ms
2026-05-22 19:25:23,610 | INFO | [perf frame=172600] preprocess=0.0ms, perspective=0.0ms, detect=1.5ms, postprocess=0.0ms, fuse+track=0.0ms
2026-05-22 19:25:24,147 | INFO | [perf frame=172700] preprocess=0.0ms, perspective=0.0ms, detect=1.6ms, postprocess=0.0ms, fuse+track=0.0ms
2026-05-22 19:25:24,640 | INFO | [perf frame=172800] preprocess=0.0ms, perspective=0.0ms, detect=1.4ms, postprocess=0.0ms, fuse+track=0.0ms
2026-05-22 19:25:25,168 | INFO | [perf frame=172900] preprocess=0.0ms, perspective=0.0ms, detect=1.5ms, postprocess=0.0ms, fuse+track=0.0ms
2026-05-22 19:25:25,690 | INFO | [perf frame=173000] preprocess=0.0ms, perspective=0.0ms, detect=1.5ms, postprocess=0.0ms, fuse+track=0.0ms
2026-05-22 19:25:26,191 | INFO | [perf frame=173100] preprocess=0.0ms, perspective=0.0ms, detect=1.4ms, postprocess=0.0ms, fuse+track=0.0ms
2026-05-22 19:25:26,714 | INFO | [perf frame=173200] preprocess=0.0ms, perspective=0.0ms, detect=1.6ms, postprocess=0.0ms, fuse+track=0.0ms
2026-05-22 19:25:27,232 | INFO | [perf frame=173300] preprocess=0.0ms, perspective=0.0ms, detect=1.4ms, postprocess=0.0ms, fuse+track=0.1ms
2026-05-22 19:25:27,749 | INFO | [perf frame=173400] preprocess=0.0ms, perspective=0.0ms, detect=1.4ms, postprocess=0.0ms, fuse+track=0.1ms
2026-05-22 19:25:28,284 | INFO | [perf frame=173500] preprocess=0.0ms, perspective=0.0ms, detect=1.5ms, postprocess=0.0ms, fuse+track=0.1ms
2026-05-22 19:25:28,807 | INFO | [perf frame=173600] preprocess=0.0ms, perspective=0.0ms, detect=1.4ms, postprocess=0.0ms, fuse+track=0.1ms
2026-05-22 19:25:29,341 | INFO | [perf frame=173700] preprocess=0.0ms, perspective=0.0ms, detect=1.5ms, postprocess=0.0ms, fuse+track=0.1ms
2026-05-22 19:25:29,834 | INFO | [perf frame=173800] preprocess=0.0ms, perspective=0.0ms, detect=1.6ms, postprocess=0.0ms, fuse+track=0.0ms
2026-05-22 19:25:30,326 | INFO | [perf frame=173900] preprocess=0.0ms, perspective=0.0ms, detect=1.6ms, postprocess=0.0ms, fuse+track=0.0ms
2026-05-22 19:25:30,818 | INFO | [perf frame=174000] preprocess=0.0ms, perspective=0.0ms, detect=1.5ms, postprocess=0.0ms, fuse+track=0.0ms
2026-05-22 19:25:31,285 | INFO | [perf frame=174100] preprocess=0.0ms, perspective=0.0ms, detect=1.5ms, postprocess=0.0ms, fuse+track=0.0ms
2026-05-22 19:25:31,764 | INFO | [perf frame=174200] preprocess=0.0ms, perspective=0.0ms, detect=1.6ms, postprocess=0.0ms, fuse+track=0.0ms
2026-05-22 19:25:32,240 | INFO | [perf frame=174300] preprocess=0.0ms, perspective=0.0ms, detect=1.6ms, postprocess=0.0ms, fuse+track=0.0ms
2026-05-22 19:25:32,725 | INFO | [perf frame=174400] preprocess=0.0ms, perspective=0.0ms, detect=1.6ms, postprocess=0.0ms, fuse+track=0.0ms
2026-05-22 19:25:33,207 | INFO | [perf frame=174500] preprocess=0.0ms, perspective=0.0ms, detect=1.6ms, postprocess=0.0ms, fuse+track=0.0ms
2026-05-22 19:25:33,684 | INFO | [perf frame=174600] preprocess=0.0ms, perspective=0.0ms, detect=1.6ms, postprocess=0.0ms, fuse+track=0.0ms
2026-05-22 19:25:34,199 | INFO | [perf frame=174700] preprocess=0.0ms, perspective=0.0ms, detect=1.7ms, postprocess=0.0ms, fuse+track=0.0ms
2026-05-22 19:25:34,724 | INFO | [perf frame=174800] preprocess=0.0ms, perspective=0.0ms, detect=1.5ms, postprocess=0.0ms, fuse+track=0.1ms
2026-05-22 19:25:35,254 | INFO | [perf frame=174900] preprocess=0.0ms, perspective=0.0ms, detect=1.5ms, postprocess=0.0ms, fuse+track=0.1ms
2026-05-22 19:25:35,792 | INFO | [perf frame=175000] preprocess=0.0ms, perspective=0.0ms, detect=1.6ms, postprocess=0.0ms, fuse+track=0.0ms
2026-05-22 19:25:36,268 | INFO | [perf frame=175100] preprocess=0.0ms, perspective=0.0ms, detect=1.5ms, postprocess=0.0ms, fuse+track=0.0ms
2026-05-22 19:25:36,739 | INFO | [perf frame=175200] preprocess=0.0ms, perspective=0.0ms, detect=1.5ms, postprocess=0.0ms, fuse+track=0.0ms
2026-05-22 19:25:37,226 | INFO | [perf frame=175300] preprocess=0.0ms, perspective=0.0ms, detect=1.6ms, postprocess=0.0ms, fuse+track=0.0ms
2026-05-22 19:25:37,694 | INFO | [perf frame=175400] preprocess=0.0ms, perspective=0.0ms, detect=1.5ms, postprocess=0.0ms, fuse+track=0.0ms
2026-05-22 19:25:38,187 | INFO | [perf frame=175500] preprocess=0.0ms, perspective=0.0ms, detect=1.6ms, postprocess=0.0ms, fuse+track=0.0ms
2026-05-22 19:25:38,658 | INFO | [perf frame=175600] preprocess=0.0ms, perspective=0.0ms, detect=1.5ms, postprocess=0.0ms, fuse+track=0.0ms
2026-05-22 19:25:39,144 | INFO | [perf frame=175700] preprocess=0.0ms, perspective=0.0ms, detect=1.6ms, postprocess=0.0ms, fuse+track=0.0ms
2026-05-22 19:25:39,615 | INFO | [perf frame=175800] preprocess=0.0ms, perspective=0.0ms, detect=1.5ms, postprocess=0.0ms, fuse+track=0.0ms
2026-05-22 19:25:40,089 | INFO | [perf frame=175900] preprocess=0.0ms, perspective=0.0ms, detect=1.5ms, postprocess=0.0ms, fuse+track=0.0ms
2026-05-22 19:25:40,563 | INFO | [perf frame=176000] preprocess=0.0ms, perspective=0.0ms, detect=1.5ms, postprocess=0.0ms, fuse+track=0.0ms
2026-05-22 19:25:41,038 | INFO | [perf frame=176100] preprocess=0.0ms, perspective=0.0ms, detect=1.6ms, postprocess=0.0ms, fuse+track=0.0ms
2026-05-22 19:25:41,517 | INFO | [perf frame=176200] preprocess=0.0ms, perspective=0.0ms, detect=1.6ms, postprocess=0.0ms, fuse+track=0.0ms
2026-05-22 19:25:41,980 | INFO | [perf frame=176300] preprocess=0.0ms, perspective=0.0ms, detect=1.5ms, postprocess=0.0ms, fuse+track=0.0ms
2026-05-22 19:25:42,447 | INFO | [perf frame=176400] preprocess=0.0ms, perspective=0.0ms, detect=1.5ms, postprocess=0.0ms, fuse+track=0.0ms
2026-05-22 19:25:42,927 | INFO | [perf frame=176500] preprocess=0.0ms, perspective=0.0ms, detect=1.6ms, postprocess=0.0ms, fuse+track=0.0ms
2026-05-22 19:25:43,409 | INFO | [perf frame=176600] preprocess=0.0ms, perspective=0.0ms, detect=1.6ms, postprocess=0.0ms, fuse+track=0.0ms
2026-05-22 19:25:43,877 | INFO | [perf frame=176700] preprocess=0.0ms, perspective=0.0ms, detect=1.5ms, postprocess=0.0ms, fuse+track=0.0ms
2026-05-22 19:25:44,351 | INFO | [perf frame=176800] preprocess=0.0ms, perspective=0.0ms, detect=1.5ms, postprocess=0.0ms, fuse+track=0.0ms
2026-05-22 19:25:44,835 | INFO | [perf frame=176900] preprocess=0.0ms, perspective=0.0ms, detect=1.6ms, postprocess=0.0ms, fuse+track=0.0ms
2026-05-22 19:25:45,327 | INFO | [perf frame=177000] preprocess=0.0ms, perspective=0.0ms, detect=1.6ms, postprocess=0.0ms, fuse+track=0.0ms
2026-05-22 19:25:45,804 | INFO | [perf frame=177100] preprocess=0.0ms, perspective=0.0ms, detect=1.6ms, postprocess=0.0ms, fuse+track=0.0ms
2026-05-22 19:25:46,291 | INFO | [perf frame=177200] preprocess=0.0ms, perspective=0.0ms, detect=1.6ms, postprocess=0.0ms, fuse+track=0.0ms
2026-05-22 19:25:46,754 | INFO | [perf frame=177300] preprocess=0.0ms, perspective=0.0ms, detect=1.5ms, postprocess=0.0ms, fuse+track=0.0ms
2026-05-22 19:25:47,236 | INFO | [perf frame=177400] preprocess=0.0ms, perspective=0.0ms, detect=1.6ms, postprocess=0.0ms, fuse+track=0.0ms
2026-05-22 19:25:47,707 | INFO | [perf frame=177500] preprocess=0.0ms, perspective=0.0ms, detect=1.5ms, postprocess=0.0ms, fuse+track=0.0ms
2026-05-22 19:25:48,188 | INFO | [perf frame=177600] preprocess=0.0ms, perspective=0.0ms, detect=1.6ms, postprocess=0.0ms, fuse+track=0.0ms
2026-05-22 19:25:48,676 | INFO | [perf frame=177700] preprocess=0.0ms, perspective=0.0ms, detect=1.7ms, postprocess=0.0ms, fuse+track=0.0ms
2026-05-22 19:25:49,141 | INFO | [perf frame=177800] preprocess=0.0ms, perspective=0.0ms, detect=1.5ms, postprocess=0.0ms, fuse+track=0.0ms
2026-05-22 19:25:49,642 | INFO | [perf frame=177900] preprocess=0.0ms, perspective=0.0ms, detect=1.7ms, postprocess=0.0ms, fuse+track=0.0ms
2026-05-22 19:25:50,138 | INFO | [perf frame=178000] preprocess=0.0ms, perspective=0.0ms, detect=1.7ms, postprocess=0.0ms, fuse+track=0.0ms
2026-05-22 19:25:50,622 | INFO | [perf frame=178100] preprocess=0.0ms, perspective=0.0ms, detect=1.6ms, postprocess=0.0ms, fuse+track=0.0ms
2026-05-22 19:25:51,149 | INFO | [perf frame=178200] preprocess=0.0ms, perspective=0.0ms, detect=1.6ms, postprocess=0.0ms, fuse+track=0.0ms
2026-05-22 19:25:51,699 | INFO | [perf frame=178300] preprocess=0.0ms, perspective=0.0ms, detect=1.6ms, postprocess=0.0ms, fuse+track=0.1ms
2026-05-22 19:25:52,249 | INFO | [perf frame=178400] preprocess=0.0ms, perspective=0.0ms, detect=1.6ms, postprocess=0.0ms, fuse+track=0.1ms
2026-05-22 19:25:52,801 | INFO | [perf frame=178500] preprocess=0.0ms, perspective=0.0ms, detect=1.6ms, postprocess=0.0ms, fuse+track=0.1ms
2026-05-22 19:25:53,356 | INFO | [perf frame=178600] preprocess=0.0ms, perspective=0.0ms, detect=1.6ms, postprocess=0.0ms, fuse+track=0.1ms
2026-05-22 19:25:53,900 | INFO | [perf frame=178700] preprocess=0.0ms, perspective=0.0ms, detect=1.5ms, postprocess=0.0ms, fuse+track=0.1ms
2026-05-22 19:25:54,449 | INFO | [perf frame=178800] preprocess=0.0ms, perspective=0.0ms, detect=1.5ms, postprocess=0.0ms, fuse+track=0.1ms
2026-05-22 19:25:54,994 | INFO | [perf frame=178900] preprocess=0.0ms, perspective=0.0ms, detect=1.5ms, postprocess=0.0ms, fuse+track=0.1ms
2026-05-22 19:25:55,542 | INFO | [perf frame=179000] preprocess=0.0ms, perspective=0.0ms, detect=1.5ms, postprocess=0.0ms, fuse+track=0.1ms
2026-05-22 19:25:56,062 | INFO | [perf frame=179100] preprocess=0.0ms, perspective=0.0ms, detect=1.4ms, postprocess=0.0ms, fuse+track=0.0ms
2026-05-22 19:25:56,603 | INFO | [perf frame=179200] preprocess=0.0ms, perspective=0.0ms, detect=1.4ms, postprocess=0.0ms, fuse+track=0.1ms
2026-05-22 19:25:57,134 | INFO | [perf frame=179300] preprocess=0.0ms, perspective=0.0ms, detect=1.5ms, postprocess=0.0ms, fuse+track=0.1ms
2026-05-22 19:25:57,671 | INFO | [perf frame=179400] preprocess=0.0ms, perspective=0.0ms, detect=1.5ms, postprocess=0.0ms, fuse+track=0.1ms
2026-05-22 19:25:58,213 | INFO | [perf frame=179500] preprocess=0.0ms, perspective=0.0ms, detect=1.6ms, postprocess=0.0ms, fuse+track=0.1ms
2026-05-22 19:25:58,767 | INFO | [perf frame=179600] preprocess=0.0ms, perspective=0.0ms, detect=1.6ms, postprocess=0.0ms, fuse+track=0.1ms
2026-05-22 19:25:59,306 | INFO | [perf frame=179700] preprocess=0.0ms, perspective=0.0ms, detect=1.5ms, postprocess=0.0ms, fuse+track=0.1ms
2026-05-22 19:25:59,861 | INFO | [perf frame=179800] preprocess=0.0ms, perspective=0.0ms, detect=1.6ms, postprocess=0.0ms, fuse+track=0.1ms
2026-05-22 19:26:00,426 | INFO | [perf frame=179900] preprocess=0.0ms, perspective=0.0ms, detect=1.7ms, postprocess=0.0ms, fuse+track=0.1ms
2026-05-22 19:26:00,993 | INFO | [perf frame=180000] preprocess=0.0ms, perspective=0.0ms, detect=1.6ms, postprocess=0.0ms, fuse+track=0.1ms
2026-05-22 19:26:01,555 | INFO | [perf frame=180100] preprocess=0.0ms, perspective=0.0ms, detect=1.6ms, postprocess=0.0ms, fuse+track=0.1ms
2026-05-22 19:26:02,110 | INFO | [perf frame=180200] preprocess=0.0ms, perspective=0.0ms, detect=1.6ms, postprocess=0.0ms, fuse+track=0.1ms
2026-05-22 19:26:02,670 | INFO | [perf frame=180300] preprocess=0.0ms, perspective=0.0ms, detect=1.5ms, postprocess=0.0ms, fuse+track=0.1ms
2026-05-22 19:26:03,196 | INFO | [perf frame=180400] preprocess=0.0ms, perspective=0.0ms, detect=1.5ms, postprocess=0.0ms, fuse+track=0.1ms
2026-05-22 19:26:03,752 | INFO | [perf frame=180500] preprocess=0.0ms, perspective=0.0ms, detect=1.6ms, postprocess=0.0ms, fuse+track=0.1ms
2026-05-22 19:26:04,291 | INFO | [perf frame=180600] preprocess=0.0ms, perspective=0.0ms, detect=1.5ms, postprocess=0.0ms, fuse+track=0.1ms
2026-05-22 19:26:04,825 | INFO | [perf frame=180700] preprocess=0.0ms, perspective=0.0ms, detect=1.5ms, postprocess=0.0ms, fuse+track=0.1ms
2026-05-22 19:26:05,379 | INFO | [perf frame=180800] preprocess=0.0ms, perspective=0.0ms, detect=1.6ms, postprocess=0.0ms, fuse+track=0.1ms
2026-05-22 19:26:05,912 | INFO | [perf frame=180900] preprocess=0.0ms, perspective=0.0ms, detect=1.4ms, postprocess=0.0ms, fuse+track=0.1ms
2026-05-22 19:26:06,450 | INFO | [perf frame=181000] preprocess=0.0ms, perspective=0.0ms, detect=1.5ms, postprocess=0.0ms, fuse+track=0.1ms
2026-05-22 19:26:06,997 | INFO | [perf frame=181100] preprocess=0.0ms, perspective=0.0ms, detect=1.5ms, postprocess=0.0ms, fuse+track=0.1ms
2026-05-22 19:26:07,535 | INFO | [perf frame=181200] preprocess=0.0ms, perspective=0.0ms, detect=1.5ms, postprocess=0.0ms, fuse+track=0.1ms
2026-05-22 19:26:08,094 | INFO | [perf frame=181300] preprocess=0.0ms, perspective=0.0ms, detect=1.6ms, postprocess=0.0ms, fuse+track=0.1ms
2026-05-22 19:26:08,615 | INFO | [perf frame=181400] preprocess=0.0ms, perspective=0.0ms, detect=1.4ms, postprocess=0.0ms, fuse+track=0.1ms
2026-05-22 19:26:09,147 | INFO | [perf frame=181500] preprocess=0.0ms, perspective=0.0ms, detect=1.5ms, postprocess=0.0ms, fuse+track=0.1ms
2026-05-22 19:26:09,700 | INFO | [perf frame=181600] preprocess=0.0ms, perspective=0.0ms, detect=1.5ms, postprocess=0.0ms, fuse+track=0.1ms
2026-05-22 19:26:10,243 | INFO | [perf frame=181700] preprocess=0.0ms, perspective=0.0ms, detect=1.5ms, postprocess=0.0ms, fuse+track=0.1ms
2026-05-22 19:26:10,795 | INFO | [perf frame=181800] preprocess=0.0ms, perspective=0.0ms, detect=1.5ms, postprocess=0.0ms, fuse+track=0.1ms
2026-05-22 19:26:11,341 | INFO | [perf frame=181900] preprocess=0.0ms, perspective=0.0ms, detect=1.5ms, postprocess=0.0ms, fuse+track=0.1ms
2026-05-22 19:26:11,875 | INFO | [perf frame=182000] preprocess=0.0ms, perspective=0.0ms, detect=1.4ms, postprocess=0.0ms, fuse+track=0.1ms
2026-05-22 19:26:12,431 | INFO | [perf frame=182100] preprocess=0.0ms, perspective=0.0ms, detect=1.5ms, postprocess=0.0ms, fuse+track=0.1ms
2026-05-22 19:26:13,022 | INFO | [perf frame=182200] preprocess=0.0ms, perspective=0.0ms, detect=1.5ms, postprocess=0.0ms, fuse+track=0.1ms
2026-05-22 19:26:13,563 | INFO | [perf frame=182300] preprocess=0.0ms, perspective=0.0ms, detect=1.4ms, postprocess=0.0ms, fuse+track=0.1ms
2026-05-22 19:26:14,074 | INFO | [perf frame=182400] preprocess=0.0ms, perspective=0.0ms, detect=1.2ms, postprocess=0.0ms, fuse+track=0.1ms
2026-05-22 19:26:14,630 | INFO | [perf frame=182500] preprocess=0.0ms, perspective=0.0ms, detect=1.4ms, postprocess=0.0ms, fuse+track=0.1ms
2026-05-22 19:26:15,188 | INFO | [perf frame=182600] preprocess=0.0ms, perspective=0.0ms, detect=1.5ms, postprocess=0.0ms, fuse+track=0.1ms
2026-05-22 19:26:15,762 | INFO | [perf frame=182700] preprocess=0.0ms, perspective=0.0ms, detect=1.5ms, postprocess=0.0ms, fuse+track=0.1ms
2026-05-22 19:26:16,334 | INFO | [perf frame=182800] preprocess=0.0ms, perspective=0.0ms, detect=1.6ms, postprocess=0.0ms, fuse+track=0.1ms
2026-05-22 19:26:16,897 | INFO | [perf frame=182900] preprocess=0.0ms, perspective=0.0ms, detect=1.6ms, postprocess=0.0ms, fuse+track=0.1ms
2026-05-22 19:26:17,448 | INFO | [perf frame=183000] preprocess=0.0ms, perspective=0.0ms, detect=1.6ms, postprocess=0.0ms, fuse+track=0.1ms
2026-05-22 19:26:17,981 | INFO | [perf frame=183100] preprocess=0.0ms, perspective=0.0ms, detect=1.5ms, postprocess=0.0ms, fuse+track=0.1ms
2026-05-22 19:26:18,533 | INFO | [perf frame=183200] preprocess=0.0ms, perspective=0.0ms, detect=1.5ms, postprocess=0.0ms, fuse+track=0.1ms
2026-05-22 19:26:19,081 | INFO | [perf frame=183300] preprocess=0.0ms, perspective=0.0ms, detect=1.5ms, postprocess=0.0ms, fuse+track=0.1ms
2026-05-22 19:26:19,642 | INFO | [perf frame=183400] preprocess=0.0ms, perspective=0.0ms, detect=1.6ms, postprocess=0.0ms, fuse+track=0.1ms
2026-05-22 19:26:20,203 | INFO | [perf frame=183500] preprocess=0.0ms, perspective=0.0ms, detect=1.5ms, postprocess=0.0ms, fuse+track=0.1ms
2026-05-22 19:26:20,729 | INFO | [perf frame=183600] preprocess=0.0ms, perspective=0.0ms, detect=1.4ms, postprocess=0.0ms, fuse+track=0.1ms
2026-05-22 19:26:21,246 | INFO | [perf frame=183700] preprocess=0.0ms, perspective=0.0ms, detect=1.4ms, postprocess=0.0ms, fuse+track=0.1ms
2026-05-22 19:26:21,776 | INFO | [perf frame=183800] preprocess=0.0ms, perspective=0.0ms, detect=1.4ms, postprocess=0.0ms, fuse+track=0.1ms
2026-05-22 19:26:22,323 | INFO | [perf frame=183900] preprocess=0.0ms, perspective=0.0ms, detect=1.5ms, postprocess=0.0ms, fuse+track=0.1ms
2026-05-22 19:26:22,887 | INFO | [perf frame=184000] preprocess=0.0ms, perspective=0.0ms, detect=1.5ms, postprocess=0.0ms, fuse+track=0.1ms
2026-05-22 19:26:23,414 | INFO | [perf frame=184100] preprocess=0.0ms, perspective=0.0ms, detect=1.3ms, postprocess=0.0ms, fuse+track=0.1ms
2026-05-22 19:26:23,934 | INFO | [perf frame=184200] preprocess=0.0ms, perspective=0.0ms, detect=1.4ms, postprocess=0.0ms, fuse+track=0.1ms
2026-05-22 19:26:24,465 | INFO | [perf frame=184300] preprocess=0.0ms, perspective=0.0ms, detect=1.5ms, postprocess=0.0ms, fuse+track=0.1ms
2026-05-22 19:26:25,012 | INFO | [perf frame=184400] preprocess=0.0ms, perspective=0.0ms, detect=1.6ms, postprocess=0.0ms, fuse+track=0.1ms
2026-05-22 19:26:25,560 | INFO | [perf frame=184500] preprocess=0.0ms, perspective=0.0ms, detect=1.5ms, postprocess=0.0ms, fuse+track=0.1ms
2026-05-22 19:26:26,120 | INFO | [perf frame=184600] preprocess=0.0ms, perspective=0.0ms, detect=1.6ms, postprocess=0.0ms, fuse+track=0.1ms
2026-05-22 19:26:26,663 | INFO | [perf frame=184700] preprocess=0.0ms, perspective=0.0ms, detect=1.5ms, postprocess=0.0ms, fuse+track=0.1ms
2026-05-22 19:26:27,215 | INFO | [perf frame=184800] preprocess=0.0ms, perspective=0.0ms, detect=1.6ms, postprocess=0.0ms, fuse+track=0.1ms
2026-05-22 19:26:27,764 | INFO | [perf frame=184900] preprocess=0.0ms, perspective=0.0ms, detect=1.6ms, postprocess=0.0ms, fuse+track=0.1ms
2026-05-22 19:26:28,319 | INFO | [perf frame=185000] preprocess=0.0ms, perspective=0.0ms, detect=1.5ms, postprocess=0.0ms, fuse+track=0.1ms
2026-05-22 19:26:28,865 | INFO | [perf frame=185100] preprocess=0.0ms, perspective=0.0ms, detect=1.5ms, postprocess=0.0ms, fuse+track=0.1ms
2026-05-22 19:26:29,421 | INFO | [perf frame=185200] preprocess=0.0ms, perspective=0.0ms, detect=1.5ms, postprocess=0.0ms, fuse+track=0.1ms
2026-05-22 19:26:29,965 | INFO | [perf frame=185300] preprocess=0.0ms, perspective=0.0ms, detect=1.4ms, postprocess=0.0ms, fuse+track=0.1ms
2026-05-22 19:26:30,533 | INFO | [perf frame=185400] preprocess=0.0ms, perspective=0.0ms, detect=1.6ms, postprocess=0.0ms, fuse+track=0.1ms
2026-05-22 19:26:31,087 | INFO | [perf frame=185500] preprocess=0.0ms, perspective=0.0ms, detect=1.5ms, postprocess=0.0ms, fuse+track=0.1ms
2026-05-22 19:26:31,717 | INFO | [perf frame=185600] preprocess=0.0ms, perspective=0.0ms, detect=1.6ms, postprocess=0.0ms, fuse+track=0.1ms
2026-05-22 19:26:32,296 | INFO | [perf frame=185700] preprocess=0.0ms, perspective=0.0ms, detect=1.6ms, postprocess=0.0ms, fuse+track=0.1ms
2026-05-22 19:26:32,867 | INFO | [perf frame=185800] preprocess=0.0ms, perspective=0.0ms, detect=1.5ms, postprocess=0.0ms, fuse+track=0.1ms
2026-05-22 19:26:33,444 | INFO | [perf frame=185900] preprocess=0.0ms, perspective=0.0ms, detect=1.6ms, postprocess=0.0ms, fuse+track=0.1ms
2026-05-22 19:26:33,998 | INFO | [perf frame=186000] preprocess=0.0ms, perspective=0.0ms, detect=1.4ms, postprocess=0.0ms, fuse+track=0.1ms
2026-05-22 19:26:34,547 | INFO | [perf frame=186100] preprocess=0.0ms, perspective=0.0ms, detect=1.5ms, postprocess=0.0ms, fuse+track=0.1ms
2026-05-22 19:26:35,080 | INFO | [perf frame=186200] preprocess=0.0ms, perspective=0.0ms, detect=1.4ms, postprocess=0.0ms, fuse+track=0.1ms
2026-05-22 19:26:35,680 | INFO | [perf frame=186300] preprocess=0.0ms, perspective=0.0ms, detect=1.5ms, postprocess=0.0ms, fuse+track=0.1ms
2026-05-22 19:26:36,224 | INFO | [perf frame=186400] preprocess=0.0ms, perspective=0.0ms, detect=1.6ms, postprocess=0.0ms, fuse+track=0.1ms
2026-05-22 19:26:36,769 | INFO | [perf frame=186500] preprocess=0.0ms, perspective=0.0ms, detect=1.5ms, postprocess=0.0ms, fuse+track=0.1ms
2026-05-22 19:26:37,319 | INFO | [perf frame=186600] preprocess=0.0ms, perspective=0.0ms, detect=1.5ms, postprocess=0.0ms, fuse+track=0.1ms
2026-05-22 19:26:37,865 | INFO | [perf frame=186700] preprocess=0.0ms, perspective=0.0ms, detect=1.5ms, postprocess=0.0ms, fuse+track=0.1ms
2026-05-22 19:26:38,420 | INFO | [perf frame=186800] preprocess=0.0ms, perspective=0.0ms, detect=1.5ms, postprocess=0.0ms, fuse+track=0.1ms
2026-05-22 19:26:38,974 | INFO | [perf frame=186900] preprocess=0.0ms, perspective=0.0ms, detect=1.5ms, postprocess=0.0ms, fuse+track=0.1ms
2026-05-22 19:26:39,553 | INFO | [perf frame=187000] preprocess=0.0ms, perspective=0.0ms, detect=1.6ms, postprocess=0.0ms, fuse+track=0.1ms
2026-05-22 19:26:40,107 | INFO | [perf frame=187100] preprocess=0.0ms, perspective=0.0ms, detect=1.6ms, postprocess=0.0ms, fuse+track=0.1ms
2026-05-22 19:26:40,662 | INFO | [perf frame=187200] preprocess=0.0ms, perspective=0.0ms, detect=1.5ms, postprocess=0.0ms, fuse+track=0.1ms
2026-05-22 19:26:41,215 | INFO | [perf frame=187300] preprocess=0.0ms, perspective=0.0ms, detect=1.5ms, postprocess=0.0ms, fuse+track=0.1ms
2026-05-22 19:26:41,763 | INFO | [perf frame=187400] preprocess=0.0ms, perspective=0.0ms, detect=1.5ms, postprocess=0.0ms, fuse+track=0.1ms
2026-05-22 19:26:42,327 | INFO | [perf frame=187500] preprocess=0.0ms, perspective=0.0ms, detect=1.5ms, postprocess=0.0ms, fuse+track=0.1ms
2026-05-22 19:26:42,877 | INFO | [perf frame=187600] preprocess=0.0ms, perspective=0.0ms, detect=1.5ms, postprocess=0.0ms, fuse+track=0.1ms
2026-05-22 19:26:43,429 | INFO | [perf frame=187700] preprocess=0.0ms, perspective=0.0ms, detect=1.6ms, postprocess=0.0ms, fuse+track=0.1ms
2026-05-22 19:26:43,979 | INFO | [perf frame=187800] preprocess=0.0ms, perspective=0.0ms, detect=1.6ms, postprocess=0.0ms, fuse+track=0.1ms
2026-05-22 19:26:44,505 | INFO | [perf frame=187900] preprocess=0.0ms, perspective=0.0ms, detect=1.4ms, postprocess=0.0ms, fuse+track=0.1ms
2026-05-22 19:26:45,041 | INFO | [perf frame=188000] preprocess=0.0ms, perspective=0.0ms, detect=1.5ms, postprocess=0.0ms, fuse+track=0.1ms
2026-05-22 19:26:45,610 | INFO | [perf frame=188100] preprocess=0.0ms, perspective=0.0ms, detect=1.6ms, postprocess=0.0ms, fuse+track=0.1ms
2026-05-22 19:26:46,217 | INFO | [perf frame=188200] preprocess=0.0ms, perspective=0.0ms, detect=1.5ms, postprocess=0.0ms, fuse+track=0.1ms
2026-05-22 19:26:46,780 | INFO | [perf frame=188300] preprocess=0.0ms, perspective=0.0ms, detect=1.5ms, postprocess=0.0ms, fuse+track=0.1ms
2026-05-22 19:26:47,335 | INFO | [perf frame=188400] preprocess=0.0ms, perspective=0.0ms, detect=1.5ms, postprocess=0.0ms, fuse+track=0.1ms
2026-05-22 19:26:47,884 | INFO | [perf frame=188500] preprocess=0.0ms, perspective=0.0ms, detect=1.5ms, postprocess=0.0ms, fuse+track=0.1ms
2026-05-22 19:26:48,442 | INFO | [perf frame=188600] preprocess=0.0ms, perspective=0.0ms, detect=1.6ms, postprocess=0.0ms, fuse+track=0.1ms
2026-05-22 19:26:48,980 | INFO | [perf frame=188700] preprocess=0.0ms, perspective=0.0ms, detect=1.5ms, postprocess=0.0ms, fuse+track=0.1ms
2026-05-22 19:26:49,508 | INFO | [perf frame=188800] preprocess=0.0ms, perspective=0.0ms, detect=1.4ms, postprocess=0.0ms, fuse+track=0.1ms
2026-05-22 19:26:50,053 | INFO | [perf frame=188900] preprocess=0.0ms, perspective=0.0ms, detect=1.5ms, postprocess=0.0ms, fuse+track=0.1ms
2026-05-22 19:26:50,634 | INFO | [perf frame=189000] preprocess=0.0ms, perspective=0.0ms, detect=1.5ms, postprocess=0.0ms, fuse+track=0.1ms
2026-05-22 19:26:51,228 | INFO | [perf frame=189100] preprocess=0.0ms, perspective=0.0ms, detect=1.6ms, postprocess=0.0ms, fuse+track=0.1ms
2026-05-22 19:26:51,790 | INFO | [perf frame=189200] preprocess=0.0ms, perspective=0.0ms, detect=1.5ms, postprocess=0.0ms, fuse+track=0.1ms
2026-05-22 19:26:52,335 | INFO | [perf frame=189300] preprocess=0.0ms, perspective=0.0ms, detect=1.5ms, postprocess=0.0ms, fuse+track=0.1ms
2026-05-22 19:26:52,874 | INFO | [perf frame=189400] preprocess=0.0ms, perspective=0.0ms, detect=1.5ms, postprocess=0.0ms, fuse+track=0.1ms
2026-05-22 19:26:53,448 | INFO | [perf frame=189500] preprocess=0.0ms, perspective=0.0ms, detect=1.4ms, postprocess=0.0ms, fuse+track=0.1ms
2026-05-22 19:26:53,974 | INFO | [perf frame=189600] preprocess=0.0ms, perspective=0.0ms, detect=1.4ms, postprocess=0.0ms, fuse+track=0.1ms
2026-05-22 19:26:54,508 | INFO | [perf frame=189700] preprocess=0.0ms, perspective=0.0ms, detect=1.5ms, postprocess=0.0ms, fuse+track=0.1ms
2026-05-22 19:26:55,113 | INFO | [perf frame=189800] preprocess=0.0ms, perspective=0.0ms, detect=1.6ms, postprocess=0.0ms, fuse+track=0.1ms
2026-05-22 19:26:55,685 | INFO | [perf frame=189900] preprocess=0.0ms, perspective=0.0ms, detect=1.5ms, postprocess=0.0ms, fuse+track=0.1ms
2026-05-22 19:26:56,233 | INFO | [perf frame=190000] preprocess=0.0ms, perspective=0.0ms, detect=1.5ms, postprocess=0.0ms, fuse+track=0.1ms
2026-05-22 19:26:56,778 | INFO | [perf frame=190100] preprocess=0.0ms, perspective=0.0ms, detect=1.5ms, postprocess=0.0ms, fuse+track=0.1ms
2026-05-22 19:26:57,344 | INFO | [perf frame=190200] preprocess=0.0ms, perspective=0.0ms, detect=1.6ms, postprocess=0.0ms, fuse+track=0.1ms
2026-05-22 19:26:57,929 | INFO | [perf frame=190300] preprocess=0.0ms, perspective=0.0ms, detect=1.6ms, postprocess=0.0ms, fuse+track=0.1ms
2026-05-22 19:26:58,509 | INFO | [perf frame=190400] preprocess=0.0ms, perspective=0.0ms, detect=1.6ms, postprocess=0.0ms, fuse+track=0.1ms
2026-05-22 19:26:59,077 | INFO | [perf frame=190500] preprocess=0.0ms, perspective=0.0ms, detect=1.6ms, postprocess=0.0ms, fuse+track=0.1ms
2026-05-22 19:26:59,647 | INFO | [perf frame=190600] preprocess=0.0ms, perspective=0.0ms, detect=1.5ms, postprocess=0.0ms, fuse+track=0.1ms
2026-05-22 19:27:00,189 | INFO | [perf frame=190700] preprocess=0.0ms, perspective=0.0ms, detect=1.4ms, postprocess=0.0ms, fuse+track=0.1ms
2026-05-22 19:27:00,734 | INFO | [perf frame=190800] preprocess=0.0ms, perspective=0.0ms, detect=1.5ms, postprocess=0.0ms, fuse+track=0.1ms
2026-05-22 19:27:01,294 | INFO | [perf frame=190900] preprocess=0.0ms, perspective=0.0ms, detect=1.5ms, postprocess=0.0ms, fuse+track=0.1ms
2026-05-22 19:27:01,843 | INFO | [perf frame=191000] preprocess=0.0ms, perspective=0.0ms, detect=1.5ms, postprocess=0.0ms, fuse+track=0.1ms
2026-05-22 19:27:02,380 | INFO | [perf frame=191100] preprocess=0.0ms, perspective=0.0ms, detect=1.5ms, postprocess=0.0ms, fuse+track=0.1ms
2026-05-22 19:27:02,923 | INFO | [perf frame=191200] preprocess=0.0ms, perspective=0.0ms, detect=1.5ms, postprocess=0.0ms, fuse+track=0.1ms
2026-05-22 19:27:03,473 | INFO | [perf frame=191300] preprocess=0.0ms, perspective=0.0ms, detect=1.5ms, postprocess=0.0ms, fuse+track=0.1ms
2026-05-22 19:27:04,027 | INFO | [perf frame=191400] preprocess=0.0ms, perspective=0.0ms, detect=1.4ms, postprocess=0.0ms, fuse+track=0.1ms
2026-05-22 19:27:04,572 | INFO | [perf frame=191500] preprocess=0.0ms, perspective=0.0ms, detect=1.5ms, postprocess=0.0ms, fuse+track=0.1ms
2026-05-22 19:27:05,079 | INFO | [perf frame=191600] preprocess=0.0ms, perspective=0.0ms, detect=1.4ms, postprocess=0.0ms, fuse+track=0.0ms
2026-05-22 19:27:05,613 | INFO | [perf frame=191700] preprocess=0.0ms, perspective=0.0ms, detect=1.5ms, postprocess=0.0ms, fuse+track=0.1ms
2026-05-22 19:27:06,157 | INFO | [perf frame=191800] preprocess=0.0ms, perspective=0.0ms, detect=1.5ms, postprocess=0.0ms, fuse+track=0.1ms
2026-05-22 19:27:06,693 | INFO | [perf frame=191900] preprocess=0.0ms, perspective=0.0ms, detect=1.4ms, postprocess=0.0ms, fuse+track=0.1ms
2026-05-22 19:27:07,292 | INFO | [perf frame=192000] preprocess=0.0ms, perspective=0.0ms, detect=1.7ms, postprocess=0.0ms, fuse+track=0.1ms
2026-05-22 19:27:07,845 | INFO | [perf frame=192100] preprocess=0.0ms, perspective=0.0ms, detect=1.6ms, postprocess=0.0ms, fuse+track=0.1ms
2026-05-22 19:27:08,402 | INFO | [perf frame=192200] preprocess=0.0ms, perspective=0.0ms, detect=1.6ms, postprocess=0.0ms, fuse+track=0.1ms
2026-05-22 19:27:08,939 | INFO | [perf frame=192300] preprocess=0.0ms, perspective=0.0ms, detect=1.5ms, postprocess=0.0ms, fuse+track=0.1ms
2026-05-22 19:27:09,505 | INFO | [perf frame=192400] preprocess=0.0ms, perspective=0.0ms, detect=1.6ms, postprocess=0.0ms, fuse+track=0.1ms
2026-05-22 19:27:10,055 | INFO | [perf frame=192500] preprocess=0.0ms, perspective=0.0ms, detect=1.5ms, postprocess=0.0ms, fuse+track=0.1ms
2026-05-22 19:27:10,595 | INFO | [perf frame=192600] preprocess=0.0ms, perspective=0.0ms, detect=1.5ms, postprocess=0.0ms, fuse+track=0.1ms
2026-05-22 19:27:11,133 | INFO | [perf frame=192700] preprocess=0.0ms, perspective=0.0ms, detect=1.5ms, postprocess=0.0ms, fuse+track=0.1ms
2026-05-22 19:27:11,682 | INFO | [perf frame=192800] preprocess=0.0ms, perspective=0.0ms, detect=1.5ms, postprocess=0.0ms, fuse+track=0.1ms
2026-05-22 19:27:12,230 | INFO | [perf frame=192900] preprocess=0.0ms, perspective=0.0ms, detect=1.5ms, postprocess=0.0ms, fuse+track=0.1ms
2026-05-22 19:27:12,779 | INFO | [perf frame=193000] preprocess=0.0ms, perspective=0.0ms, detect=1.5ms, postprocess=0.0ms, fuse+track=0.1ms
2026-05-22 19:27:13,332 | INFO | [perf frame=193100] preprocess=0.0ms, perspective=0.0ms, detect=1.5ms, postprocess=0.0ms, fuse+track=0.1ms
2026-05-22 19:27:13,874 | INFO | [perf frame=193200] preprocess=0.0ms, perspective=0.0ms, detect=1.5ms, postprocess=0.0ms, fuse+track=0.1ms
2026-05-22 19:27:14,424 | INFO | [perf frame=193300] preprocess=0.0ms, perspective=0.0ms, detect=1.5ms, postprocess=0.0ms, fuse+track=0.1ms
2026-05-22 19:27:14,973 | INFO | [perf frame=193400] preprocess=0.0ms, perspective=0.0ms, detect=1.5ms, postprocess=0.0ms, fuse+track=0.1ms
2026-05-22 19:27:15,530 | INFO | [perf frame=193500] preprocess=0.0ms, perspective=0.0ms, detect=1.5ms, postprocess=0.0ms, fuse+track=0.1ms
2026-05-22 19:27:16,171 | INFO | [perf frame=193600] preprocess=0.0ms, perspective=0.0ms, detect=1.6ms, postprocess=0.0ms, fuse+track=0.1ms
2026-05-22 19:27:16,727 | INFO | [perf frame=193700] preprocess=0.0ms, perspective=0.0ms, detect=1.6ms, postprocess=0.0ms, fuse+track=0.1ms
2026-05-22 19:27:17,263 | INFO | [perf frame=193800] preprocess=0.0ms, perspective=0.0ms, detect=1.4ms, postprocess=0.0ms, fuse+track=0.1ms
2026-05-22 19:27:17,827 | INFO | [perf frame=193900] preprocess=0.0ms, perspective=0.0ms, detect=1.5ms, postprocess=0.0ms, fuse+track=0.1ms
2026-05-22 19:27:18,402 | INFO | [perf frame=194000] preprocess=0.0ms, perspective=0.0ms, detect=1.7ms, postprocess=0.0ms, fuse+track=0.1ms
2026-05-22 19:27:18,978 | INFO | [perf frame=194100] preprocess=0.0ms, perspective=0.0ms, detect=1.6ms, postprocess=0.0ms, fuse+track=0.1ms
2026-05-22 19:27:19,535 | INFO | [perf frame=194200] preprocess=0.0ms, perspective=0.0ms, detect=1.5ms, postprocess=0.0ms, fuse+track=0.1ms
2026-05-22 19:27:20,088 | INFO | [perf frame=194300] preprocess=0.0ms, perspective=0.0ms, detect=1.6ms, postprocess=0.0ms, fuse+track=0.1ms
2026-05-22 19:27:20,622 | INFO | [perf frame=194400] preprocess=0.0ms, perspective=0.0ms, detect=1.5ms, postprocess=0.0ms, fuse+track=0.1ms
2026-05-22 19:27:21,135 | INFO | [perf frame=194500] preprocess=0.0ms, perspective=0.0ms, detect=1.4ms, postprocess=0.0ms, fuse+track=0.1ms
2026-05-22 19:27:21,651 | INFO | [perf frame=194600] preprocess=0.0ms, perspective=0.0ms, detect=1.4ms, postprocess=0.0ms, fuse+track=0.1ms
2026-05-22 19:27:22,199 | INFO | [perf frame=194700] preprocess=0.0ms, perspective=0.0ms, detect=1.5ms, postprocess=0.0ms, fuse+track=0.1ms
2026-05-22 19:27:22,826 | INFO | [perf frame=194800] preprocess=0.0ms, perspective=0.0ms, detect=1.6ms, postprocess=0.0ms, fuse+track=0.1ms
2026-05-22 19:27:23,382 | INFO | [perf frame=194900] preprocess=0.0ms, perspective=0.0ms, detect=1.5ms, postprocess=0.0ms, fuse+track=0.1ms
2026-05-22 19:27:23,971 | INFO | [perf frame=195000] preprocess=0.0ms, perspective=0.0ms, detect=1.4ms, postprocess=0.0ms, fuse+track=0.1ms
2026-05-22 19:27:24,615 | INFO | [perf frame=195100] preprocess=0.0ms, perspective=0.0ms, detect=1.6ms, postprocess=0.0ms, fuse+track=0.1ms
2026-05-22 19:27:25,251 | INFO | [perf frame=195200] preprocess=0.0ms, perspective=0.0ms, detect=1.7ms, postprocess=0.0ms, fuse+track=0.1ms
2026-05-22 19:27:25,819 | INFO | [perf frame=195300] preprocess=0.0ms, perspective=0.0ms, detect=1.5ms, postprocess=0.0ms, fuse+track=0.1ms
2026-05-22 19:27:26,424 | INFO | [perf frame=195400] preprocess=0.0ms, perspective=0.0ms, detect=1.6ms, postprocess=0.0ms, fuse+track=0.1ms
2026-05-22 19:27:26,966 | INFO | [perf frame=195500] preprocess=0.0ms, perspective=0.0ms, detect=1.5ms, postprocess=0.0ms, fuse+track=0.1ms
2026-05-22 19:27:27,542 | INFO | [perf frame=195600] preprocess=0.0ms, perspective=0.0ms, detect=1.5ms, postprocess=0.0ms, fuse+track=0.1ms
2026-05-22 19:27:28,090 | INFO | [perf frame=195700] preprocess=0.0ms, perspective=0.0ms, detect=1.5ms, postprocess=0.0ms, fuse+track=0.1ms
2026-05-22 19:27:28,635 | INFO | [perf frame=195800] preprocess=0.0ms, perspective=0.0ms, detect=1.6ms, postprocess=0.0ms, fuse+track=0.1ms
2026-05-22 19:27:29,178 | INFO | [perf frame=195900] preprocess=0.0ms, perspective=0.0ms, detect=1.5ms, postprocess=0.0ms, fuse+track=0.1ms
2026-05-22 19:27:29,726 | INFO | [perf frame=196000] preprocess=0.0ms, perspective=0.0ms, detect=1.5ms, postprocess=0.0ms, fuse+track=0.1ms
2026-05-22 19:27:30,270 | INFO | [perf frame=196100] preprocess=0.0ms, perspective=0.0ms, detect=1.5ms, postprocess=0.0ms, fuse+track=0.1ms
2026-05-22 19:27:30,843 | INFO | [perf frame=196200] preprocess=0.0ms, perspective=0.0ms, detect=1.6ms, postprocess=0.0ms, fuse+track=0.1ms
2026-05-22 19:27:31,397 | INFO | [perf frame=196300] preprocess=0.0ms, perspective=0.0ms, detect=1.6ms, postprocess=0.0ms, fuse+track=0.1ms
2026-05-22 19:27:31,949 | INFO | [perf frame=196400] preprocess=0.0ms, perspective=0.0ms, detect=1.5ms, postprocess=0.0ms, fuse+track=0.1ms
2026-05-22 19:27:32,516 | INFO | [perf frame=196500] preprocess=0.0ms, perspective=0.0ms, detect=1.6ms, postprocess=0.0ms, fuse+track=0.1ms
2026-05-22 19:27:33,074 | INFO | [perf frame=196600] preprocess=0.0ms, perspective=0.0ms, detect=1.6ms, postprocess=0.0ms, fuse+track=0.1ms
2026-05-22 19:27:33,632 | INFO | [perf frame=196700] preprocess=0.0ms, perspective=0.0ms, detect=1.6ms, postprocess=0.0ms, fuse+track=0.1ms
2026-05-22 19:27:34,187 | INFO | [perf frame=196800] preprocess=0.0ms, perspective=0.0ms, detect=1.5ms, postprocess=0.0ms, fuse+track=0.1ms
2026-05-22 19:27:34,754 | INFO | [perf frame=196900] preprocess=0.0ms, perspective=0.0ms, detect=1.7ms, postprocess=0.0ms, fuse+track=0.1ms
2026-05-22 19:27:35,287 | INFO | [perf frame=197000] preprocess=0.0ms, perspective=0.0ms, detect=1.5ms, postprocess=0.0ms, fuse+track=0.1ms
2026-05-22 19:27:35,833 | INFO | [perf frame=197100] preprocess=0.0ms, perspective=0.0ms, detect=1.5ms, postprocess=0.0ms, fuse+track=0.1ms
2026-05-22 19:27:36,358 | INFO | [perf frame=197200] preprocess=0.0ms, perspective=0.0ms, detect=1.4ms, postprocess=0.0ms, fuse+track=0.1ms
2026-05-22 19:27:36,893 | INFO | [perf frame=197300] preprocess=0.0ms, perspective=0.0ms, detect=1.5ms, postprocess=0.0ms, fuse+track=0.1ms
2026-05-22 19:27:37,455 | INFO | [perf frame=197400] preprocess=0.0ms, perspective=0.0ms, detect=1.6ms, postprocess=0.0ms, fuse+track=0.1ms
2026-05-22 19:27:38,010 | INFO | [perf frame=197500] preprocess=0.0ms, perspective=0.0ms, detect=1.6ms, postprocess=0.0ms, fuse+track=0.1ms
2026-05-22 19:27:38,566 | INFO | [perf frame=197600] preprocess=0.0ms, perspective=0.0ms, detect=1.5ms, postprocess=0.0ms, fuse+track=0.1ms
2026-05-22 19:27:39,127 | INFO | [perf frame=197700] preprocess=0.0ms, perspective=0.0ms, detect=1.5ms, postprocess=0.0ms, fuse+track=0.1ms
2026-05-22 19:27:39,692 | INFO | [perf frame=197800] preprocess=0.0ms, perspective=0.0ms, detect=1.5ms, postprocess=0.0ms, fuse+track=0.1ms
2026-05-22 19:27:40,246 | INFO | [perf frame=197900] preprocess=0.0ms, perspective=0.0ms, detect=1.5ms, postprocess=0.0ms, fuse+track=0.1ms
2026-05-22 19:27:40,818 | INFO | [perf frame=198000] preprocess=0.0ms, perspective=0.0ms, detect=1.6ms, postprocess=0.0ms, fuse+track=0.1ms
2026-05-22 19:27:41,355 | INFO | [perf frame=198100] preprocess=0.0ms, perspective=0.0ms, detect=1.5ms, postprocess=0.0ms, fuse+track=0.1ms
2026-05-22 19:27:41,909 | INFO | [perf frame=198200] preprocess=0.0ms, perspective=0.0ms, detect=1.5ms, postprocess=0.0ms, fuse+track=0.1ms
2026-05-22 19:27:42,460 | INFO | [perf frame=198300] preprocess=0.0ms, perspective=0.0ms, detect=1.5ms, postprocess=0.0ms, fuse+track=0.1ms
2026-05-22 19:27:43,025 | INFO | [perf frame=198400] preprocess=0.0ms, perspective=0.0ms, detect=1.5ms, postprocess=0.0ms, fuse+track=0.1ms
2026-05-22 19:27:43,579 | INFO | [perf frame=198500] preprocess=0.0ms, perspective=0.0ms, detect=1.5ms, postprocess=0.0ms, fuse+track=0.1ms
2026-05-22 19:27:44,127 | INFO | [perf frame=198600] preprocess=0.0ms, perspective=0.0ms, detect=1.5ms, postprocess=0.0ms, fuse+track=0.1ms
2026-05-22 19:27:44,677 | INFO | [perf frame=198700] preprocess=0.0ms, perspective=0.0ms, detect=1.5ms, postprocess=0.0ms, fuse+track=0.1ms
2026-05-22 19:27:45,229 | INFO | [perf frame=198800] preprocess=0.0ms, perspective=0.0ms, detect=1.5ms, postprocess=0.0ms, fuse+track=0.1ms
2026-05-22 19:27:45,771 | INFO | [perf frame=198900] preprocess=0.0ms, perspective=0.0ms, detect=1.5ms, postprocess=0.0ms, fuse+track=0.1ms
2026-05-22 19:27:46,318 | INFO | [perf frame=199000] preprocess=0.0ms, perspective=0.0ms, detect=1.6ms, postprocess=0.0ms, fuse+track=0.1ms
2026-05-22 19:27:46,866 | INFO | [perf frame=199100] preprocess=0.0ms, perspective=0.0ms, detect=1.5ms, postprocess=0.0ms, fuse+track=0.1ms
2026-05-22 19:27:47,427 | INFO | [perf frame=199200] preprocess=0.0ms, perspective=0.0ms, detect=1.6ms, postprocess=0.0ms, fuse+track=0.1ms
2026-05-22 19:27:47,976 | INFO | [perf frame=199300] preprocess=0.0ms, perspective=0.0ms, detect=1.5ms, postprocess=0.0ms, fuse+track=0.1ms
2026-05-22 19:27:48,515 | INFO | [perf frame=199400] preprocess=0.0ms, perspective=0.0ms, detect=1.5ms, postprocess=0.0ms, fuse+track=0.1ms
2026-05-22 19:27:49,060 | INFO | [perf frame=199500] preprocess=0.0ms, perspective=0.0ms, detect=1.5ms, postprocess=0.0ms, fuse+track=0.1ms
2026-05-22 19:27:49,589 | INFO | [perf frame=199600] preprocess=0.0ms, perspective=0.0ms, detect=1.4ms, postprocess=0.0ms, fuse+track=0.1ms
2026-05-22 19:27:50,133 | INFO | [perf frame=199700] preprocess=0.0ms, perspective=0.0ms, detect=1.5ms, postprocess=0.0ms, fuse+track=0.1ms
2026-05-22 19:27:50,675 | INFO | [perf frame=199800] preprocess=0.0ms, perspective=0.0ms, detect=1.5ms, postprocess=0.0ms, fuse+track=0.1ms
2026-05-22 19:27:51,218 | INFO | [perf frame=199900] preprocess=0.0ms, perspective=0.0ms, detect=1.5ms, postprocess=0.0ms, fuse+track=0.1ms
2026-05-22 19:27:51,766 | INFO | [perf frame=200000] preprocess=0.0ms, perspective=0.0ms, detect=1.6ms, postprocess=0.0ms, fuse+track=0.1ms
2026-05-22 19:27:52,317 | INFO | [perf frame=200100] preprocess=0.0ms, perspective=0.0ms, detect=1.6ms, postprocess=0.0ms, fuse+track=0.1ms
2026-05-22 19:27:52,849 | INFO | [perf frame=200200] preprocess=0.0ms, perspective=0.0ms, detect=1.5ms, postprocess=0.0ms, fuse+track=0.1ms
2026-05-22 19:27:53,393 | INFO | [perf frame=200300] preprocess=0.0ms, perspective=0.0ms, detect=1.5ms, postprocess=0.0ms, fuse+track=0.1ms
2026-05-22 19:27:53,944 | INFO | [perf frame=200400] preprocess=0.0ms, perspective=0.0ms, detect=1.5ms, postprocess=0.0ms, fuse+track=0.1ms
2026-05-22 19:27:54,482 | INFO | [perf frame=200500] preprocess=0.0ms, perspective=0.0ms, detect=1.4ms, postprocess=0.0ms, fuse+track=0.1ms
2026-05-22 19:27:55,040 | INFO | [perf frame=200600] preprocess=0.0ms, perspective=0.0ms, detect=1.5ms, postprocess=0.0ms, fuse+track=0.1ms
2026-05-22 19:27:55,597 | INFO | [perf frame=200700] preprocess=0.0ms, perspective=0.0ms, detect=1.6ms, postprocess=0.0ms, fuse+track=0.1ms
2026-05-22 19:27:56,122 | INFO | [perf frame=200800] preprocess=0.0ms, perspective=0.0ms, detect=1.4ms, postprocess=0.0ms, fuse+track=0.1ms
2026-05-22 19:27:56,633 | INFO | [perf frame=200900] preprocess=0.0ms, perspective=0.0ms, detect=1.3ms, postprocess=0.0ms, fuse+track=0.1ms
2026-05-22 19:27:57,179 | INFO | [perf frame=201000] preprocess=0.0ms, perspective=0.0ms, detect=1.5ms, postprocess=0.0ms, fuse+track=0.1ms
2026-05-22 19:27:57,726 | INFO | [perf frame=201100] preprocess=0.0ms, perspective=0.0ms, detect=1.5ms, postprocess=0.0ms, fuse+track=0.1ms
2026-05-22 19:27:58,279 | INFO | [perf frame=201200] preprocess=0.0ms, perspective=0.0ms, detect=1.5ms, postprocess=0.0ms, fuse+track=0.1ms
2026-05-22 19:27:58,851 | INFO | [perf frame=201300] preprocess=0.0ms, perspective=0.0ms, detect=1.6ms, postprocess=0.0ms, fuse+track=0.1ms
2026-05-22 19:27:59,394 | INFO | [perf frame=201400] preprocess=0.0ms, perspective=0.0ms, detect=1.5ms, postprocess=0.0ms, fuse+track=0.1ms
2026-05-22 19:27:59,953 | INFO | [perf frame=201500] preprocess=0.0ms, perspective=0.0ms, detect=1.6ms, postprocess=0.0ms, fuse+track=0.1ms
2026-05-22 19:28:00,490 | INFO | [perf frame=201600] preprocess=0.0ms, perspective=0.0ms, detect=1.5ms, postprocess=0.0ms, fuse+track=0.1ms
2026-05-22 19:28:01,041 | INFO | [perf frame=201700] preprocess=0.0ms, perspective=0.0ms, detect=1.5ms, postprocess=0.0ms, fuse+track=0.1ms
2026-05-22 19:28:01,621 | INFO | [perf frame=201800] preprocess=0.0ms, perspective=0.0ms, detect=1.7ms, postprocess=0.0ms, fuse+track=0.1ms
2026-05-22 19:28:02,172 | INFO | [perf frame=201900] preprocess=0.0ms, perspective=0.0ms, detect=1.6ms, postprocess=0.0ms, fuse+track=0.1ms
2026-05-22 19:28:02,708 | INFO | [perf frame=202000] preprocess=0.0ms, perspective=0.0ms, detect=1.5ms, postprocess=0.0ms, fuse+track=0.1ms
2026-05-22 19:28:03,266 | INFO | [perf frame=202100] preprocess=0.0ms, perspective=0.0ms, detect=1.5ms, postprocess=0.0ms, fuse+track=0.1ms
2026-05-22 19:28:03,830 | INFO | [perf frame=202200] preprocess=0.0ms, perspective=0.0ms, detect=1.6ms, postprocess=0.0ms, fuse+track=0.1ms
2026-05-22 19:28:04,409 | INFO | [perf frame=202300] preprocess=0.0ms, perspective=0.0ms, detect=1.7ms, postprocess=0.0ms, fuse+track=0.1ms
2026-05-22 19:28:04,946 | INFO | [perf frame=202400] preprocess=0.0ms, perspective=0.0ms, detect=1.5ms, postprocess=0.0ms, fuse+track=0.1ms
2026-05-22 19:28:05,497 | INFO | [perf frame=202500] preprocess=0.0ms, perspective=0.0ms, detect=1.5ms, postprocess=0.0ms, fuse+track=0.1ms
2026-05-22 19:28:06,096 | INFO | [perf frame=202600] preprocess=0.0ms, perspective=0.0ms, detect=1.5ms, postprocess=0.0ms, fuse+track=0.1ms
2026-05-22 19:28:06,701 | INFO | [perf frame=202700] preprocess=0.0ms, perspective=0.0ms, detect=1.6ms, postprocess=0.0ms, fuse+track=0.1ms
2026-05-22 19:28:07,235 | INFO | [perf frame=202800] preprocess=0.0ms, perspective=0.0ms, detect=1.5ms, postprocess=0.0ms, fuse+track=0.1ms
2026-05-22 19:28:07,772 | INFO | [perf frame=202900] preprocess=0.0ms, perspective=0.0ms, detect=1.5ms, postprocess=0.0ms, fuse+track=0.1ms
2026-05-22 19:28:08,334 | INFO | [perf frame=203000] preprocess=0.0ms, perspective=0.0ms, detect=1.6ms, postprocess=0.0ms, fuse+track=0.1ms
2026-05-22 19:28:08,875 | INFO | [perf frame=203100] preprocess=0.0ms, perspective=0.0ms, detect=1.5ms, postprocess=0.0ms, fuse+track=0.1ms
2026-05-22 19:28:09,423 | INFO | [perf frame=203200] preprocess=0.0ms, perspective=0.0ms, detect=1.5ms, postprocess=0.0ms, fuse+track=0.1ms
2026-05-22 19:28:09,976 | INFO | [perf frame=203300] preprocess=0.0ms, perspective=0.0ms, detect=1.5ms, postprocess=0.0ms, fuse+track=0.1ms
2026-05-22 19:28:10,530 | INFO | [perf frame=203400] preprocess=0.0ms, perspective=0.0ms, detect=1.5ms, postprocess=0.0ms, fuse+track=0.1ms
2026-05-22 19:28:11,093 | INFO | [perf frame=203500] preprocess=0.0ms, perspective=0.0ms, detect=1.6ms, postprocess=0.0ms, fuse+track=0.1ms
2026-05-22 19:28:11,628 | INFO | [perf frame=203600] preprocess=0.0ms, perspective=0.0ms, detect=1.4ms, postprocess=0.0ms, fuse+track=0.1ms
2026-05-22 19:28:12,176 | INFO | [perf frame=203700] preprocess=0.0ms, perspective=0.0ms, detect=1.5ms, postprocess=0.0ms, fuse+track=0.1ms
2026-05-22 19:28:12,729 | INFO | [perf frame=203800] preprocess=0.0ms, perspective=0.0ms, detect=1.5ms, postprocess=0.0ms, fuse+track=0.1ms
2026-05-22 19:28:13,276 | INFO | [perf frame=203900] preprocess=0.0ms, perspective=0.0ms, detect=1.5ms, postprocess=0.0ms, fuse+track=0.1ms
2026-05-22 19:28:13,833 | INFO | [perf frame=204000] preprocess=0.0ms, perspective=0.0ms, detect=1.6ms, postprocess=0.0ms, fuse+track=0.1ms
2026-05-22 19:28:14,364 | INFO | [perf frame=204100] preprocess=0.0ms, perspective=0.0ms, detect=1.5ms, postprocess=0.0ms, fuse+track=0.1ms
2026-05-22 19:28:14,899 | INFO | [perf frame=204200] preprocess=0.0ms, perspective=0.0ms, detect=1.4ms, postprocess=0.0ms, fuse+track=0.1ms
2026-05-22 19:28:15,453 | INFO | [perf frame=204300] preprocess=0.0ms, perspective=0.0ms, detect=1.5ms, postprocess=0.0ms, fuse+track=0.1ms
2026-05-22 19:28:15,991 | INFO | [perf frame=204400] preprocess=0.0ms, perspective=0.0ms, detect=1.5ms, postprocess=0.0ms, fuse+track=0.1ms
2026-05-22 19:28:16,552 | INFO | [perf frame=204500] preprocess=0.0ms, perspective=0.0ms, detect=1.7ms, postprocess=0.0ms, fuse+track=0.1ms
2026-05-22 19:28:17,103 | INFO | [perf frame=204600] preprocess=0.0ms, perspective=0.0ms, detect=1.5ms, postprocess=0.0ms, fuse+track=0.1ms
2026-05-22 19:28:17,644 | INFO | [perf frame=204700] preprocess=0.0ms, perspective=0.0ms, detect=1.5ms, postprocess=0.0ms, fuse+track=0.1ms
2026-05-22 19:28:18,192 | INFO | [perf frame=204800] preprocess=0.0ms, perspective=0.0ms, detect=1.5ms, postprocess=0.0ms, fuse+track=0.1ms
2026-05-22 19:28:18,739 | INFO | [perf frame=204900] preprocess=0.0ms, perspective=0.0ms, detect=1.5ms, postprocess=0.0ms, fuse+track=0.1ms
2026-05-22 19:28:19,285 | INFO | [perf frame=205000] preprocess=0.0ms, perspective=0.0ms, detect=1.5ms, postprocess=0.0ms, fuse+track=0.1ms
2026-05-22 19:28:19,831 | INFO | [perf frame=205100] preprocess=0.0ms, perspective=0.0ms, detect=1.5ms, postprocess=0.0ms, fuse+track=0.1ms
2026-05-22 19:28:20,375 | INFO | [perf frame=205200] preprocess=0.0ms, perspective=0.0ms, detect=1.5ms, postprocess=0.0ms, fuse+track=0.1ms
2026-05-22 19:28:20,929 | INFO | [perf frame=205300] preprocess=0.0ms, perspective=0.0ms, detect=1.5ms, postprocess=0.0ms, fuse+track=0.1ms
2026-05-22 19:28:21,474 | INFO | [perf frame=205400] preprocess=0.0ms, perspective=0.0ms, detect=1.5ms, postprocess=0.0ms, fuse+track=0.1ms
2026-05-22 19:28:22,026 | INFO | [perf frame=205500] preprocess=0.0ms, perspective=0.0ms, detect=1.5ms, postprocess=0.0ms, fuse+track=0.1ms
2026-05-22 19:28:22,585 | INFO | [perf frame=205600] preprocess=0.0ms, perspective=0.0ms, detect=1.6ms, postprocess=0.0ms, fuse+track=0.1ms
2026-05-22 19:28:23,128 | INFO | [perf frame=205700] preprocess=0.0ms, perspective=0.0ms, detect=1.5ms, postprocess=0.0ms, fuse+track=0.1ms
2026-05-22 19:28:23,675 | INFO | [perf frame=205800] preprocess=0.0ms, perspective=0.0ms, detect=1.5ms, postprocess=0.0ms, fuse+track=0.1ms
2026-05-22 19:28:24,222 | INFO | [perf frame=205900] preprocess=0.0ms, perspective=0.0ms, detect=1.5ms, postprocess=0.0ms, fuse+track=0.1ms
2026-05-22 19:28:24,762 | INFO | [perf frame=206000] preprocess=0.0ms, perspective=0.0ms, detect=1.5ms, postprocess=0.0ms, fuse+track=0.1ms
2026-05-22 19:28:25,295 | INFO | [perf frame=206100] preprocess=0.0ms, perspective=0.0ms, detect=1.5ms, postprocess=0.0ms, fuse+track=0.1ms
2026-05-22 19:28:25,918 | INFO | [perf frame=206200] preprocess=0.0ms, perspective=0.0ms, detect=1.5ms, postprocess=0.0ms, fuse+track=0.1ms
2026-05-22 19:28:26,465 | INFO | [perf frame=206300] preprocess=0.0ms, perspective=0.0ms, detect=1.6ms, postprocess=0.0ms, fuse+track=0.1ms
2026-05-22 19:28:27,025 | INFO | [perf frame=206400] preprocess=0.0ms, perspective=0.0ms, detect=1.6ms, postprocess=0.0ms, fuse+track=0.1ms
2026-05-22 19:28:27,574 | INFO | [perf frame=206500] preprocess=0.0ms, perspective=0.0ms, detect=1.5ms, postprocess=0.0ms, fuse+track=0.1ms
2026-05-22 19:28:28,119 | INFO | [perf frame=206600] preprocess=0.0ms, perspective=0.0ms, detect=1.5ms, postprocess=0.0ms, fuse+track=0.1ms
2026-05-22 19:28:28,642 | INFO | [perf frame=206700] preprocess=0.0ms, perspective=0.0ms, detect=1.4ms, postprocess=0.0ms, fuse+track=0.1ms
2026-05-22 19:28:29,167 | INFO | [perf frame=206800] preprocess=0.0ms, perspective=0.0ms, detect=1.5ms, postprocess=0.0ms, fuse+track=0.1ms
2026-05-22 19:28:29,703 | INFO | [perf frame=206900] preprocess=0.0ms, perspective=0.0ms, detect=1.5ms, postprocess=0.0ms, fuse+track=0.1ms
2026-05-22 19:28:30,239 | INFO | [perf frame=207000] preprocess=0.0ms, perspective=0.0ms, detect=1.4ms, postprocess=0.0ms, fuse+track=0.1ms
2026-05-22 19:28:30,753 | INFO | [perf frame=207100] preprocess=0.0ms, perspective=0.0ms, detect=1.4ms, postprocess=0.0ms, fuse+track=0.1ms
2026-05-22 19:28:31,300 | INFO | [perf frame=207200] preprocess=0.0ms, perspective=0.0ms, detect=1.5ms, postprocess=0.0ms, fuse+track=0.1ms
2026-05-22 19:28:31,825 | INFO | [perf frame=207300] preprocess=0.0ms, perspective=0.0ms, detect=1.5ms, postprocess=0.0ms, fuse+track=0.1ms
2026-05-22 19:28:32,376 | INFO | [perf frame=207400] preprocess=0.0ms, perspective=0.0ms, detect=1.5ms, postprocess=0.0ms, fuse+track=0.1ms
2026-05-22 19:28:32,915 | INFO | [perf frame=207500] preprocess=0.0ms, perspective=0.0ms, detect=1.5ms, postprocess=0.0ms, fuse+track=0.1ms
2026-05-22 19:28:33,444 | INFO | [perf frame=207600] preprocess=0.0ms, perspective=0.0ms, detect=1.4ms, postprocess=0.0ms, fuse+track=0.1ms
2026-05-22 19:28:34,008 | INFO | [perf frame=207700] preprocess=0.0ms, perspective=0.0ms, detect=1.6ms, postprocess=0.0ms, fuse+track=0.1ms
2026-05-22 19:28:34,572 | INFO | [perf frame=207800] preprocess=0.0ms, perspective=0.0ms, detect=1.6ms, postprocess=0.0ms, fuse+track=0.1ms
2026-05-22 19:28:35,091 | INFO | [perf frame=207900] preprocess=0.0ms, perspective=0.0ms, detect=1.4ms, postprocess=0.0ms, fuse+track=0.1ms
2026-05-22 19:28:35,640 | INFO | [perf frame=208000] preprocess=0.0ms, perspective=0.0ms, detect=1.5ms, postprocess=0.0ms, fuse+track=0.1ms
2026-05-22 19:28:36,174 | INFO | [perf frame=208100] preprocess=0.0ms, perspective=0.0ms, detect=1.4ms, postprocess=0.0ms, fuse+track=0.1ms
2026-05-22 19:28:36,709 | INFO | [perf frame=208200] preprocess=0.0ms, perspective=0.0ms, detect=1.5ms, postprocess=0.0ms, fuse+track=0.1ms
2026-05-22 19:28:37,271 | INFO | [perf frame=208300] preprocess=0.0ms, perspective=0.0ms, detect=1.6ms, postprocess=0.0ms, fuse+track=0.1ms
2026-05-22 19:28:37,820 | INFO | [perf frame=208400] preprocess=0.0ms, perspective=0.0ms, detect=1.5ms, postprocess=0.0ms, fuse+track=0.1ms
2026-05-22 19:28:38,365 | INFO | [perf frame=208500] preprocess=0.0ms, perspective=0.0ms, detect=1.4ms, postprocess=0.0ms, fuse+track=0.1ms
2026-05-22 19:28:38,909 | INFO | [perf frame=208600] preprocess=0.0ms, perspective=0.0ms, detect=1.5ms, postprocess=0.0ms, fuse+track=0.1ms
2026-05-22 19:28:39,470 | INFO | [perf frame=208700] preprocess=0.0ms, perspective=0.0ms, detect=1.5ms, postprocess=0.0ms, fuse+track=0.1ms
2026-05-22 19:28:40,011 | INFO | [perf frame=208800] preprocess=0.0ms, perspective=0.0ms, detect=1.5ms, postprocess=0.0ms, fuse+track=0.1ms
2026-05-22 19:28:40,565 | INFO | [perf frame=208900] preprocess=0.0ms, perspective=0.0ms, detect=1.7ms, postprocess=0.0ms, fuse+track=0.1ms
2026-05-22 19:28:41,100 | INFO | [perf frame=209000] preprocess=0.0ms, perspective=0.0ms, detect=1.5ms, postprocess=0.0ms, fuse+track=0.1ms
2026-05-22 19:28:41,628 | INFO | [perf frame=209100] preprocess=0.0ms, perspective=0.0ms, detect=1.4ms, postprocess=0.0ms, fuse+track=0.1ms
2026-05-22 19:28:42,168 | INFO | [perf frame=209200] preprocess=0.0ms, perspective=0.0ms, detect=1.5ms, postprocess=0.0ms, fuse+track=0.1ms
2026-05-22 19:28:42,728 | INFO | [perf frame=209300] preprocess=0.0ms, perspective=0.0ms, detect=1.6ms, postprocess=0.0ms, fuse+track=0.1ms
2026-05-22 19:28:43,290 | INFO | [perf frame=209400] preprocess=0.0ms, perspective=0.0ms, detect=1.7ms, postprocess=0.0ms, fuse+track=0.1ms
2026-05-22 19:28:43,846 | INFO | [perf frame=209500] preprocess=0.0ms, perspective=0.0ms, detect=1.6ms, postprocess=0.0ms, fuse+track=0.1ms
2026-05-22 19:28:44,394 | INFO | [perf frame=209600] preprocess=0.0ms, perspective=0.0ms, detect=1.5ms, postprocess=0.0ms, fuse+track=0.1ms
2026-05-22 19:28:44,924 | INFO | [perf frame=209700] preprocess=0.0ms, perspective=0.0ms, detect=1.4ms, postprocess=0.0ms, fuse+track=0.1ms
2026-05-22 19:28:45,476 | INFO | [perf frame=209800] preprocess=0.0ms, perspective=0.0ms, detect=1.6ms, postprocess=0.0ms, fuse+track=0.1ms
2026-05-22 19:28:46,015 | INFO | [perf frame=209900] preprocess=0.0ms, perspective=0.0ms, detect=1.5ms, postprocess=0.0ms, fuse+track=0.1ms
2026-05-22 19:28:46,565 | INFO | [perf frame=210000] preprocess=0.0ms, perspective=0.0ms, detect=1.6ms, postprocess=0.0ms, fuse+track=0.1ms
2026-05-22 19:28:47,102 | INFO | [perf frame=210100] preprocess=0.0ms, perspective=0.0ms, detect=1.5ms, postprocess=0.0ms, fuse+track=0.1ms
2026-05-22 19:28:47,638 | INFO | [perf frame=210200] preprocess=0.0ms, perspective=0.0ms, detect=1.4ms, postprocess=0.0ms, fuse+track=0.1ms
2026-05-22 19:28:48,179 | INFO | [perf frame=210300] preprocess=0.0ms, perspective=0.0ms, detect=1.5ms, postprocess=0.0ms, fuse+track=0.0ms
2026-05-22 19:28:48,710 | INFO | [perf frame=210400] preprocess=0.0ms, perspective=0.0ms, detect=1.5ms, postprocess=0.0ms, fuse+track=0.1ms
2026-05-22 19:28:49,263 | INFO | [perf frame=210500] preprocess=0.0ms, perspective=0.0ms, detect=1.5ms, postprocess=0.0ms, fuse+track=0.1ms
2026-05-22 19:28:49,847 | INFO | [perf frame=210600] preprocess=0.0ms, perspective=0.0ms, detect=1.5ms, postprocess=0.0ms, fuse+track=0.1ms
2026-05-22 19:28:50,396 | INFO | [perf frame=210700] preprocess=0.0ms, perspective=0.0ms, detect=1.5ms, postprocess=0.0ms, fuse+track=0.1ms
2026-05-22 19:28:50,906 | INFO | [perf frame=210800] preprocess=0.0ms, perspective=0.0ms, detect=1.6ms, postprocess=0.0ms, fuse+track=0.0ms
2026-05-22 19:28:51,405 | INFO | [perf frame=210900] preprocess=0.0ms, perspective=0.0ms, detect=1.6ms, postprocess=0.0ms, fuse+track=0.0ms
2026-05-22 19:28:51,919 | INFO | [perf frame=211000] preprocess=0.0ms, perspective=0.0ms, detect=1.4ms, postprocess=0.0ms, fuse+track=0.0ms
2026-05-22 19:28:52,455 | INFO | [perf frame=211100] preprocess=0.0ms, perspective=0.0ms, detect=1.5ms, postprocess=0.0ms, fuse+track=0.1ms
2026-05-22 19:28:52,983 | INFO | [perf frame=211200] preprocess=0.0ms, perspective=0.0ms, detect=1.4ms, postprocess=0.0ms, fuse+track=0.1ms
2026-05-22 19:28:53,499 | INFO | [perf frame=211300] preprocess=0.0ms, perspective=0.0ms, detect=1.4ms, postprocess=0.0ms, fuse+track=0.1ms
2026-05-22 19:28:54,006 | INFO | [perf frame=211400] preprocess=0.0ms, perspective=0.0ms, detect=1.4ms, postprocess=0.0ms, fuse+track=0.0ms
2026-05-22 19:28:54,546 | INFO | [perf frame=211500] preprocess=0.0ms, perspective=0.0ms, detect=1.4ms, postprocess=0.0ms, fuse+track=0.1ms
2026-05-22 19:28:55,042 | INFO | [perf frame=211600] preprocess=0.0ms, perspective=0.0ms, detect=1.4ms, postprocess=0.0ms, fuse+track=0.0ms
2026-05-22 19:28:55,516 | INFO | [perf frame=211700] preprocess=0.0ms, perspective=0.0ms, detect=1.5ms, postprocess=0.0ms, fuse+track=0.0ms
2026-05-22 19:28:55,978 | INFO | [perf frame=211800] preprocess=0.0ms, perspective=0.0ms, detect=1.5ms, postprocess=0.0ms, fuse+track=0.0ms
2026-05-22 19:28:56,454 | INFO | [perf frame=211900] preprocess=0.0ms, perspective=0.0ms, detect=1.6ms, postprocess=0.0ms, fuse+track=0.0ms
2026-05-22 19:28:56,939 | INFO | [perf frame=212000] preprocess=0.0ms, perspective=0.0ms, detect=1.5ms, postprocess=0.0ms, fuse+track=0.0ms
2026-05-22 19:28:57,420 | INFO | [perf frame=212100] preprocess=0.0ms, perspective=0.0ms, detect=1.6ms, postprocess=0.0ms, fuse+track=0.0ms
2026-05-22 19:28:57,878 | INFO | [perf frame=212200] preprocess=0.0ms, perspective=0.0ms, detect=1.4ms, postprocess=0.0ms, fuse+track=0.0ms
2026-05-22 19:28:58,352 | INFO | [perf frame=212300] preprocess=0.0ms, perspective=0.0ms, detect=1.5ms, postprocess=0.0ms, fuse+track=0.0ms
2026-05-22 19:28:58,822 | INFO | [perf frame=212400] preprocess=0.0ms, perspective=0.0ms, detect=1.5ms, postprocess=0.0ms, fuse+track=0.0ms
2026-05-22 19:28:59,298 | INFO | [perf frame=212500] preprocess=0.0ms, perspective=0.0ms, detect=1.5ms, postprocess=0.0ms, fuse+track=0.0ms
2026-05-22 19:28:59,767 | INFO | [perf frame=212600] preprocess=0.0ms, perspective=0.0ms, detect=1.5ms, postprocess=0.0ms, fuse+track=0.0ms
2026-05-22 19:29:00,255 | INFO | [perf frame=212700] preprocess=0.0ms, perspective=0.0ms, detect=1.6ms, postprocess=0.0ms, fuse+track=0.0ms
2026-05-22 19:29:00,725 | INFO | [perf frame=212800] preprocess=0.0ms, perspective=0.0ms, detect=1.5ms, postprocess=0.0ms, fuse+track=0.0ms
2026-05-22 19:29:01,211 | INFO | [perf frame=212900] preprocess=0.0ms, perspective=0.0ms, detect=1.6ms, postprocess=0.0ms, fuse+track=0.0ms
2026-05-22 19:29:01,683 | INFO | [perf frame=213000] preprocess=0.0ms, perspective=0.0ms, detect=1.5ms, postprocess=0.0ms, fuse+track=0.0ms
2026-05-22 19:29:02,163 | INFO | [perf frame=213100] preprocess=0.0ms, perspective=0.0ms, detect=1.6ms, postprocess=0.0ms, fuse+track=0.0ms
2026-05-22 19:29:02,635 | INFO | [perf frame=213200] preprocess=0.0ms, perspective=0.0ms, detect=1.5ms, postprocess=0.0ms, fuse+track=0.0ms
2026-05-22 19:29:03,098 | INFO | [perf frame=213300] preprocess=0.0ms, perspective=0.0ms, detect=1.5ms, postprocess=0.0ms, fuse+track=0.0ms
2026-05-22 19:29:03,575 | INFO | [perf frame=213400] preprocess=0.0ms, perspective=0.0ms, detect=1.6ms, postprocess=0.0ms, fuse+track=0.0ms
2026-05-22 19:29:04,048 | INFO | [perf frame=213500] preprocess=0.0ms, perspective=0.0ms, detect=1.5ms, postprocess=0.0ms, fuse+track=0.0ms
2026-05-22 19:29:04,512 | INFO | [perf frame=213600] preprocess=0.0ms, perspective=0.0ms, detect=1.5ms, postprocess=0.0ms, fuse+track=0.0ms
2026-05-22 19:29:04,976 | INFO | [perf frame=213700] preprocess=0.0ms, perspective=0.0ms, detect=1.5ms, postprocess=0.0ms, fuse+track=0.0ms
2026-05-22 19:29:05,455 | INFO | [perf frame=213800] preprocess=0.0ms, perspective=0.0ms, detect=1.5ms, postprocess=0.0ms, fuse+track=0.0ms
2026-05-22 19:29:05,937 | INFO | [perf frame=213900] preprocess=0.0ms, perspective=0.0ms, detect=1.6ms, postprocess=0.0ms, fuse+track=0.0ms
2026-05-22 19:29:06,409 | INFO | [perf frame=214000] preprocess=0.0ms, perspective=0.0ms, detect=1.5ms, postprocess=0.0ms, fuse+track=0.0ms
2026-05-22 19:29:06,882 | INFO | [perf frame=214100] preprocess=0.0ms, perspective=0.0ms, detect=1.5ms, postprocess=0.0ms, fuse+track=0.0ms
2026-05-22 19:29:07,367 | INFO | [perf frame=214200] preprocess=0.0ms, perspective=0.0ms, detect=1.5ms, postprocess=0.0ms, fuse+track=0.0ms
2026-05-22 19:29:07,854 | INFO | [perf frame=214300] preprocess=0.0ms, perspective=0.0ms, detect=1.6ms, postprocess=0.0ms, fuse+track=0.0ms
2026-05-22 19:29:08,339 | INFO | [perf frame=214400] preprocess=0.0ms, perspective=0.0ms, detect=1.5ms, postprocess=0.0ms, fuse+track=0.0ms
2026-05-22 19:29:08,846 | INFO | [perf frame=214500] preprocess=0.0ms, perspective=0.0ms, detect=1.4ms, postprocess=0.0ms, fuse+track=0.0ms
2026-05-22 19:29:09,395 | INFO | [perf frame=214600] preprocess=0.0ms, perspective=0.0ms, detect=1.3ms, postprocess=0.0ms, fuse+track=0.0ms
2026-05-22 19:29:09,862 | INFO | [perf frame=214700] preprocess=0.0ms, perspective=0.0ms, detect=1.4ms, postprocess=0.0ms, fuse+track=0.0ms
2026-05-22 19:29:10,344 | INFO | [perf frame=214800] preprocess=0.0ms, perspective=0.0ms, detect=1.6ms, postprocess=0.0ms, fuse+track=0.0ms
2026-05-22 19:29:10,841 | INFO | [perf frame=214900] preprocess=0.0ms, perspective=0.0ms, detect=1.6ms, postprocess=0.0ms, fuse+track=0.0ms
2026-05-22 19:29:11,320 | INFO | [perf frame=215000] preprocess=0.0ms, perspective=0.0ms, detect=1.5ms, postprocess=0.0ms, fuse+track=0.0ms
2026-05-22 19:29:11,801 | INFO | [perf frame=215100] preprocess=0.0ms, perspective=0.0ms, detect=1.6ms, postprocess=0.0ms, fuse+track=0.0ms
2026-05-22 19:29:12,279 | INFO | [perf frame=215200] preprocess=0.0ms, perspective=0.0ms, detect=1.5ms, postprocess=0.0ms, fuse+track=0.0ms
2026-05-22 19:29:12,774 | INFO | [perf frame=215300] preprocess=0.0ms, perspective=0.0ms, detect=1.6ms, postprocess=0.0ms, fuse+track=0.0ms
2026-05-22 19:29:13,268 | INFO | [perf frame=215400] preprocess=0.0ms, perspective=0.0ms, detect=1.6ms, postprocess=0.0ms, fuse+track=0.0ms
2026-05-22 19:29:13,787 | INFO | [perf frame=215500] preprocess=0.0ms, perspective=0.0ms, detect=1.5ms, postprocess=0.0ms, fuse+track=0.0ms
2026-05-22 19:29:14,324 | INFO | [perf frame=215600] preprocess=0.0ms, perspective=0.0ms, detect=1.6ms, postprocess=0.0ms, fuse+track=0.0ms
2026-05-22 19:29:14,848 | INFO | [perf frame=215700] preprocess=0.0ms, perspective=0.0ms, detect=1.6ms, postprocess=0.0ms, fuse+track=0.0ms
2026-05-22 19:29:15,389 | INFO | [perf frame=215800] preprocess=0.0ms, perspective=0.0ms, detect=1.6ms, postprocess=0.0ms, fuse+track=0.0ms
2026-05-22 19:29:15,893 | INFO | [perf frame=215900] preprocess=0.0ms, perspective=0.0ms, detect=1.6ms, postprocess=0.0ms, fuse+track=0.0ms
2026-05-22 19:29:16,455 | INFO | [perf frame=216000] preprocess=0.0ms, perspective=0.0ms, detect=1.6ms, postprocess=0.0ms, fuse+track=0.0ms
2026-05-22 19:29:17,003 | INFO | [perf frame=216100] preprocess=0.0ms, perspective=0.0ms, detect=1.5ms, postprocess=0.0ms, fuse+track=0.1ms
2026-05-22 19:29:17,522 | INFO | [perf frame=216200] preprocess=0.0ms, perspective=0.0ms, detect=1.4ms, postprocess=0.0ms, fuse+track=0.0ms
2026-05-22 19:29:18,062 | INFO | [perf frame=216300] preprocess=0.0ms, perspective=0.0ms, detect=1.5ms, postprocess=0.0ms, fuse+track=0.1ms
2026-05-22 19:29:18,619 | INFO | [perf frame=216400] preprocess=0.0ms, perspective=0.0ms, detect=1.6ms, postprocess=0.0ms, fuse+track=0.1ms
2026-05-22 19:29:19,156 | INFO | [perf frame=216500] preprocess=0.0ms, perspective=0.0ms, detect=1.4ms, postprocess=0.0ms, fuse+track=0.1ms
2026-05-22 19:29:19,700 | INFO | [perf frame=216600] preprocess=0.0ms, perspective=0.0ms, detect=1.5ms, postprocess=0.0ms, fuse+track=0.1ms
2026-05-22 19:29:20,331 | INFO | [perf frame=216700] preprocess=0.0ms, perspective=0.0ms, detect=1.5ms, postprocess=0.0ms, fuse+track=0.1ms
2026-05-22 19:29:20,887 | INFO | [perf frame=216800] preprocess=0.0ms, perspective=0.0ms, detect=1.4ms, postprocess=0.0ms, fuse+track=0.1ms
2026-05-22 19:29:21,504 | INFO | [perf frame=216900] preprocess=0.0ms, perspective=0.0ms, detect=1.5ms, postprocess=0.0ms, fuse+track=0.1ms
2026-05-22 19:29:22,127 | INFO | [perf frame=217000] preprocess=0.0ms, perspective=0.0ms, detect=1.6ms, postprocess=0.0ms, fuse+track=0.1ms
2026-05-22 19:29:22,781 | INFO | [perf frame=217100] preprocess=0.0ms, perspective=0.0ms, detect=1.5ms, postprocess=0.0ms, fuse+track=0.1ms
2026-05-22 19:29:23,412 | INFO | [perf frame=217200] preprocess=0.0ms, perspective=0.0ms, detect=1.5ms, postprocess=0.0ms, fuse+track=0.1ms
2026-05-22 19:29:24,017 | INFO | [perf frame=217300] preprocess=0.0ms, perspective=0.0ms, detect=1.5ms, postprocess=0.0ms, fuse+track=0.1ms
2026-05-22 19:29:24,599 | INFO | [perf frame=217400] preprocess=0.0ms, perspective=0.0ms, detect=1.5ms, postprocess=0.0ms, fuse+track=0.1ms
2026-05-22 19:29:25,206 | INFO | [perf frame=217500] preprocess=0.0ms, perspective=0.0ms, detect=1.6ms, postprocess=0.0ms, fuse+track=0.1ms
2026-05-22 19:29:25,840 | INFO | [perf frame=217600] preprocess=0.0ms, perspective=0.0ms, detect=1.5ms, postprocess=0.0ms, fuse+track=0.1ms
2026-05-22 19:29:26,479 | INFO | [perf frame=217700] preprocess=0.0ms, perspective=0.0ms, detect=1.4ms, postprocess=0.0ms, fuse+track=0.1ms
2026-05-22 19:29:27,020 | INFO | [perf frame=217800] preprocess=0.0ms, perspective=0.0ms, detect=1.3ms, postprocess=0.0ms, fuse+track=0.1ms
2026-05-22 19:29:27,573 | INFO | [perf frame=217900] preprocess=0.0ms, perspective=0.0ms, detect=1.3ms, postprocess=0.0ms, fuse+track=0.1ms
2026-05-22 19:29:28,132 | INFO | [perf frame=218000] preprocess=0.0ms, perspective=0.0ms, detect=1.4ms, postprocess=0.0ms, fuse+track=0.1ms
2026-05-22 19:29:28,671 | INFO | [perf frame=218100] preprocess=0.0ms, perspective=0.0ms, detect=1.3ms, postprocess=0.0ms, fuse+track=0.1ms
2026-05-22 19:29:29,214 | INFO | [perf frame=218200] preprocess=0.0ms, perspective=0.0ms, detect=1.4ms, postprocess=0.0ms, fuse+track=0.1ms
2026-05-22 19:29:29,766 | INFO | [perf frame=218300] preprocess=0.0ms, perspective=0.0ms, detect=1.4ms, postprocess=0.0ms, fuse+track=0.1ms
2026-05-22 19:29:30,327 | INFO | [perf frame=218400] preprocess=0.0ms, perspective=0.0ms, detect=1.4ms, postprocess=0.0ms, fuse+track=0.1ms
2026-05-22 19:29:30,884 | INFO | [perf frame=218500] preprocess=0.0ms, perspective=0.0ms, detect=1.4ms, postprocess=0.0ms, fuse+track=0.1ms
2026-05-22 19:29:31,456 | INFO | [perf frame=218600] preprocess=0.0ms, perspective=0.0ms, detect=1.5ms, postprocess=0.0ms, fuse+track=0.1ms
2026-05-22 19:29:32,024 | INFO | [perf frame=218700] preprocess=0.0ms, perspective=0.0ms, detect=1.4ms, postprocess=0.0ms, fuse+track=0.1ms
2026-05-22 19:29:32,615 | INFO | [perf frame=218800] preprocess=0.0ms, perspective=0.0ms, detect=1.5ms, postprocess=0.0ms, fuse+track=0.1ms
2026-05-22 19:29:33,177 | INFO | [perf frame=218900] preprocess=0.0ms, perspective=0.0ms, detect=1.4ms, postprocess=0.0ms, fuse+track=0.1ms
2026-05-22 19:29:33,764 | INFO | [perf frame=219000] preprocess=0.0ms, perspective=0.0ms, detect=1.5ms, postprocess=0.0ms, fuse+track=0.1ms
2026-05-22 19:29:34,380 | INFO | [perf frame=219100] preprocess=0.0ms, perspective=0.0ms, detect=1.4ms, postprocess=0.0ms, fuse+track=0.1ms
2026-05-22 19:29:34,975 | INFO | [perf frame=219200] preprocess=0.0ms, perspective=0.0ms, detect=1.5ms, postprocess=0.0ms, fuse+track=0.1ms
2026-05-22 19:29:35,569 | INFO | [perf frame=219300] preprocess=0.0ms, perspective=0.0ms, detect=1.5ms, postprocess=0.0ms, fuse+track=0.1ms
2026-05-22 19:29:36,171 | INFO | [perf frame=219400] preprocess=0.0ms, perspective=0.0ms, detect=1.5ms, postprocess=0.0ms, fuse+track=0.1ms
2026-05-22 19:29:36,774 | INFO | [perf frame=219500] preprocess=0.0ms, perspective=0.0ms, detect=1.5ms, postprocess=0.0ms, fuse+track=0.1ms
2026-05-22 19:29:37,348 | INFO | [perf frame=219600] preprocess=0.0ms, perspective=0.0ms, detect=1.4ms, postprocess=0.0ms, fuse+track=0.1ms
2026-05-22 19:29:37,934 | INFO | [perf frame=219700] preprocess=0.0ms, perspective=0.0ms, detect=1.4ms, postprocess=0.0ms, fuse+track=0.1ms
2026-05-22 19:29:38,527 | INFO | [perf frame=219800] preprocess=0.0ms, perspective=0.0ms, detect=1.3ms, postprocess=0.0ms, fuse+track=0.1ms
2026-05-22 19:29:39,118 | INFO | [perf frame=219900] preprocess=0.0ms, perspective=0.0ms, detect=1.5ms, postprocess=0.0ms, fuse+track=0.1ms
2026-05-22 19:29:39,723 | INFO | [perf frame=220000] preprocess=0.0ms, perspective=0.0ms, detect=1.5ms, postprocess=0.0ms, fuse+track=0.1ms
2026-05-22 19:29:40,297 | INFO | [perf frame=220100] preprocess=0.0ms, perspective=0.0ms, detect=1.5ms, postprocess=0.0ms, fuse+track=0.1ms
2026-05-22 19:29:40,887 | INFO | [perf frame=220200] preprocess=0.0ms, perspective=0.0ms, detect=1.5ms, postprocess=0.0ms, fuse+track=0.1ms
2026-05-22 19:29:41,517 | INFO | [perf frame=220300] preprocess=0.0ms, perspective=0.0ms, detect=1.5ms, postprocess=0.0ms, fuse+track=0.1ms
2026-05-22 19:29:42,076 | INFO | [perf frame=220400] preprocess=0.0ms, perspective=0.0ms, detect=1.4ms, postprocess=0.0ms, fuse+track=0.1ms
2026-05-22 19:29:42,643 | INFO | [perf frame=220500] preprocess=0.0ms, perspective=0.0ms, detect=1.4ms, postprocess=0.0ms, fuse+track=0.1ms
2026-05-22 19:29:43,244 | INFO | [perf frame=220600] preprocess=0.0ms, perspective=0.0ms, detect=1.4ms, postprocess=0.0ms, fuse+track=0.1ms
2026-05-22 19:29:43,826 | INFO | [perf frame=220700] preprocess=0.0ms, perspective=0.0ms, detect=1.5ms, postprocess=0.0ms, fuse+track=0.1ms
2026-05-22 19:29:44,437 | INFO | [perf frame=220800] preprocess=0.0ms, perspective=0.0ms, detect=1.5ms, postprocess=0.0ms, fuse+track=0.1ms
2026-05-22 19:29:45,052 | INFO | [perf frame=220900] preprocess=0.0ms, perspective=0.0ms, detect=1.5ms, postprocess=0.0ms, fuse+track=0.1ms
2026-05-22 19:29:45,637 | INFO | [perf frame=221000] preprocess=0.0ms, perspective=0.0ms, detect=1.4ms, postprocess=0.0ms, fuse+track=0.1ms
2026-05-22 19:29:46,229 | INFO | [perf frame=221100] preprocess=0.0ms, perspective=0.0ms, detect=1.5ms, postprocess=0.0ms, fuse+track=0.1ms
2026-05-22 19:29:46,788 | INFO | [perf frame=221200] preprocess=0.0ms, perspective=0.0ms, detect=1.4ms, postprocess=0.0ms, fuse+track=0.1ms
2026-05-22 19:29:47,364 | INFO | [perf frame=221300] preprocess=0.0ms, perspective=0.0ms, detect=1.5ms, postprocess=0.0ms, fuse+track=0.1ms
2026-05-22 19:29:47,921 | INFO | [perf frame=221400] preprocess=0.0ms, perspective=0.0ms, detect=1.4ms, postprocess=0.0ms, fuse+track=0.1ms
2026-05-22 19:29:48,483 | INFO | [perf frame=221500] preprocess=0.0ms, perspective=0.0ms, detect=1.4ms, postprocess=0.0ms, fuse+track=0.1ms
2026-05-22 19:29:49,058 | INFO | [perf frame=221600] preprocess=0.0ms, perspective=0.0ms, detect=1.5ms, postprocess=0.0ms, fuse+track=0.1ms
2026-05-22 19:29:49,629 | INFO | [perf frame=221700] preprocess=0.0ms, perspective=0.0ms, detect=1.3ms, postprocess=0.0ms, fuse+track=0.1ms
2026-05-22 19:29:50,175 | INFO | [perf frame=221800] preprocess=0.0ms, perspective=0.0ms, detect=1.3ms, postprocess=0.0ms, fuse+track=0.1ms
2026-05-22 19:29:50,750 | INFO | [perf frame=221900] preprocess=0.0ms, perspective=0.0ms, detect=1.5ms, postprocess=0.0ms, fuse+track=0.1ms
2026-05-22 19:29:51,305 | INFO | [perf frame=222000] preprocess=0.0ms, perspective=0.0ms, detect=1.4ms, postprocess=0.0ms, fuse+track=0.1ms
2026-05-22 19:29:51,887 | INFO | [perf frame=222100] preprocess=0.0ms, perspective=0.0ms, detect=1.5ms, postprocess=0.0ms, fuse+track=0.1ms
2026-05-22 19:29:52,458 | INFO | [perf frame=222200] preprocess=0.0ms, perspective=0.0ms, detect=1.4ms, postprocess=0.0ms, fuse+track=0.1ms
2026-05-22 19:29:53,026 | INFO | [perf frame=222300] preprocess=0.0ms, perspective=0.0ms, detect=1.4ms, postprocess=0.0ms, fuse+track=0.1ms
2026-05-22 19:29:53,584 | INFO | [perf frame=222400] preprocess=0.0ms, perspective=0.0ms, detect=1.4ms, postprocess=0.0ms, fuse+track=0.1ms
2026-05-22 19:29:54,116 | INFO | [perf frame=222500] preprocess=0.0ms, perspective=0.0ms, detect=1.3ms, postprocess=0.0ms, fuse+track=0.1ms
2026-05-22 19:29:54,654 | INFO | [perf frame=222600] preprocess=0.0ms, perspective=0.0ms, detect=1.3ms, postprocess=0.0ms, fuse+track=0.1ms
2026-05-22 19:29:55,214 | INFO | [perf frame=222700] preprocess=0.0ms, perspective=0.0ms, detect=1.4ms, postprocess=0.0ms, fuse+track=0.1ms
2026-05-22 19:29:55,781 | INFO | [perf frame=222800] preprocess=0.0ms, perspective=0.0ms, detect=1.4ms, postprocess=0.0ms, fuse+track=0.1ms
2026-05-22 19:29:56,321 | INFO | [perf frame=222900] preprocess=0.0ms, perspective=0.0ms, detect=1.3ms, postprocess=0.0ms, fuse+track=0.1ms
2026-05-22 19:29:56,890 | INFO | [perf frame=223000] preprocess=0.0ms, perspective=0.0ms, detect=1.5ms, postprocess=0.0ms, fuse+track=0.1ms
2026-05-22 19:29:57,475 | INFO | [perf frame=223100] preprocess=0.0ms, perspective=0.0ms, detect=1.5ms, postprocess=0.0ms, fuse+track=0.1ms
2026-05-22 19:29:58,033 | INFO | [perf frame=223200] preprocess=0.0ms, perspective=0.0ms, detect=1.4ms, postprocess=0.0ms, fuse+track=0.1ms
2026-05-22 19:29:58,569 | INFO | [perf frame=223300] preprocess=0.0ms, perspective=0.0ms, detect=1.4ms, postprocess=0.0ms, fuse+track=0.1ms
2026-05-22 19:29:59,117 | INFO | [perf frame=223400] preprocess=0.0ms, perspective=0.0ms, detect=1.4ms, postprocess=0.0ms, fuse+track=0.1ms
2026-05-22 19:29:59,659 | INFO | [perf frame=223500] preprocess=0.0ms, perspective=0.0ms, detect=1.4ms, postprocess=0.0ms, fuse+track=0.1ms
2026-05-22 19:30:00,214 | INFO | [perf frame=223600] preprocess=0.0ms, perspective=0.0ms, detect=1.5ms, postprocess=0.0ms, fuse+track=0.1ms
2026-05-22 19:30:00,769 | INFO | [perf frame=223700] preprocess=0.0ms, perspective=0.0ms, detect=1.4ms, postprocess=0.0ms, fuse+track=0.1ms
2026-05-22 19:30:01,332 | INFO | [perf frame=223800] preprocess=0.0ms, perspective=0.0ms, detect=1.4ms, postprocess=0.0ms, fuse+track=0.1ms
2026-05-22 19:30:01,886 | INFO | [perf frame=223900] preprocess=0.0ms, perspective=0.0ms, detect=1.3ms, postprocess=0.0ms, fuse+track=0.1ms
2026-05-22 19:30:02,445 | INFO | [perf frame=224000] preprocess=0.0ms, perspective=0.0ms, detect=1.3ms, postprocess=0.0ms, fuse+track=0.1ms
2026-05-22 19:30:03,008 | INFO | [perf frame=224100] preprocess=0.0ms, perspective=0.0ms, detect=1.3ms, postprocess=0.0ms, fuse+track=0.1ms
2026-05-22 19:30:03,594 | INFO | [perf frame=224200] preprocess=0.0ms, perspective=0.0ms, detect=1.6ms, postprocess=0.0ms, fuse+track=0.1ms
2026-05-22 19:30:04,158 | INFO | [perf frame=224300] preprocess=0.0ms, perspective=0.0ms, detect=1.4ms, postprocess=0.0ms, fuse+track=0.1ms
2026-05-22 19:30:04,712 | INFO | [perf frame=224400] preprocess=0.0ms, perspective=0.0ms, detect=1.4ms, postprocess=0.0ms, fuse+track=0.1ms
2026-05-22 19:30:05,259 | INFO | [perf frame=224500] preprocess=0.0ms, perspective=0.0ms, detect=1.4ms, postprocess=0.0ms, fuse+track=0.1ms
2026-05-22 19:30:05,832 | INFO | [perf frame=224600] preprocess=0.0ms, perspective=0.0ms, detect=1.4ms, postprocess=0.0ms, fuse+track=0.1ms
2026-05-22 19:30:06,438 | INFO | [perf frame=224700] preprocess=0.0ms, perspective=0.0ms, detect=1.3ms, postprocess=0.0ms, fuse+track=0.1ms
2026-05-22 19:30:07,032 | INFO | [perf frame=224800] preprocess=0.0ms, perspective=0.0ms, detect=1.4ms, postprocess=0.0ms, fuse+track=0.1ms
2026-05-22 19:30:07,585 | INFO | [perf frame=224900] preprocess=0.0ms, perspective=0.0ms, detect=1.4ms, postprocess=0.0ms, fuse+track=0.1ms
2026-05-22 19:30:08,126 | INFO | [perf frame=225000] preprocess=0.0ms, perspective=0.0ms, detect=1.4ms, postprocess=0.0ms, fuse+track=0.1ms
2026-05-22 19:30:08,660 | INFO | [perf frame=225100] preprocess=0.0ms, perspective=0.0ms, detect=1.3ms, postprocess=0.0ms, fuse+track=0.1ms
2026-05-22 19:30:09,223 | INFO | [perf frame=225200] preprocess=0.0ms, perspective=0.0ms, detect=1.5ms, postprocess=0.0ms, fuse+track=0.1ms
2026-05-22 19:30:09,791 | INFO | [perf frame=225300] preprocess=0.0ms, perspective=0.0ms, detect=1.4ms, postprocess=0.0ms, fuse+track=0.1ms
2026-05-22 19:30:10,353 | INFO | [perf frame=225400] preprocess=0.0ms, perspective=0.0ms, detect=1.5ms, postprocess=0.0ms, fuse+track=0.1ms
2026-05-22 19:30:10,918 | INFO | [perf frame=225500] preprocess=0.0ms, perspective=0.0ms, detect=1.4ms, postprocess=0.0ms, fuse+track=0.1ms
2026-05-22 19:30:11,480 | INFO | [perf frame=225600] preprocess=0.0ms, perspective=0.0ms, detect=1.4ms, postprocess=0.0ms, fuse+track=0.1ms
2026-05-22 19:30:12,046 | INFO | [perf frame=225700] preprocess=0.0ms, perspective=0.0ms, detect=1.4ms, postprocess=0.0ms, fuse+track=0.1ms
2026-05-22 19:30:12,626 | INFO | [perf frame=225800] preprocess=0.0ms, perspective=0.0ms, detect=1.5ms, postprocess=0.0ms, fuse+track=0.1ms
2026-05-22 19:30:13,202 | INFO | [perf frame=225900] preprocess=0.0ms, perspective=0.0ms, detect=1.5ms, postprocess=0.0ms, fuse+track=0.1ms
2026-05-22 19:30:13,768 | INFO | [perf frame=226000] preprocess=0.0ms, perspective=0.0ms, detect=1.5ms, postprocess=0.0ms, fuse+track=0.1ms
2026-05-22 19:30:14,332 | INFO | [perf frame=226100] preprocess=0.0ms, perspective=0.0ms, detect=1.4ms, postprocess=0.0ms, fuse+track=0.1ms
2026-05-22 19:30:14,905 | INFO | [perf frame=226200] preprocess=0.0ms, perspective=0.0ms, detect=1.5ms, postprocess=0.0ms, fuse+track=0.1ms
2026-05-22 19:30:15,480 | INFO | [perf frame=226300] preprocess=0.0ms, perspective=0.0ms, detect=1.5ms, postprocess=0.0ms, fuse+track=0.1ms
2026-05-22 19:30:16,054 | INFO | [perf frame=226400] preprocess=0.0ms, perspective=0.0ms, detect=1.4ms, postprocess=0.0ms, fuse+track=0.1ms
2026-05-22 19:30:16,637 | INFO | [perf frame=226500] preprocess=0.0ms, perspective=0.0ms, detect=1.5ms, postprocess=0.0ms, fuse+track=0.1ms
2026-05-22 19:30:17,216 | INFO | [perf frame=226600] preprocess=0.0ms, perspective=0.0ms, detect=1.5ms, postprocess=0.0ms, fuse+track=0.1ms
2026-05-22 19:30:17,777 | INFO | [perf frame=226700] preprocess=0.0ms, perspective=0.0ms, detect=1.4ms, postprocess=0.0ms, fuse+track=0.1ms
2026-05-22 19:30:18,336 | INFO | [perf frame=226800] preprocess=0.0ms, perspective=0.0ms, detect=1.5ms, postprocess=0.0ms, fuse+track=0.1ms
2026-05-22 19:30:18,896 | INFO | [perf frame=226900] preprocess=0.0ms, perspective=0.0ms, detect=1.4ms, postprocess=0.0ms, fuse+track=0.1ms
2026-05-22 19:30:19,447 | INFO | [perf frame=227000] preprocess=0.0ms, perspective=0.0ms, detect=1.4ms, postprocess=0.0ms, fuse+track=0.1ms
2026-05-22 19:30:20,032 | INFO | [perf frame=227100] preprocess=0.0ms, perspective=0.0ms, detect=1.5ms, postprocess=0.0ms, fuse+track=0.1ms
2026-05-22 19:30:20,590 | INFO | [perf frame=227200] preprocess=0.0ms, perspective=0.0ms, detect=1.4ms, postprocess=0.0ms, fuse+track=0.1ms
2026-05-22 19:30:21,168 | INFO | [perf frame=227300] preprocess=0.0ms, perspective=0.0ms, detect=1.4ms, postprocess=0.0ms, fuse+track=0.1ms
2026-05-22 19:30:21,734 | INFO | [perf frame=227400] preprocess=0.0ms, perspective=0.0ms, detect=1.5ms, postprocess=0.0ms, fuse+track=0.1ms
2026-05-22 19:30:22,295 | INFO | [perf frame=227500] preprocess=0.0ms, perspective=0.0ms, detect=1.4ms, postprocess=0.0ms, fuse+track=0.1ms
2026-05-22 19:30:22,847 | INFO | [perf frame=227600] preprocess=0.0ms, perspective=0.0ms, detect=1.3ms, postprocess=0.0ms, fuse+track=0.1ms
2026-05-22 19:30:23,409 | INFO | [perf frame=227700] preprocess=0.0ms, perspective=0.0ms, detect=1.5ms, postprocess=0.0ms, fuse+track=0.1ms
2026-05-22 19:30:23,952 | INFO | [perf frame=227800] preprocess=0.0ms, perspective=0.0ms, detect=1.4ms, postprocess=0.0ms, fuse+track=0.1ms
2026-05-22 19:30:24,480 | INFO | [perf frame=227900] preprocess=0.0ms, perspective=0.0ms, detect=1.3ms, postprocess=0.0ms, fuse+track=0.1ms
2026-05-22 19:30:25,028 | INFO | [perf frame=228000] preprocess=0.0ms, perspective=0.0ms, detect=1.4ms, postprocess=0.0ms, fuse+track=0.1ms
2026-05-22 19:30:25,587 | INFO | [perf frame=228100] preprocess=0.0ms, perspective=0.0ms, detect=1.3ms, postprocess=0.0ms, fuse+track=0.1ms
2026-05-22 19:30:26,148 | INFO | [perf frame=228200] preprocess=0.0ms, perspective=0.0ms, detect=1.4ms, postprocess=0.0ms, fuse+track=0.1ms
2026-05-22 19:30:26,713 | INFO | [perf frame=228300] preprocess=0.0ms, perspective=0.0ms, detect=1.3ms, postprocess=0.0ms, fuse+track=0.1ms
2026-05-22 19:30:27,257 | INFO | [perf frame=228400] preprocess=0.0ms, perspective=0.0ms, detect=1.4ms, postprocess=0.0ms, fuse+track=0.1ms
2026-05-22 19:30:27,828 | INFO | [perf frame=228500] preprocess=0.0ms, perspective=0.0ms, detect=1.3ms, postprocess=0.0ms, fuse+track=0.1ms
2026-05-22 19:30:28,407 | INFO | [perf frame=228600] preprocess=0.0ms, perspective=0.0ms, detect=1.4ms, postprocess=0.0ms, fuse+track=0.1ms
2026-05-22 19:30:29,021 | INFO | [perf frame=228700] preprocess=0.0ms, perspective=0.0ms, detect=1.5ms, postprocess=0.0ms, fuse+track=0.1ms
2026-05-22 19:30:29,583 | INFO | [perf frame=228800] preprocess=0.0ms, perspective=0.0ms, detect=1.4ms, postprocess=0.0ms, fuse+track=0.1ms
