2026-05-22 19:31:56,596 | INFO | log file: /home/user/amr_vision_system_v1/logs/runtime_20260522_193156.log
2026-05-22 19:31:56,596 | INFO | config: /home/user/amr_vision_system_v1/config/config.yaml
2026-05-22 19:31:56,775 | INFO | detector warmed up
2026-05-22 19:31:56,776 | INFO | Initialized CSV output file with header: /home/user/amr_vision_system_v1/results/output.csv
2026-05-22 19:31:56,887 | INFO | ROS2 publishers successfully initialized.
2026-05-22 19:31:57,015 | INFO | pipeline started (press ESC to quit)
2026-05-22 19:31:57,501 | INFO | [perf frame=100] preprocess=0.0ms, perspective=0.0ms, detect=1.0ms, postprocess=0.0ms, fuse+track=0.1ms
2026-05-22 19:31:58,413 | INFO | [perf frame=200] preprocess=0.0ms, perspective=0.0ms, detect=1.1ms, postprocess=0.0ms, fuse+track=0.1ms
2026-05-22 19:31:59,400 | INFO | [perf frame=300] preprocess=0.0ms, perspective=0.0ms, detect=1.2ms, postprocess=0.0ms, fuse+track=0.1ms
2026-05-22 19:31:59,988 | INFO | [perf frame=400] preprocess=0.0ms, perspective=0.0ms, detect=1.1ms, postprocess=0.0ms, fuse+track=0.1ms
2026-05-22 19:32:00,481 | INFO | [perf frame=500] preprocess=0.0ms, perspective=0.0ms, detect=1.0ms, postprocess=0.0ms, fuse+track=0.1ms
2026-05-22 19:32:00,971 | INFO | [perf frame=600] preprocess=0.0ms, perspective=0.0ms, detect=1.1ms, postprocess=0.0ms, fuse+track=0.1ms
2026-05-22 19:32:01,471 | INFO | [perf frame=700] preprocess=0.0ms, perspective=0.0ms, detect=1.0ms, postprocess=0.0ms, fuse+track=0.1ms
2026-05-22 19:32:01,950 | INFO | [perf frame=800] preprocess=0.0ms, perspective=0.0ms, detect=1.0ms, postprocess=0.0ms, fuse+track=0.1ms
2026-05-22 19:32:02,441 | INFO | [perf frame=900] preprocess=0.0ms, perspective=0.0ms, detect=1.0ms, postprocess=0.0ms, fuse+track=0.1ms
2026-05-22 19:32:02,921 | INFO | [perf frame=1000] preprocess=0.0ms, perspective=0.0ms, detect=1.0ms, postprocess=0.0ms, fuse+track=0.1ms
2026-05-22 19:32:03,411 | INFO | [perf frame=1100] preprocess=0.0ms, perspective=0.0ms, detect=1.0ms, postprocess=0.0ms, fuse+track=0.1ms
2026-05-22 19:32:03,901 | INFO | [perf frame=1200] preprocess=0.0ms, perspective=0.0ms, detect=1.0ms, postprocess=0.0ms, fuse+track=0.1ms
2026-05-22 19:32:04,401 | INFO | [perf frame=1300] preprocess=0.0ms, perspective=0.0ms, detect=1.1ms, postprocess=0.0ms, fuse+track=0.1ms
2026-05-22 19:32:04,902 | INFO | [perf frame=1400] preprocess=0.0ms, perspective=0.0ms, detect=1.1ms, postprocess=0.0ms, fuse+track=0.1ms
2026-05-22 19:32:05,385 | INFO | [perf frame=1500] preprocess=0.0ms, perspective=0.0ms, detect=1.0ms, postprocess=0.0ms, fuse+track=0.0ms
2026-05-22 19:32:05,875 | INFO | [perf frame=1600] preprocess=0.0ms, perspective=0.0ms, detect=1.0ms, postprocess=0.0ms, fuse+track=0.1ms
2026-05-22 19:32:06,373 | INFO | [perf frame=1700] preprocess=0.0ms, perspective=0.0ms, detect=1.1ms, postprocess=0.0ms, fuse+track=0.1ms
2026-05-22 19:32:06,878 | INFO | [perf frame=1800] preprocess=0.0ms, perspective=0.0ms, detect=1.1ms, postprocess=0.0ms, fuse+track=0.1ms
2026-05-22 19:32:07,383 | INFO | [perf frame=1900] preprocess=0.0ms, perspective=0.0ms, detect=1.1ms, postprocess=0.0ms, fuse+track=0.1ms
2026-05-22 19:32:07,879 | INFO | [perf frame=2000] preprocess=0.0ms, perspective=0.0ms, detect=1.1ms, postprocess=0.0ms, fuse+track=0.1ms
2026-05-22 19:32:08,380 | INFO | [perf frame=2100] preprocess=0.0ms, perspective=0.0ms, detect=1.0ms, postprocess=0.0ms, fuse+track=0.1ms
2026-05-22 19:32:08,864 | INFO | [perf frame=2200] preprocess=0.0ms, perspective=0.0ms, detect=1.0ms, postprocess=0.0ms, fuse+track=0.1ms
2026-05-22 19:32:09,353 | INFO | [perf frame=2300] preprocess=0.0ms, perspective=0.0ms, detect=1.0ms, postprocess=0.0ms, fuse+track=0.1ms
2026-05-22 19:32:09,850 | INFO | [perf frame=2400] preprocess=0.0ms, perspective=0.0ms, detect=1.0ms, postprocess=0.0ms, fuse+track=0.1ms
2026-05-22 19:32:10,400 | INFO | [perf frame=2500] preprocess=0.0ms, perspective=0.0ms, detect=1.0ms, postprocess=0.0ms, fuse+track=0.1ms
2026-05-22 19:32:10,996 | INFO | [perf frame=2600] preprocess=0.0ms, perspective=0.0ms, detect=1.1ms, postprocess=0.0ms, fuse+track=0.1ms
2026-05-22 19:32:11,522 | INFO | [perf frame=2700] preprocess=0.0ms, perspective=0.0ms, detect=1.0ms, postprocess=0.0ms, fuse+track=0.1ms
2026-05-22 19:32:12,021 | INFO | [perf frame=2800] preprocess=0.0ms, perspective=0.0ms, detect=1.0ms, postprocess=0.0ms, fuse+track=0.1ms
2026-05-22 19:32:12,509 | INFO | [perf frame=2900] preprocess=0.0ms, perspective=0.0ms, detect=1.0ms, postprocess=0.0ms, fuse+track=0.1ms
2026-05-22 19:32:13,014 | INFO | [perf frame=3000] preprocess=0.0ms, perspective=0.0ms, detect=1.1ms, postprocess=0.0ms, fuse+track=0.1ms
2026-05-22 19:32:13,519 | INFO | [perf frame=3100] preprocess=0.0ms, perspective=0.0ms, detect=1.0ms, postprocess=0.0ms, fuse+track=0.1ms
2026-05-22 19:32:13,995 | INFO | [perf frame=3200] preprocess=0.0ms, perspective=0.0ms, detect=1.0ms, postprocess=0.0ms, fuse+track=0.0ms
2026-05-22 19:32:14,488 | INFO | [perf frame=3300] preprocess=0.0ms, perspective=0.0ms, detect=1.1ms, postprocess=0.0ms, fuse+track=0.1ms
2026-05-22 19:32:15,002 | INFO | [perf frame=3400] preprocess=0.0ms, perspective=0.0ms, detect=1.1ms, postprocess=0.0ms, fuse+track=0.1ms
2026-05-22 19:32:15,491 | INFO | [perf frame=3500] preprocess=0.0ms, perspective=0.0ms, detect=1.0ms, postprocess=0.0ms, fuse+track=0.1ms
2026-05-22 19:32:15,983 | INFO | [perf frame=3600] preprocess=0.0ms, perspective=0.0ms, detect=1.0ms, postprocess=0.0ms, fuse+track=0.1ms
2026-05-22 19:32:16,495 | INFO | [perf frame=3700] preprocess=0.0ms, perspective=0.0ms, detect=1.1ms, postprocess=0.0ms, fuse+track=0.1ms
2026-05-22 19:32:16,976 | INFO | [perf frame=3800] preprocess=0.0ms, perspective=0.0ms, detect=1.0ms, postprocess=0.0ms, fuse+track=0.1ms
2026-05-22 19:32:17,466 | INFO | [perf frame=3900] preprocess=0.0ms, perspective=0.0ms, detect=1.0ms, postprocess=0.0ms, fuse+track=0.1ms
2026-05-22 19:32:17,967 | INFO | [perf frame=4000] preprocess=0.0ms, perspective=0.0ms, detect=1.0ms, postprocess=0.0ms, fuse+track=0.1ms
2026-05-22 19:32:18,477 | INFO | [perf frame=4100] preprocess=0.0ms, perspective=0.0ms, detect=1.1ms, postprocess=0.0ms, fuse+track=0.1ms
2026-05-22 19:32:18,968 | INFO | [perf frame=4200] preprocess=0.0ms, perspective=0.0ms, detect=1.1ms, postprocess=0.0ms, fuse+track=0.1ms
2026-05-22 19:32:19,463 | INFO | [perf frame=4300] preprocess=0.0ms, perspective=0.0ms, detect=1.0ms, postprocess=0.0ms, fuse+track=0.1ms
2026-05-22 19:32:19,949 | INFO | [perf frame=4400] preprocess=0.0ms, perspective=0.0ms, detect=1.0ms, postprocess=0.0ms, fuse+track=0.1ms
2026-05-22 19:32:20,439 | INFO | [perf frame=4500] preprocess=0.0ms, perspective=0.0ms, detect=1.0ms, postprocess=0.0ms, fuse+track=0.1ms
2026-05-22 19:32:20,925 | INFO | [perf frame=4600] preprocess=0.0ms, perspective=0.0ms, detect=1.0ms, postprocess=0.0ms, fuse+track=0.1ms
2026-05-22 19:32:21,420 | INFO | [perf frame=4700] preprocess=0.0ms, perspective=0.0ms, detect=1.1ms, postprocess=0.0ms, fuse+track=0.1ms
2026-05-22 19:32:21,904 | INFO | [perf frame=4800] preprocess=0.0ms, perspective=0.0ms, detect=1.0ms, postprocess=0.0ms, fuse+track=0.1ms
2026-05-22 19:32:22,406 | INFO | [perf frame=4900] preprocess=0.0ms, perspective=0.0ms, detect=1.1ms, postprocess=0.0ms, fuse+track=0.1ms
2026-05-22 19:32:22,907 | INFO | [perf frame=5000] preprocess=0.0ms, perspective=0.0ms, detect=1.1ms, postprocess=0.0ms, fuse+track=0.1ms
2026-05-22 19:32:23,414 | INFO | [perf frame=5100] preprocess=0.0ms, perspective=0.0ms, detect=1.1ms, postprocess=0.0ms, fuse+track=0.1ms
2026-05-22 19:32:23,902 | INFO | [perf frame=5200] preprocess=0.0ms, perspective=0.0ms, detect=1.0ms, postprocess=0.0ms, fuse+track=0.1ms
2026-05-22 19:32:24,411 | INFO | [perf frame=5300] preprocess=0.0ms, perspective=0.0ms, detect=1.1ms, postprocess=0.0ms, fuse+track=0.1ms
2026-05-22 19:32:24,912 | INFO | [perf frame=5400] preprocess=0.0ms, perspective=0.0ms, detect=1.1ms, postprocess=0.0ms, fuse+track=0.1ms
2026-05-22 19:32:25,408 | INFO | [perf frame=5500] preprocess=0.0ms, perspective=0.0ms, detect=1.1ms, postprocess=0.0ms, fuse+track=0.1ms
2026-05-22 19:32:25,893 | INFO | [perf frame=5600] preprocess=0.0ms, perspective=0.0ms, detect=1.0ms, postprocess=0.0ms, fuse+track=0.1ms
2026-05-22 19:32:26,383 | INFO | [perf frame=5700] preprocess=0.0ms, perspective=0.0ms, detect=1.0ms, postprocess=0.0ms, fuse+track=0.1ms
2026-05-22 19:32:26,872 | INFO | [perf frame=5800] preprocess=0.0ms, perspective=0.0ms, detect=1.1ms, postprocess=0.0ms, fuse+track=0.1ms
2026-05-22 19:32:27,368 | INFO | [perf frame=5900] preprocess=0.0ms, perspective=0.0ms, detect=1.1ms, postprocess=0.0ms, fuse+track=0.1ms
2026-05-22 19:32:27,861 | INFO | [perf frame=6000] preprocess=0.0ms, perspective=0.0ms, detect=1.0ms, postprocess=0.0ms, fuse+track=0.1ms
2026-05-22 19:32:28,362 | INFO | [perf frame=6100] preprocess=0.0ms, perspective=0.0ms, detect=1.0ms, postprocess=0.0ms, fuse+track=0.1ms
2026-05-22 19:32:28,870 | INFO | [perf frame=6200] preprocess=0.0ms, perspective=0.0ms, detect=1.1ms, postprocess=0.0ms, fuse+track=0.1ms
2026-05-22 19:32:29,394 | INFO | [perf frame=6300] preprocess=0.0ms, perspective=0.0ms, detect=1.2ms, postprocess=0.0ms, fuse+track=0.1ms
2026-05-22 19:32:29,906 | INFO | [perf frame=6400] preprocess=0.0ms, perspective=0.0ms, detect=1.1ms, postprocess=0.0ms, fuse+track=0.1ms
2026-05-22 19:32:30,398 | INFO | [perf frame=6500] preprocess=0.0ms, perspective=0.0ms, detect=1.0ms, postprocess=0.0ms, fuse+track=0.1ms
2026-05-22 19:32:30,893 | INFO | [perf frame=6600] preprocess=0.0ms, perspective=0.0ms, detect=1.1ms, postprocess=0.0ms, fuse+track=0.1ms
2026-05-22 19:32:31,387 | INFO | [perf frame=6700] preprocess=0.0ms, perspective=0.0ms, detect=1.1ms, postprocess=0.0ms, fuse+track=0.1ms
2026-05-22 19:32:31,868 | INFO | [perf frame=6800] preprocess=0.0ms, perspective=0.0ms, detect=1.0ms, postprocess=0.0ms, fuse+track=0.1ms
2026-05-22 19:32:32,362 | INFO | [perf frame=6900] preprocess=0.0ms, perspective=0.0ms, detect=1.0ms, postprocess=0.0ms, fuse+track=0.1ms
2026-05-22 19:32:32,865 | INFO | [perf frame=7000] preprocess=0.0ms, perspective=0.0ms, detect=1.1ms, postprocess=0.0ms, fuse+track=0.1ms
2026-05-22 19:32:33,354 | INFO | [perf frame=7100] preprocess=0.0ms, perspective=0.0ms, detect=1.0ms, postprocess=0.0ms, fuse+track=0.1ms
2026-05-22 19:32:33,835 | INFO | [perf frame=7200] preprocess=0.0ms, perspective=0.0ms, detect=1.0ms, postprocess=0.0ms, fuse+track=0.1ms
2026-05-22 19:32:34,320 | INFO | [perf frame=7300] preprocess=0.0ms, perspective=0.0ms, detect=1.0ms, postprocess=0.0ms, fuse+track=0.1ms
2026-05-22 19:32:34,826 | INFO | [perf frame=7400] preprocess=0.0ms, perspective=0.0ms, detect=1.0ms, postprocess=0.0ms, fuse+track=0.1ms
2026-05-22 19:32:35,323 | INFO | [perf frame=7500] preprocess=0.0ms, perspective=0.0ms, detect=1.0ms, postprocess=0.0ms, fuse+track=0.1ms
2026-05-22 19:32:35,808 | INFO | [perf frame=7600] preprocess=0.0ms, perspective=0.0ms, detect=1.0ms, postprocess=0.0ms, fuse+track=0.1ms
2026-05-22 19:32:36,302 | INFO | [perf frame=7700] preprocess=0.0ms, perspective=0.0ms, detect=1.0ms, postprocess=0.0ms, fuse+track=0.1ms
2026-05-22 19:32:36,792 | INFO | [perf frame=7800] preprocess=0.0ms, perspective=0.0ms, detect=1.0ms, postprocess=0.0ms, fuse+track=0.1ms
2026-05-22 19:32:37,306 | INFO | [perf frame=7900] preprocess=0.0ms, perspective=0.0ms, detect=1.1ms, postprocess=0.0ms, fuse+track=0.1ms
2026-05-22 19:32:37,800 | INFO | [perf frame=8000] preprocess=0.0ms, perspective=0.0ms, detect=1.0ms, postprocess=0.0ms, fuse+track=0.1ms
2026-05-22 19:32:38,281 | INFO | [perf frame=8100] preprocess=0.0ms, perspective=0.0ms, detect=1.0ms, postprocess=0.0ms, fuse+track=0.1ms
2026-05-22 19:32:38,784 | INFO | [perf frame=8200] preprocess=0.0ms, perspective=0.0ms, detect=1.1ms, postprocess=0.0ms, fuse+track=0.1ms
2026-05-22 19:32:39,276 | INFO | [perf frame=8300] preprocess=0.0ms, perspective=0.0ms, detect=1.1ms, postprocess=0.0ms, fuse+track=0.1ms
2026-05-22 19:32:39,754 | INFO | [perf frame=8400] preprocess=0.0ms, perspective=0.0ms, detect=1.0ms, postprocess=0.0ms, fuse+track=0.0ms
2026-05-22 19:32:40,254 | INFO | [perf frame=8500] preprocess=0.0ms, perspective=0.0ms, detect=1.1ms, postprocess=0.0ms, fuse+track=0.1ms
2026-05-22 19:32:40,754 | INFO | [perf frame=8600] preprocess=0.0ms, perspective=0.0ms, detect=1.1ms, postprocess=0.0ms, fuse+track=0.1ms
2026-05-22 19:32:41,256 | INFO | [perf frame=8700] preprocess=0.0ms, perspective=0.0ms, detect=1.1ms, postprocess=0.0ms, fuse+track=0.1ms
2026-05-22 19:32:41,752 | INFO | [perf frame=8800] preprocess=0.0ms, perspective=0.0ms, detect=1.1ms, postprocess=0.0ms, fuse+track=0.1ms
2026-05-22 19:32:42,236 | INFO | [perf frame=8900] preprocess=0.0ms, perspective=0.0ms, detect=1.0ms, postprocess=0.0ms, fuse+track=0.1ms
2026-05-22 19:32:42,722 | INFO | [perf frame=9000] preprocess=0.0ms, perspective=0.0ms, detect=1.0ms, postprocess=0.0ms, fuse+track=0.1ms
2026-05-22 19:32:43,222 | INFO | [perf frame=9100] preprocess=0.0ms, perspective=0.0ms, detect=1.1ms, postprocess=0.0ms, fuse+track=0.1ms
2026-05-22 19:32:43,705 | INFO | [perf frame=9200] preprocess=0.0ms, perspective=0.0ms, detect=1.0ms, postprocess=0.0ms, fuse+track=0.1ms
2026-05-22 19:32:44,199 | INFO | [perf frame=9300] preprocess=0.0ms, perspective=0.0ms, detect=1.0ms, postprocess=0.0ms, fuse+track=0.1ms
2026-05-22 19:32:44,694 | INFO | [perf frame=9400] preprocess=0.0ms, perspective=0.0ms, detect=1.1ms, postprocess=0.0ms, fuse+track=0.1ms
2026-05-22 19:32:45,190 | INFO | [perf frame=9500] preprocess=0.0ms, perspective=0.0ms, detect=1.0ms, postprocess=0.0ms, fuse+track=0.1ms
2026-05-22 19:32:45,689 | INFO | [perf frame=9600] preprocess=0.0ms, perspective=0.0ms, detect=1.0ms, postprocess=0.0ms, fuse+track=0.1ms
2026-05-22 19:32:46,176 | INFO | [perf frame=9700] preprocess=0.0ms, perspective=0.0ms, detect=1.0ms, postprocess=0.0ms, fuse+track=0.1ms
2026-05-22 19:32:46,684 | INFO | [perf frame=9800] preprocess=0.0ms, perspective=0.0ms, detect=1.1ms, postprocess=0.0ms, fuse+track=0.1ms
2026-05-22 19:32:47,183 | INFO | [perf frame=9900] preprocess=0.0ms, perspective=0.0ms, detect=1.0ms, postprocess=0.0ms, fuse+track=0.1ms
2026-05-22 19:32:47,677 | INFO | [perf frame=10000] preprocess=0.0ms, perspective=0.0ms, detect=1.0ms, postprocess=0.0ms, fuse+track=0.1ms
2026-05-22 19:32:48,168 | INFO | [perf frame=10100] preprocess=0.0ms, perspective=0.0ms, detect=1.0ms, postprocess=0.0ms, fuse+track=0.1ms
2026-05-22 19:32:48,657 | INFO | [perf frame=10200] preprocess=0.0ms, perspective=0.0ms, detect=1.0ms, postprocess=0.0ms, fuse+track=0.1ms
2026-05-22 19:32:49,151 | INFO | [perf frame=10300] preprocess=0.0ms, perspective=0.0ms, detect=1.0ms, postprocess=0.0ms, fuse+track=0.1ms
2026-05-22 19:32:49,634 | INFO | [perf frame=10400] preprocess=0.0ms, perspective=0.0ms, detect=1.0ms, postprocess=0.0ms, fuse+track=0.1ms
2026-05-22 19:32:50,118 | INFO | [perf frame=10500] preprocess=0.0ms, perspective=0.0ms, detect=1.0ms, postprocess=0.0ms, fuse+track=0.1ms
2026-05-22 19:32:50,617 | INFO | [perf frame=10600] preprocess=0.0ms, perspective=0.0ms, detect=1.0ms, postprocess=0.0ms, fuse+track=0.1ms
2026-05-22 19:32:51,094 | INFO | [perf frame=10700] preprocess=0.0ms, perspective=0.0ms, detect=1.0ms, postprocess=0.0ms, fuse+track=0.0ms
2026-05-22 19:32:51,525 | INFO | [perf frame=10800] preprocess=0.0ms, perspective=0.0ms, detect=1.1ms, postprocess=0.0ms, fuse+track=0.0ms
2026-05-22 19:32:51,953 | INFO | [perf frame=10900] preprocess=0.0ms, perspective=0.0ms, detect=1.1ms, postprocess=0.0ms, fuse+track=0.0ms
2026-05-22 19:32:52,405 | INFO | [perf frame=11000] preprocess=0.0ms, perspective=0.0ms, detect=1.2ms, postprocess=0.0ms, fuse+track=0.0ms
2026-05-22 19:32:52,844 | INFO | [perf frame=11100] preprocess=0.0ms, perspective=0.0ms, detect=1.1ms, postprocess=0.0ms, fuse+track=0.0ms
2026-05-22 19:32:53,303 | INFO | [perf frame=11200] preprocess=0.0ms, perspective=0.0ms, detect=1.2ms, postprocess=0.0ms, fuse+track=0.0ms
2026-05-22 19:32:53,745 | INFO | [perf frame=11300] preprocess=0.0ms, perspective=0.0ms, detect=1.1ms, postprocess=0.0ms, fuse+track=0.0ms
2026-05-22 19:32:54,180 | INFO | [perf frame=11400] preprocess=0.0ms, perspective=0.0ms, detect=1.1ms, postprocess=0.0ms, fuse+track=0.0ms
2026-05-22 19:32:54,625 | INFO | [perf frame=11500] preprocess=0.0ms, perspective=0.0ms, detect=1.1ms, postprocess=0.0ms, fuse+track=0.0ms
2026-05-22 19:32:55,049 | INFO | [perf frame=11600] preprocess=0.0ms, perspective=0.0ms, detect=1.1ms, postprocess=0.0ms, fuse+track=0.0ms
2026-05-22 19:32:55,472 | INFO | [perf frame=11700] preprocess=0.0ms, perspective=0.0ms, detect=1.1ms, postprocess=0.0ms, fuse+track=0.0ms
2026-05-22 19:32:55,920 | INFO | [perf frame=11800] preprocess=0.0ms, perspective=0.0ms, detect=1.1ms, postprocess=0.0ms, fuse+track=0.0ms
2026-05-22 19:32:56,346 | INFO | [perf frame=11900] preprocess=0.0ms, perspective=0.0ms, detect=1.0ms, postprocess=0.0ms, fuse+track=0.0ms
2026-05-22 19:32:56,794 | INFO | [perf frame=12000] preprocess=0.0ms, perspective=0.0ms, detect=1.1ms, postprocess=0.0ms, fuse+track=0.0ms
2026-05-22 19:32:57,229 | INFO | [perf frame=12100] preprocess=0.0ms, perspective=0.0ms, detect=1.1ms, postprocess=0.0ms, fuse+track=0.0ms
2026-05-22 19:32:57,669 | INFO | [perf frame=12200] preprocess=0.0ms, perspective=0.0ms, detect=1.1ms, postprocess=0.0ms, fuse+track=0.0ms
2026-05-22 19:32:58,087 | INFO | [perf frame=12300] preprocess=0.0ms, perspective=0.0ms, detect=1.0ms, postprocess=0.0ms, fuse+track=0.0ms
2026-05-22 19:32:58,534 | INFO | [perf frame=12400] preprocess=0.0ms, perspective=0.0ms, detect=1.1ms, postprocess=0.0ms, fuse+track=0.0ms
2026-05-22 19:32:58,960 | INFO | [perf frame=12500] preprocess=0.0ms, perspective=0.0ms, detect=1.0ms, postprocess=0.0ms, fuse+track=0.0ms
2026-05-22 19:32:59,411 | INFO | [perf frame=12600] preprocess=0.0ms, perspective=0.0ms, detect=1.2ms, postprocess=0.0ms, fuse+track=0.0ms
2026-05-22 19:32:59,844 | INFO | [perf frame=12700] preprocess=0.0ms, perspective=0.0ms, detect=1.1ms, postprocess=0.0ms, fuse+track=0.0ms
2026-05-22 19:33:00,283 | INFO | [perf frame=12800] preprocess=0.0ms, perspective=0.0ms, detect=1.1ms, postprocess=0.0ms, fuse+track=0.0ms
2026-05-22 19:33:00,717 | INFO | [perf frame=12900] preprocess=0.0ms, perspective=0.0ms, detect=1.1ms, postprocess=0.0ms, fuse+track=0.0ms
2026-05-22 19:33:01,165 | INFO | [perf frame=13000] preprocess=0.0ms, perspective=0.0ms, detect=1.2ms, postprocess=0.0ms, fuse+track=0.0ms
2026-05-22 19:33:01,612 | INFO | [perf frame=13100] preprocess=0.0ms, perspective=0.0ms, detect=1.1ms, postprocess=0.0ms, fuse+track=0.0ms
2026-05-22 19:33:02,048 | INFO | [perf frame=13200] preprocess=0.0ms, perspective=0.0ms, detect=1.1ms, postprocess=0.0ms, fuse+track=0.0ms
2026-05-22 19:33:02,471 | INFO | [perf frame=13300] preprocess=0.0ms, perspective=0.0ms, detect=1.0ms, postprocess=0.0ms, fuse+track=0.0ms
2026-05-22 19:33:02,896 | INFO | [perf frame=13400] preprocess=0.0ms, perspective=0.0ms, detect=1.1ms, postprocess=0.0ms, fuse+track=0.0ms
2026-05-22 19:33:03,343 | INFO | [perf frame=13500] preprocess=0.0ms, perspective=0.0ms, detect=1.1ms, postprocess=0.0ms, fuse+track=0.0ms
2026-05-22 19:33:03,773 | INFO | [perf frame=13600] preprocess=0.0ms, perspective=0.0ms, detect=1.1ms, postprocess=0.0ms, fuse+track=0.0ms
2026-05-22 19:33:04,231 | INFO | [perf frame=13700] preprocess=0.0ms, perspective=0.0ms, detect=1.2ms, postprocess=0.0ms, fuse+track=0.0ms
2026-05-22 19:33:04,680 | INFO | [perf frame=13800] preprocess=0.0ms, perspective=0.0ms, detect=1.2ms, postprocess=0.0ms, fuse+track=0.0ms
2026-05-22 19:33:05,117 | INFO | [perf frame=13900] preprocess=0.0ms, perspective=0.0ms, detect=1.1ms, postprocess=0.0ms, fuse+track=0.0ms
2026-05-22 19:33:05,565 | INFO | [perf frame=14000] preprocess=0.0ms, perspective=0.0ms, detect=1.1ms, postprocess=0.0ms, fuse+track=0.0ms
2026-05-22 19:33:06,010 | INFO | [perf frame=14100] preprocess=0.0ms, perspective=0.0ms, detect=1.1ms, postprocess=0.0ms, fuse+track=0.0ms
2026-05-22 19:33:06,442 | INFO | [perf frame=14200] preprocess=0.0ms, perspective=0.0ms, detect=1.1ms, postprocess=0.0ms, fuse+track=0.0ms
2026-05-22 19:33:06,869 | INFO | [perf frame=14300] preprocess=0.0ms, perspective=0.0ms, detect=1.1ms, postprocess=0.0ms, fuse+track=0.0ms
2026-05-22 19:33:07,325 | INFO | [perf frame=14400] preprocess=0.0ms, perspective=0.0ms, detect=1.2ms, postprocess=0.0ms, fuse+track=0.0ms
2026-05-22 19:33:07,766 | INFO | [perf frame=14500] preprocess=0.0ms, perspective=0.0ms, detect=1.1ms, postprocess=0.0ms, fuse+track=0.0ms
2026-05-22 19:33:08,211 | INFO | [perf frame=14600] preprocess=0.0ms, perspective=0.0ms, detect=1.1ms, postprocess=0.0ms, fuse+track=0.0ms
2026-05-22 19:33:08,662 | INFO | [perf frame=14700] preprocess=0.0ms, perspective=0.0ms, detect=1.2ms, postprocess=0.0ms, fuse+track=0.0ms
2026-05-22 19:33:09,096 | INFO | [perf frame=14800] preprocess=0.0ms, perspective=0.0ms, detect=1.1ms, postprocess=0.0ms, fuse+track=0.0ms
2026-05-22 19:33:09,551 | INFO | [perf frame=14900] preprocess=0.0ms, perspective=0.0ms, detect=1.2ms, postprocess=0.0ms, fuse+track=0.0ms
2026-05-22 19:33:09,987 | INFO | [perf frame=15000] preprocess=0.0ms, perspective=0.0ms, detect=1.1ms, postprocess=0.0ms, fuse+track=0.0ms
2026-05-22 19:33:10,426 | INFO | [perf frame=15100] preprocess=0.0ms, perspective=0.0ms, detect=1.1ms, postprocess=0.0ms, fuse+track=0.0ms
2026-05-22 19:33:10,872 | INFO | [perf frame=15200] preprocess=0.0ms, perspective=0.0ms, detect=1.1ms, postprocess=0.0ms, fuse+track=0.0ms
2026-05-22 19:33:11,296 | INFO | [perf frame=15300] preprocess=0.0ms, perspective=0.0ms, detect=1.1ms, postprocess=0.0ms, fuse+track=0.0ms
2026-05-22 19:33:11,735 | INFO | [perf frame=15400] preprocess=0.0ms, perspective=0.0ms, detect=1.1ms, postprocess=0.0ms, fuse+track=0.0ms
2026-05-22 19:33:12,159 | INFO | [perf frame=15500] preprocess=0.0ms, perspective=0.0ms, detect=1.0ms, postprocess=0.0ms, fuse+track=0.0ms
2026-05-22 19:33:12,597 | INFO | [perf frame=15600] preprocess=0.0ms, perspective=0.0ms, detect=1.1ms, postprocess=0.0ms, fuse+track=0.0ms
2026-05-22 19:33:13,032 | INFO | [perf frame=15700] preprocess=0.0ms, perspective=0.0ms, detect=1.1ms, postprocess=0.0ms, fuse+track=0.0ms
2026-05-22 19:33:13,472 | INFO | [perf frame=15800] preprocess=0.0ms, perspective=0.0ms, detect=1.1ms, postprocess=0.0ms, fuse+track=0.0ms
2026-05-22 19:33:13,899 | INFO | [perf frame=15900] preprocess=0.0ms, perspective=0.0ms, detect=1.0ms, postprocess=0.0ms, fuse+track=0.0ms
2026-05-22 19:33:14,338 | INFO | [perf frame=16000] preprocess=0.0ms, perspective=0.0ms, detect=1.2ms, postprocess=0.0ms, fuse+track=0.0ms
2026-05-22 19:33:14,775 | INFO | [perf frame=16100] preprocess=0.0ms, perspective=0.0ms, detect=1.1ms, postprocess=0.0ms, fuse+track=0.0ms
2026-05-22 19:33:15,223 | INFO | [perf frame=16200] preprocess=0.0ms, perspective=0.0ms, detect=1.1ms, postprocess=0.0ms, fuse+track=0.0ms
2026-05-22 19:33:15,642 | INFO | [perf frame=16300] preprocess=0.0ms, perspective=0.0ms, detect=1.0ms, postprocess=0.0ms, fuse+track=0.0ms
2026-05-22 19:33:16,079 | INFO | [perf frame=16400] preprocess=0.0ms, perspective=0.0ms, detect=1.1ms, postprocess=0.0ms, fuse+track=0.0ms
2026-05-22 19:33:16,533 | INFO | [perf frame=16500] preprocess=0.0ms, perspective=0.0ms, detect=1.2ms, postprocess=0.0ms, fuse+track=0.0ms
2026-05-22 19:33:16,971 | INFO | [perf frame=16600] preprocess=0.0ms, perspective=0.0ms, detect=1.1ms, postprocess=0.0ms, fuse+track=0.0ms
2026-05-22 19:33:17,406 | INFO | [perf frame=16700] preprocess=0.0ms, perspective=0.0ms, detect=1.1ms, postprocess=0.0ms, fuse+track=0.0ms
2026-05-22 19:33:17,858 | INFO | [perf frame=16800] preprocess=0.0ms, perspective=0.0ms, detect=1.2ms, postprocess=0.0ms, fuse+track=0.0ms
2026-05-22 19:33:18,290 | INFO | [perf frame=16900] preprocess=0.0ms, perspective=0.0ms, detect=1.0ms, postprocess=0.0ms, fuse+track=0.0ms
2026-05-22 19:33:18,720 | INFO | [perf frame=17000] preprocess=0.0ms, perspective=0.0ms, detect=1.1ms, postprocess=0.0ms, fuse+track=0.0ms
2026-05-22 19:33:19,156 | INFO | [perf frame=17100] preprocess=0.0ms, perspective=0.0ms, detect=1.1ms, postprocess=0.0ms, fuse+track=0.0ms
2026-05-22 19:33:19,588 | INFO | [perf frame=17200] preprocess=0.0ms, perspective=0.0ms, detect=1.0ms, postprocess=0.0ms, fuse+track=0.0ms
2026-05-22 19:33:20,025 | INFO | [perf frame=17300] preprocess=0.0ms, perspective=0.0ms, detect=1.1ms, postprocess=0.0ms, fuse+track=0.0ms
2026-05-22 19:33:20,473 | INFO | [perf frame=17400] preprocess=0.0ms, perspective=0.0ms, detect=1.1ms, postprocess=0.0ms, fuse+track=0.0ms
2026-05-22 19:33:20,910 | INFO | [perf frame=17500] preprocess=0.0ms, perspective=0.0ms, detect=1.1ms, postprocess=0.0ms, fuse+track=0.0ms
2026-05-22 19:33:21,345 | INFO | [perf frame=17600] preprocess=0.0ms, perspective=0.0ms, detect=1.1ms, postprocess=0.0ms, fuse+track=0.0ms
2026-05-22 19:33:21,797 | INFO | [perf frame=17700] preprocess=0.0ms, perspective=0.0ms, detect=1.2ms, postprocess=0.0ms, fuse+track=0.0ms
2026-05-22 19:33:22,221 | INFO | [perf frame=17800] preprocess=0.0ms, perspective=0.0ms, detect=1.0ms, postprocess=0.0ms, fuse+track=0.0ms
2026-05-22 19:33:22,651 | INFO | [perf frame=17900] preprocess=0.0ms, perspective=0.0ms, detect=1.0ms, postprocess=0.0ms, fuse+track=0.0ms
2026-05-22 19:33:23,094 | INFO | [perf frame=18000] preprocess=0.0ms, perspective=0.0ms, detect=1.1ms, postprocess=0.0ms, fuse+track=0.0ms
2026-05-22 19:33:23,542 | INFO | [perf frame=18100] preprocess=0.0ms, perspective=0.0ms, detect=1.2ms, postprocess=0.0ms, fuse+track=0.0ms
2026-05-22 19:33:23,979 | INFO | [perf frame=18200] preprocess=0.0ms, perspective=0.0ms, detect=1.1ms, postprocess=0.0ms, fuse+track=0.0ms
2026-05-22 19:33:24,412 | INFO | [perf frame=18300] preprocess=0.0ms, perspective=0.0ms, detect=1.0ms, postprocess=0.0ms, fuse+track=0.0ms
2026-05-22 19:33:24,853 | INFO | [perf frame=18400] preprocess=0.0ms, perspective=0.0ms, detect=1.1ms, postprocess=0.0ms, fuse+track=0.0ms
2026-05-22 19:33:25,289 | INFO | [perf frame=18500] preprocess=0.0ms, perspective=0.0ms, detect=1.1ms, postprocess=0.0ms, fuse+track=0.0ms
2026-05-22 19:33:25,722 | INFO | [perf frame=18600] preprocess=0.0ms, perspective=0.0ms, detect=1.1ms, postprocess=0.0ms, fuse+track=0.0ms
2026-05-22 19:33:26,172 | INFO | [perf frame=18700] preprocess=0.0ms, perspective=0.0ms, detect=1.1ms, postprocess=0.0ms, fuse+track=0.0ms
2026-05-22 19:33:26,601 | INFO | [perf frame=18800] preprocess=0.0ms, perspective=0.0ms, detect=1.1ms, postprocess=0.0ms, fuse+track=0.0ms
2026-05-22 19:33:27,049 | INFO | [perf frame=18900] preprocess=0.0ms, perspective=0.0ms, detect=1.1ms, postprocess=0.0ms, fuse+track=0.0ms
2026-05-22 19:33:27,479 | INFO | [perf frame=19000] preprocess=0.0ms, perspective=0.0ms, detect=1.0ms, postprocess=0.0ms, fuse+track=0.0ms
2026-05-22 19:33:27,915 | INFO | [perf frame=19100] preprocess=0.0ms, perspective=0.0ms, detect=1.1ms, postprocess=0.0ms, fuse+track=0.0ms
2026-05-22 19:33:28,354 | INFO | [perf frame=19200] preprocess=0.0ms, perspective=0.0ms, detect=1.1ms, postprocess=0.0ms, fuse+track=0.0ms
2026-05-22 19:33:28,789 | INFO | [perf frame=19300] preprocess=0.0ms, perspective=0.0ms, detect=1.1ms, postprocess=0.0ms, fuse+track=0.0ms
2026-05-22 19:33:29,242 | INFO | [perf frame=19400] preprocess=0.0ms, perspective=0.0ms, detect=1.1ms, postprocess=0.0ms, fuse+track=0.0ms
2026-05-22 19:33:29,672 | INFO | [perf frame=19500] preprocess=0.0ms, perspective=0.0ms, detect=1.1ms, postprocess=0.0ms, fuse+track=0.0ms
2026-05-22 19:33:30,112 | INFO | [perf frame=19600] preprocess=0.0ms, perspective=0.0ms, detect=1.1ms, postprocess=0.0ms, fuse+track=0.0ms
2026-05-22 19:33:30,548 | INFO | [perf frame=19700] preprocess=0.0ms, perspective=0.0ms, detect=1.1ms, postprocess=0.0ms, fuse+track=0.0ms
2026-05-22 19:33:31,000 | INFO | [perf frame=19800] preprocess=0.0ms, perspective=0.0ms, detect=1.1ms, postprocess=0.0ms, fuse+track=0.0ms
2026-05-22 19:33:31,449 | INFO | [perf frame=19900] preprocess=0.0ms, perspective=0.0ms, detect=1.1ms, postprocess=0.0ms, fuse+track=0.0ms
2026-05-22 19:33:31,881 | INFO | [perf frame=20000] preprocess=0.0ms, perspective=0.0ms, detect=1.1ms, postprocess=0.0ms, fuse+track=0.0ms
2026-05-22 19:33:32,307 | INFO | [perf frame=20100] preprocess=0.0ms, perspective=0.0ms, detect=1.1ms, postprocess=0.0ms, fuse+track=0.0ms
2026-05-22 19:33:32,739 | INFO | [perf frame=20200] preprocess=0.0ms, perspective=0.0ms, detect=1.1ms, postprocess=0.0ms, fuse+track=0.0ms
2026-05-22 19:33:33,184 | INFO | [perf frame=20300] preprocess=0.0ms, perspective=0.0ms, detect=1.1ms, postprocess=0.0ms, fuse+track=0.0ms
2026-05-22 19:33:33,607 | INFO | [perf frame=20400] preprocess=0.0ms, perspective=0.0ms, detect=1.1ms, postprocess=0.0ms, fuse+track=0.0ms
2026-05-22 19:33:34,034 | INFO | [perf frame=20500] preprocess=0.0ms, perspective=0.0ms, detect=1.1ms, postprocess=0.0ms, fuse+track=0.0ms
2026-05-22 19:33:34,471 | INFO | [perf frame=20600] preprocess=0.0ms, perspective=0.0ms, detect=1.1ms, postprocess=0.0ms, fuse+track=0.0ms
2026-05-22 19:33:34,909 | INFO | [perf frame=20700] preprocess=0.0ms, perspective=0.0ms, detect=1.1ms, postprocess=0.0ms, fuse+track=0.0ms
2026-05-22 19:33:35,342 | INFO | [perf frame=20800] preprocess=0.0ms, perspective=0.0ms, detect=1.1ms, postprocess=0.0ms, fuse+track=0.0ms
2026-05-22 19:33:35,785 | INFO | [perf frame=20900] preprocess=0.0ms, perspective=0.0ms, detect=1.1ms, postprocess=0.0ms, fuse+track=0.0ms
2026-05-22 19:33:36,223 | INFO | [perf frame=21000] preprocess=0.0ms, perspective=0.0ms, detect=1.1ms, postprocess=0.0ms, fuse+track=0.0ms
2026-05-22 19:33:36,646 | INFO | [perf frame=21100] preprocess=0.0ms, perspective=0.0ms, detect=1.0ms, postprocess=0.0ms, fuse+track=0.0ms
2026-05-22 19:33:37,077 | INFO | [perf frame=21200] preprocess=0.0ms, perspective=0.0ms, detect=1.0ms, postprocess=0.0ms, fuse+track=0.0ms
2026-05-22 19:33:37,508 | INFO | [perf frame=21300] preprocess=0.0ms, perspective=0.0ms, detect=1.1ms, postprocess=0.0ms, fuse+track=0.0ms
2026-05-22 19:33:37,933 | INFO | [perf frame=21400] preprocess=0.0ms, perspective=0.0ms, detect=1.0ms, postprocess=0.0ms, fuse+track=0.0ms
2026-05-22 19:33:38,359 | INFO | [perf frame=21500] preprocess=0.0ms, perspective=0.0ms, detect=1.1ms, postprocess=0.0ms, fuse+track=0.0ms
2026-05-22 19:33:38,793 | INFO | [perf frame=21600] preprocess=0.0ms, perspective=0.0ms, detect=1.1ms, postprocess=0.0ms, fuse+track=0.0ms
2026-05-22 19:33:39,237 | INFO | [perf frame=21700] preprocess=0.0ms, perspective=0.0ms, detect=1.1ms, postprocess=0.0ms, fuse+track=0.0ms
2026-05-22 19:33:39,667 | INFO | [perf frame=21800] preprocess=0.0ms, perspective=0.0ms, detect=1.1ms, postprocess=0.0ms, fuse+track=0.0ms
2026-05-22 19:33:40,099 | INFO | [perf frame=21900] preprocess=0.0ms, perspective=0.0ms, detect=1.1ms, postprocess=0.0ms, fuse+track=0.0ms
2026-05-22 19:33:40,536 | INFO | [perf frame=22000] preprocess=0.0ms, perspective=0.0ms, detect=1.1ms, postprocess=0.0ms, fuse+track=0.0ms
2026-05-22 19:33:40,968 | INFO | [perf frame=22100] preprocess=0.0ms, perspective=0.0ms, detect=1.0ms, postprocess=0.0ms, fuse+track=0.0ms
2026-05-22 19:33:41,393 | INFO | [perf frame=22200] preprocess=0.0ms, perspective=0.0ms, detect=1.1ms, postprocess=0.0ms, fuse+track=0.0ms
2026-05-22 19:33:41,816 | INFO | [perf frame=22300] preprocess=0.0ms, perspective=0.0ms, detect=1.0ms, postprocess=0.0ms, fuse+track=0.0ms
2026-05-22 19:33:42,250 | INFO | [perf frame=22400] preprocess=0.0ms, perspective=0.0ms, detect=1.1ms, postprocess=0.0ms, fuse+track=0.0ms
2026-05-22 19:33:42,698 | INFO | [perf frame=22500] preprocess=0.0ms, perspective=0.0ms, detect=1.2ms, postprocess=0.0ms, fuse+track=0.0ms
2026-05-22 19:33:43,130 | INFO | [perf frame=22600] preprocess=0.0ms, perspective=0.0ms, detect=1.1ms, postprocess=0.0ms, fuse+track=0.0ms
2026-05-22 19:33:43,564 | INFO | [perf frame=22700] preprocess=0.0ms, perspective=0.0ms, detect=1.1ms, postprocess=0.0ms, fuse+track=0.0ms
2026-05-22 19:33:44,006 | INFO | [perf frame=22800] preprocess=0.0ms, perspective=0.0ms, detect=1.1ms, postprocess=0.0ms, fuse+track=0.0ms
2026-05-22 19:33:44,431 | INFO | [perf frame=22900] preprocess=0.0ms, perspective=0.0ms, detect=1.1ms, postprocess=0.0ms, fuse+track=0.0ms
2026-05-22 19:33:44,858 | INFO | [perf frame=23000] preprocess=0.0ms, perspective=0.0ms, detect=1.1ms, postprocess=0.0ms, fuse+track=0.0ms
2026-05-22 19:33:45,302 | INFO | [perf frame=23100] preprocess=0.0ms, perspective=0.0ms, detect=1.2ms, postprocess=0.0ms, fuse+track=0.0ms
2026-05-22 19:33:45,731 | INFO | [perf frame=23200] preprocess=0.0ms, perspective=0.0ms, detect=1.1ms, postprocess=0.0ms, fuse+track=0.0ms
2026-05-22 19:33:46,158 | INFO | [perf frame=23300] preprocess=0.0ms, perspective=0.0ms, detect=1.0ms, postprocess=0.0ms, fuse+track=0.0ms
2026-05-22 19:33:46,620 | INFO | [perf frame=23400] preprocess=0.0ms, perspective=0.0ms, detect=1.2ms, postprocess=0.0ms, fuse+track=0.0ms
2026-05-22 19:33:47,045 | INFO | [perf frame=23500] preprocess=0.0ms, perspective=0.0ms, detect=1.1ms, postprocess=0.0ms, fuse+track=0.0ms
2026-05-22 19:33:47,485 | INFO | [perf frame=23600] preprocess=0.0ms, perspective=0.0ms, detect=1.1ms, postprocess=0.0ms, fuse+track=0.0ms
2026-05-22 19:33:47,922 | INFO | [perf frame=23700] preprocess=0.0ms, perspective=0.0ms, detect=1.1ms, postprocess=0.0ms, fuse+track=0.0ms
2026-05-22 19:33:48,356 | INFO | [perf frame=23800] preprocess=0.0ms, perspective=0.0ms, detect=1.1ms, postprocess=0.0ms, fuse+track=0.0ms
2026-05-22 19:33:48,838 | INFO | [perf frame=23900] preprocess=0.0ms, perspective=0.0ms, detect=1.2ms, postprocess=0.0ms, fuse+track=0.0ms
2026-05-22 19:33:49,332 | INFO | [perf frame=24000] preprocess=0.0ms, perspective=0.0ms, detect=1.1ms, postprocess=0.0ms, fuse+track=0.1ms
2026-05-22 19:33:49,825 | INFO | [perf frame=24100] preprocess=0.0ms, perspective=0.0ms, detect=1.0ms, postprocess=0.0ms, fuse+track=0.1ms
2026-05-22 19:33:50,293 | INFO | [perf frame=24200] preprocess=0.0ms, perspective=0.0ms, detect=1.1ms, postprocess=0.0ms, fuse+track=0.0ms
2026-05-22 19:33:50,746 | INFO | [perf frame=24300] preprocess=0.0ms, perspective=0.0ms, detect=1.2ms, postprocess=0.0ms, fuse+track=0.0ms
2026-05-22 19:33:51,181 | INFO | [perf frame=24400] preprocess=0.0ms, perspective=0.0ms, detect=1.1ms, postprocess=0.0ms, fuse+track=0.0ms
2026-05-22 19:33:51,631 | INFO | [perf frame=24500] preprocess=0.0ms, perspective=0.0ms, detect=1.1ms, postprocess=0.0ms, fuse+track=0.0ms
2026-05-22 19:33:52,065 | INFO | [perf frame=24600] preprocess=0.0ms, perspective=0.0ms, detect=1.1ms, postprocess=0.0ms, fuse+track=0.0ms
2026-05-22 19:33:52,499 | INFO | [perf frame=24700] preprocess=0.0ms, perspective=0.0ms, detect=1.1ms, postprocess=0.0ms, fuse+track=0.0ms
2026-05-22 19:33:52,959 | INFO | [perf frame=24800] preprocess=0.0ms, perspective=0.0ms, detect=1.2ms, postprocess=0.0ms, fuse+track=0.0ms
2026-05-22 19:33:53,394 | INFO | [perf frame=24900] preprocess=0.0ms, perspective=0.0ms, detect=1.1ms, postprocess=0.0ms, fuse+track=0.0ms
2026-05-22 19:33:53,829 | INFO | [perf frame=25000] preprocess=0.0ms, perspective=0.0ms, detect=1.1ms, postprocess=0.0ms, fuse+track=0.0ms
2026-05-22 19:33:54,264 | INFO | [perf frame=25100] preprocess=0.0ms, perspective=0.0ms, detect=1.0ms, postprocess=0.0ms, fuse+track=0.0ms
2026-05-22 19:33:54,708 | INFO | [perf frame=25200] preprocess=0.0ms, perspective=0.0ms, detect=1.1ms, postprocess=0.0ms, fuse+track=0.0ms
2026-05-22 19:33:55,134 | INFO | [perf frame=25300] preprocess=0.0ms, perspective=0.0ms, detect=1.0ms, postprocess=0.0ms, fuse+track=0.0ms
2026-05-22 19:33:55,553 | INFO | [perf frame=25400] preprocess=0.0ms, perspective=0.0ms, detect=1.0ms, postprocess=0.0ms, fuse+track=0.0ms
2026-05-22 19:33:55,981 | INFO | [perf frame=25500] preprocess=0.0ms, perspective=0.0ms, detect=0.9ms, postprocess=0.0ms, fuse+track=0.0ms
2026-05-22 19:33:56,432 | INFO | [perf frame=25600] preprocess=0.0ms, perspective=0.0ms, detect=1.1ms, postprocess=0.0ms, fuse+track=0.0ms
2026-05-22 19:33:56,860 | INFO | [perf frame=25700] preprocess=0.0ms, perspective=0.0ms, detect=1.0ms, postprocess=0.0ms, fuse+track=0.0ms
2026-05-22 19:33:57,291 | INFO | [perf frame=25800] preprocess=0.0ms, perspective=0.0ms, detect=1.0ms, postprocess=0.0ms, fuse+track=0.0ms
2026-05-22 19:33:57,734 | INFO | [perf frame=25900] preprocess=0.0ms, perspective=0.0ms, detect=1.0ms, postprocess=0.0ms, fuse+track=0.0ms
2026-05-22 19:33:58,156 | INFO | [perf frame=26000] preprocess=0.0ms, perspective=0.0ms, detect=1.0ms, postprocess=0.0ms, fuse+track=0.0ms
2026-05-22 19:33:58,583 | INFO | [perf frame=26100] preprocess=0.0ms, perspective=0.0ms, detect=1.1ms, postprocess=0.0ms, fuse+track=0.0ms
2026-05-22 19:33:59,018 | INFO | [perf frame=26200] preprocess=0.0ms, perspective=0.0ms, detect=1.1ms, postprocess=0.0ms, fuse+track=0.0ms
2026-05-22 19:33:59,446 | INFO | [perf frame=26300] preprocess=0.0ms, perspective=0.0ms, detect=1.1ms, postprocess=0.0ms, fuse+track=0.0ms
2026-05-22 19:33:59,872 | INFO | [perf frame=26400] preprocess=0.0ms, perspective=0.0ms, detect=1.1ms, postprocess=0.0ms, fuse+track=0.0ms
2026-05-22 19:34:00,300 | INFO | [perf frame=26500] preprocess=0.0ms, perspective=0.0ms, detect=1.1ms, postprocess=0.0ms, fuse+track=0.0ms
2026-05-22 19:34:00,741 | INFO | [perf frame=26600] preprocess=0.0ms, perspective=0.0ms, detect=1.1ms, postprocess=0.0ms, fuse+track=0.0ms
2026-05-22 19:34:01,169 | INFO | [perf frame=26700] preprocess=0.0ms, perspective=0.0ms, detect=1.0ms, postprocess=0.0ms, fuse+track=0.0ms
2026-05-22 19:34:01,598 | INFO | [perf frame=26800] preprocess=0.0ms, perspective=0.0ms, detect=1.0ms, postprocess=0.0ms, fuse+track=0.0ms
2026-05-22 19:34:02,025 | INFO | [perf frame=26900] preprocess=0.0ms, perspective=0.0ms, detect=1.1ms, postprocess=0.0ms, fuse+track=0.0ms
2026-05-22 19:34:02,454 | INFO | [perf frame=27000] preprocess=0.0ms, perspective=0.0ms, detect=1.1ms, postprocess=0.0ms, fuse+track=0.0ms
2026-05-22 19:34:02,883 | INFO | [perf frame=27100] preprocess=0.0ms, perspective=0.0ms, detect=1.1ms, postprocess=0.0ms, fuse+track=0.0ms
2026-05-22 19:34:03,341 | INFO | [perf frame=27200] preprocess=0.0ms, perspective=0.0ms, detect=1.2ms, postprocess=0.0ms, fuse+track=0.0ms
2026-05-22 19:34:03,793 | INFO | [perf frame=27300] preprocess=0.0ms, perspective=0.0ms, detect=1.2ms, postprocess=0.0ms, fuse+track=0.0ms
2026-05-22 19:34:04,230 | INFO | [perf frame=27400] preprocess=0.0ms, perspective=0.0ms, detect=1.1ms, postprocess=0.0ms, fuse+track=0.0ms
2026-05-22 19:34:04,686 | INFO | [perf frame=27500] preprocess=0.0ms, perspective=0.0ms, detect=1.2ms, postprocess=0.0ms, fuse+track=0.0ms
2026-05-22 19:34:05,106 | INFO | [perf frame=27600] preprocess=0.0ms, perspective=0.0ms, detect=1.1ms, postprocess=0.0ms, fuse+track=0.0ms
2026-05-22 19:34:05,552 | INFO | [perf frame=27700] preprocess=0.0ms, perspective=0.0ms, detect=1.1ms, postprocess=0.0ms, fuse+track=0.0ms
2026-05-22 19:34:06,005 | INFO | [perf frame=27800] preprocess=0.0ms, perspective=0.0ms, detect=1.3ms, postprocess=0.0ms, fuse+track=0.0ms
2026-05-22 19:34:06,440 | INFO | [perf frame=27900] preprocess=0.0ms, perspective=0.0ms, detect=1.1ms, postprocess=0.0ms, fuse+track=0.0ms
2026-05-22 19:34:06,886 | INFO | [perf frame=28000] preprocess=0.0ms, perspective=0.0ms, detect=1.2ms, postprocess=0.0ms, fuse+track=0.0ms
2026-05-22 19:34:07,319 | INFO | [perf frame=28100] preprocess=0.0ms, perspective=0.0ms, detect=1.1ms, postprocess=0.0ms, fuse+track=0.0ms
2026-05-22 19:34:07,747 | INFO | [perf frame=28200] preprocess=0.0ms, perspective=0.0ms, detect=1.1ms, postprocess=0.0ms, fuse+track=0.0ms
2026-05-22 19:34:08,193 | INFO | [perf frame=28300] preprocess=0.0ms, perspective=0.0ms, detect=1.2ms, postprocess=0.0ms, fuse+track=0.0ms
2026-05-22 19:34:08,639 | INFO | [perf frame=28400] preprocess=0.0ms, perspective=0.0ms, detect=1.1ms, postprocess=0.0ms, fuse+track=0.0ms
2026-05-22 19:34:09,093 | INFO | [perf frame=28500] preprocess=0.0ms, perspective=0.0ms, detect=1.1ms, postprocess=0.0ms, fuse+track=0.0ms
2026-05-22 19:34:09,529 | INFO | [perf frame=28600] preprocess=0.0ms, perspective=0.0ms, detect=1.1ms, postprocess=0.0ms, fuse+track=0.0ms
2026-05-22 19:34:09,960 | INFO | [perf frame=28700] preprocess=0.0ms, perspective=0.0ms, detect=1.1ms, postprocess=0.0ms, fuse+track=0.0ms
2026-05-22 19:34:10,413 | INFO | [perf frame=28800] preprocess=0.0ms, perspective=0.0ms, detect=1.2ms, postprocess=0.0ms, fuse+track=0.0ms
2026-05-22 19:34:10,854 | INFO | [perf frame=28900] preprocess=0.0ms, perspective=0.0ms, detect=1.1ms, postprocess=0.0ms, fuse+track=0.0ms
2026-05-22 19:34:11,297 | INFO | [perf frame=29000] preprocess=0.0ms, perspective=0.0ms, detect=1.1ms, postprocess=0.0ms, fuse+track=0.0ms
2026-05-22 19:34:11,732 | INFO | [perf frame=29100] preprocess=0.0ms, perspective=0.0ms, detect=1.1ms, postprocess=0.0ms, fuse+track=0.0ms
2026-05-22 19:34:12,168 | INFO | [perf frame=29200] preprocess=0.0ms, perspective=0.0ms, detect=1.1ms, postprocess=0.0ms, fuse+track=0.0ms
2026-05-22 19:34:12,602 | INFO | [perf frame=29300] preprocess=0.0ms, perspective=0.0ms, detect=1.1ms, postprocess=0.0ms, fuse+track=0.0ms
2026-05-22 19:34:13,035 | INFO | [perf frame=29400] preprocess=0.0ms, perspective=0.0ms, detect=1.1ms, postprocess=0.0ms, fuse+track=0.0ms
2026-05-22 19:34:13,475 | INFO | [perf frame=29500] preprocess=0.0ms, perspective=0.0ms, detect=1.1ms, postprocess=0.0ms, fuse+track=0.0ms
2026-05-22 19:34:13,906 | INFO | [perf frame=29600] preprocess=0.0ms, perspective=0.0ms, detect=1.1ms, postprocess=0.0ms, fuse+track=0.0ms
2026-05-22 19:34:14,350 | INFO | [perf frame=29700] preprocess=0.0ms, perspective=0.0ms, detect=1.1ms, postprocess=0.0ms, fuse+track=0.0ms
2026-05-22 19:34:14,794 | INFO | [perf frame=29800] preprocess=0.0ms, perspective=0.0ms, detect=1.1ms, postprocess=0.0ms, fuse+track=0.0ms
2026-05-22 19:34:15,238 | INFO | [perf frame=29900] preprocess=0.0ms, perspective=0.0ms, detect=1.1ms, postprocess=0.0ms, fuse+track=0.0ms
2026-05-22 19:34:15,670 | INFO | [perf frame=30000] preprocess=0.0ms, perspective=0.0ms, detect=1.1ms, postprocess=0.0ms, fuse+track=0.0ms
2026-05-22 19:34:16,109 | INFO | [perf frame=30100] preprocess=0.0ms, perspective=0.0ms, detect=1.1ms, postprocess=0.0ms, fuse+track=0.0ms
2026-05-22 19:34:16,558 | INFO | [perf frame=30200] preprocess=0.0ms, perspective=0.0ms, detect=1.1ms, postprocess=0.0ms, fuse+track=0.0ms
2026-05-22 19:34:16,998 | INFO | [perf frame=30300] preprocess=0.0ms, perspective=0.0ms, detect=1.1ms, postprocess=0.0ms, fuse+track=0.0ms
2026-05-22 19:34:17,430 | INFO | [perf frame=30400] preprocess=0.0ms, perspective=0.0ms, detect=1.1ms, postprocess=0.0ms, fuse+track=0.0ms
2026-05-22 19:34:17,865 | INFO | [perf frame=30500] preprocess=0.0ms, perspective=0.0ms, detect=1.1ms, postprocess=0.0ms, fuse+track=0.0ms
2026-05-22 19:34:18,296 | INFO | [perf frame=30600] preprocess=0.0ms, perspective=0.0ms, detect=1.1ms, postprocess=0.0ms, fuse+track=0.0ms
2026-05-22 19:34:18,736 | INFO | [perf frame=30700] preprocess=0.0ms, perspective=0.0ms, detect=1.1ms, postprocess=0.0ms, fuse+track=0.0ms
2026-05-22 19:34:19,168 | INFO | [perf frame=30800] preprocess=0.0ms, perspective=0.0ms, detect=1.1ms, postprocess=0.0ms, fuse+track=0.0ms
2026-05-22 19:34:19,614 | INFO | [perf frame=30900] preprocess=0.0ms, perspective=0.0ms, detect=1.1ms, postprocess=0.0ms, fuse+track=0.0ms
2026-05-22 19:34:20,047 | INFO | [perf frame=31000] preprocess=0.0ms, perspective=0.0ms, detect=1.1ms, postprocess=0.0ms, fuse+track=0.0ms
2026-05-22 19:34:20,483 | INFO | [perf frame=31100] preprocess=0.0ms, perspective=0.0ms, detect=1.1ms, postprocess=0.0ms, fuse+track=0.0ms
2026-05-22 19:34:20,942 | INFO | [perf frame=31200] preprocess=0.0ms, perspective=0.0ms, detect=1.2ms, postprocess=0.0ms, fuse+track=0.0ms
2026-05-22 19:34:21,379 | INFO | [perf frame=31300] preprocess=0.0ms, perspective=0.0ms, detect=1.1ms, postprocess=0.0ms, fuse+track=0.0ms
2026-05-22 19:34:21,824 | INFO | [perf frame=31400] preprocess=0.0ms, perspective=0.0ms, detect=1.2ms, postprocess=0.0ms, fuse+track=0.0ms
2026-05-22 19:34:22,243 | INFO | [perf frame=31500] preprocess=0.0ms, perspective=0.0ms, detect=1.1ms, postprocess=0.0ms, fuse+track=0.0ms
2026-05-22 19:34:22,684 | INFO | [perf frame=31600] preprocess=0.0ms, perspective=0.0ms, detect=1.2ms, postprocess=0.0ms, fuse+track=0.0ms
2026-05-22 19:34:23,109 | INFO | [perf frame=31700] preprocess=0.0ms, perspective=0.0ms, detect=1.0ms, postprocess=0.0ms, fuse+track=0.0ms
2026-05-22 19:34:23,525 | INFO | [perf frame=31800] preprocess=0.0ms, perspective=0.0ms, detect=1.0ms, postprocess=0.0ms, fuse+track=0.0ms
2026-05-22 19:34:23,964 | INFO | [perf frame=31900] preprocess=0.0ms, perspective=0.0ms, detect=1.1ms, postprocess=0.0ms, fuse+track=0.0ms
2026-05-22 19:34:24,419 | INFO | [perf frame=32000] preprocess=0.0ms, perspective=0.0ms, detect=1.2ms, postprocess=0.0ms, fuse+track=0.0ms
2026-05-22 19:34:24,853 | INFO | [perf frame=32100] preprocess=0.0ms, perspective=0.0ms, detect=1.1ms, postprocess=0.0ms, fuse+track=0.0ms
2026-05-22 19:34:25,323 | INFO | [perf frame=32200] preprocess=0.0ms, perspective=0.0ms, detect=1.2ms, postprocess=0.0ms, fuse+track=0.0ms
2026-05-22 19:34:25,762 | INFO | [perf frame=32300] preprocess=0.0ms, perspective=0.0ms, detect=1.1ms, postprocess=0.0ms, fuse+track=0.0ms
2026-05-22 19:34:26,200 | INFO | [perf frame=32400] preprocess=0.0ms, perspective=0.0ms, detect=1.1ms, postprocess=0.0ms, fuse+track=0.0ms
2026-05-22 19:34:26,648 | INFO | [perf frame=32500] preprocess=0.0ms, perspective=0.0ms, detect=1.1ms, postprocess=0.0ms, fuse+track=0.0ms
2026-05-22 19:34:27,080 | INFO | [perf frame=32600] preprocess=0.0ms, perspective=0.0ms, detect=1.1ms, postprocess=0.0ms, fuse+track=0.0ms
2026-05-22 19:34:27,516 | INFO | [perf frame=32700] preprocess=0.0ms, perspective=0.0ms, detect=1.1ms, postprocess=0.0ms, fuse+track=0.0ms
2026-05-22 19:34:27,955 | INFO | [perf frame=32800] preprocess=0.0ms, perspective=0.0ms, detect=1.1ms, postprocess=0.0ms, fuse+track=0.0ms
2026-05-22 19:34:28,388 | INFO | [perf frame=32900] preprocess=0.0ms, perspective=0.0ms, detect=1.1ms, postprocess=0.0ms, fuse+track=0.0ms
2026-05-22 19:34:28,829 | INFO | [perf frame=33000] preprocess=0.0ms, perspective=0.0ms, detect=1.2ms, postprocess=0.0ms, fuse+track=0.0ms
2026-05-22 19:34:29,263 | INFO | [perf frame=33100] preprocess=0.0ms, perspective=0.0ms, detect=1.1ms, postprocess=0.0ms, fuse+track=0.0ms
2026-05-22 19:34:29,720 | INFO | [perf frame=33200] preprocess=0.0ms, perspective=0.0ms, detect=1.2ms, postprocess=0.0ms, fuse+track=0.0ms
2026-05-22 19:34:30,169 | INFO | [perf frame=33300] preprocess=0.0ms, perspective=0.0ms, detect=1.2ms, postprocess=0.0ms, fuse+track=0.0ms
2026-05-22 19:34:30,607 | INFO | [perf frame=33400] preprocess=0.0ms, perspective=0.0ms, detect=1.1ms, postprocess=0.0ms, fuse+track=0.0ms
2026-05-22 19:34:31,050 | INFO | [perf frame=33500] preprocess=0.0ms, perspective=0.0ms, detect=1.1ms, postprocess=0.0ms, fuse+track=0.0ms
2026-05-22 19:34:31,491 | INFO | [perf frame=33600] preprocess=0.0ms, perspective=0.0ms, detect=1.1ms, postprocess=0.0ms, fuse+track=0.0ms
2026-05-22 19:34:31,942 | INFO | [perf frame=33700] preprocess=0.0ms, perspective=0.0ms, detect=1.2ms, postprocess=0.0ms, fuse+track=0.0ms
2026-05-22 19:34:32,386 | INFO | [perf frame=33800] preprocess=0.0ms, perspective=0.0ms, detect=1.1ms, postprocess=0.0ms, fuse+track=0.0ms
2026-05-22 19:34:32,818 | INFO | [perf frame=33900] preprocess=0.0ms, perspective=0.0ms, detect=1.1ms, postprocess=0.0ms, fuse+track=0.0ms
2026-05-22 19:34:33,259 | INFO | [perf frame=34000] preprocess=0.0ms, perspective=0.0ms, detect=1.1ms, postprocess=0.0ms, fuse+track=0.0ms
2026-05-22 19:34:33,685 | INFO | [perf frame=34100] preprocess=0.0ms, perspective=0.0ms, detect=1.0ms, postprocess=0.0ms, fuse+track=0.0ms
2026-05-22 19:34:34,131 | INFO | [perf frame=34200] preprocess=0.0ms, perspective=0.0ms, detect=1.1ms, postprocess=0.0ms, fuse+track=0.0ms
2026-05-22 19:34:34,577 | INFO | [perf frame=34300] preprocess=0.0ms, perspective=0.0ms, detect=1.1ms, postprocess=0.0ms, fuse+track=0.0ms
2026-05-22 19:34:35,006 | INFO | [perf frame=34400] preprocess=0.0ms, perspective=0.0ms, detect=1.1ms, postprocess=0.0ms, fuse+track=0.0ms
2026-05-22 19:34:35,437 | INFO | [perf frame=34500] preprocess=0.0ms, perspective=0.0ms, detect=1.0ms, postprocess=0.0ms, fuse+track=0.0ms
2026-05-22 19:34:35,889 | INFO | [perf frame=34600] preprocess=0.0ms, perspective=0.0ms, detect=1.1ms, postprocess=0.0ms, fuse+track=0.0ms
2026-05-22 19:34:36,343 | INFO | [perf frame=34700] preprocess=0.0ms, perspective=0.0ms, detect=1.1ms, postprocess=0.0ms, fuse+track=0.0ms
2026-05-22 19:34:36,789 | INFO | [perf frame=34800] preprocess=0.0ms, perspective=0.0ms, detect=1.1ms, postprocess=0.0ms, fuse+track=0.0ms
2026-05-22 19:34:37,239 | INFO | [perf frame=34900] preprocess=0.0ms, perspective=0.0ms, detect=1.2ms, postprocess=0.0ms, fuse+track=0.0ms
2026-05-22 19:34:37,670 | INFO | [perf frame=35000] preprocess=0.0ms, perspective=0.0ms, detect=1.0ms, postprocess=0.0ms, fuse+track=0.0ms
2026-05-22 19:34:38,114 | INFO | [perf frame=35100] preprocess=0.0ms, perspective=0.0ms, detect=1.1ms, postprocess=0.0ms, fuse+track=0.0ms
2026-05-22 19:34:38,546 | INFO | [perf frame=35200] preprocess=0.0ms, perspective=0.0ms, detect=1.1ms, postprocess=0.0ms, fuse+track=0.0ms
2026-05-22 19:34:38,980 | INFO | [perf frame=35300] preprocess=0.0ms, perspective=0.0ms, detect=1.1ms, postprocess=0.0ms, fuse+track=0.0ms
2026-05-22 19:34:39,427 | INFO | [perf frame=35400] preprocess=0.0ms, perspective=0.0ms, detect=1.2ms, postprocess=0.0ms, fuse+track=0.0ms
2026-05-22 19:34:39,857 | INFO | [perf frame=35500] preprocess=0.0ms, perspective=0.0ms, detect=1.1ms, postprocess=0.0ms, fuse+track=0.0ms
2026-05-22 19:34:40,297 | INFO | [perf frame=35600] preprocess=0.0ms, perspective=0.0ms, detect=1.1ms, postprocess=0.0ms, fuse+track=0.0ms
2026-05-22 19:34:40,736 | INFO | [perf frame=35700] preprocess=0.0ms, perspective=0.0ms, detect=1.1ms, postprocess=0.0ms, fuse+track=0.0ms
2026-05-22 19:34:41,163 | INFO | [perf frame=35800] preprocess=0.0ms, perspective=0.0ms, detect=1.1ms, postprocess=0.0ms, fuse+track=0.0ms
2026-05-22 19:34:41,598 | INFO | [perf frame=35900] preprocess=0.0ms, perspective=0.0ms, detect=1.1ms, postprocess=0.0ms, fuse+track=0.0ms
2026-05-22 19:34:42,019 | INFO | [perf frame=36000] preprocess=0.0ms, perspective=0.0ms, detect=1.0ms, postprocess=0.0ms, fuse+track=0.0ms
2026-05-22 19:34:42,448 | INFO | [perf frame=36100] preprocess=0.0ms, perspective=0.0ms, detect=1.1ms, postprocess=0.0ms, fuse+track=0.0ms
2026-05-22 19:34:42,884 | INFO | [perf frame=36200] preprocess=0.0ms, perspective=0.0ms, detect=1.1ms, postprocess=0.0ms, fuse+track=0.0ms
2026-05-22 19:34:43,322 | INFO | [perf frame=36300] preprocess=0.0ms, perspective=0.0ms, detect=1.1ms, postprocess=0.0ms, fuse+track=0.0ms
2026-05-22 19:34:43,776 | INFO | [perf frame=36400] preprocess=0.0ms, perspective=0.0ms, detect=1.2ms, postprocess=0.0ms, fuse+track=0.0ms
2026-05-22 19:34:44,224 | INFO | [perf frame=36500] preprocess=0.0ms, perspective=0.0ms, detect=1.1ms, postprocess=0.0ms, fuse+track=0.0ms
2026-05-22 19:34:44,671 | INFO | [perf frame=36600] preprocess=0.0ms, perspective=0.0ms, detect=1.1ms, postprocess=0.0ms, fuse+track=0.0ms
2026-05-22 19:34:45,105 | INFO | [perf frame=36700] preprocess=0.0ms, perspective=0.0ms, detect=1.1ms, postprocess=0.0ms, fuse+track=0.0ms
2026-05-22 19:34:45,547 | INFO | [perf frame=36800] preprocess=0.0ms, perspective=0.0ms, detect=1.1ms, postprocess=0.0ms, fuse+track=0.0ms
2026-05-22 19:34:45,982 | INFO | [perf frame=36900] preprocess=0.0ms, perspective=0.0ms, detect=1.1ms, postprocess=0.0ms, fuse+track=0.0ms
2026-05-22 19:34:46,416 | INFO | [perf frame=37000] preprocess=0.0ms, perspective=0.0ms, detect=1.1ms, postprocess=0.0ms, fuse+track=0.0ms
2026-05-22 19:34:46,851 | INFO | [perf frame=37100] preprocess=0.0ms, perspective=0.0ms, detect=1.1ms, postprocess=0.0ms, fuse+track=0.0ms
2026-05-22 19:34:47,299 | INFO | [perf frame=37200] preprocess=0.0ms, perspective=0.0ms, detect=1.2ms, postprocess=0.0ms, fuse+track=0.0ms
2026-05-22 19:34:47,749 | INFO | [perf frame=37300] preprocess=0.0ms, perspective=0.0ms, detect=1.2ms, postprocess=0.0ms, fuse+track=0.0ms
2026-05-22 19:34:48,184 | INFO | [perf frame=37400] preprocess=0.0ms, perspective=0.0ms, detect=1.1ms, postprocess=0.0ms, fuse+track=0.0ms
2026-05-22 19:34:48,629 | INFO | [perf frame=37500] preprocess=0.0ms, perspective=0.0ms, detect=1.1ms, postprocess=0.0ms, fuse+track=0.0ms
2026-05-22 19:34:49,073 | INFO | [perf frame=37600] preprocess=0.0ms, perspective=0.0ms, detect=1.1ms, postprocess=0.0ms, fuse+track=0.0ms
2026-05-22 19:34:49,517 | INFO | [perf frame=37700] preprocess=0.0ms, perspective=0.0ms, detect=1.1ms, postprocess=0.0ms, fuse+track=0.0ms
2026-05-22 19:34:49,949 | INFO | [perf frame=37800] preprocess=0.0ms, perspective=0.0ms, detect=1.0ms, postprocess=0.0ms, fuse+track=0.0ms
2026-05-22 19:34:50,383 | INFO | [perf frame=37900] preprocess=0.0ms, perspective=0.0ms, detect=1.1ms, postprocess=0.0ms, fuse+track=0.0ms
2026-05-22 19:34:50,820 | INFO | [perf frame=38000] preprocess=0.0ms, perspective=0.0ms, detect=1.1ms, postprocess=0.0ms, fuse+track=0.0ms
2026-05-22 19:34:51,257 | INFO | [perf frame=38100] preprocess=0.0ms, perspective=0.0ms, detect=1.1ms, postprocess=0.0ms, fuse+track=0.0ms
2026-05-22 19:34:51,680 | INFO | [perf frame=38200] preprocess=0.0ms, perspective=0.0ms, detect=1.0ms, postprocess=0.0ms, fuse+track=0.0ms
2026-05-22 19:34:52,117 | INFO | [perf frame=38300] preprocess=0.0ms, perspective=0.0ms, detect=1.1ms, postprocess=0.0ms, fuse+track=0.0ms
2026-05-22 19:34:52,565 | INFO | [perf frame=38400] preprocess=0.0ms, perspective=0.0ms, detect=1.1ms, postprocess=0.0ms, fuse+track=0.0ms
2026-05-22 19:34:52,995 | INFO | [perf frame=38500] preprocess=0.0ms, perspective=0.0ms, detect=1.1ms, postprocess=0.0ms, fuse+track=0.0ms
2026-05-22 19:34:53,439 | INFO | [perf frame=38600] preprocess=0.0ms, perspective=0.0ms, detect=1.1ms, postprocess=0.0ms, fuse+track=0.0ms
2026-05-22 19:34:53,840 | INFO | [perf frame=38700] preprocess=0.0ms, perspective=0.0ms, detect=0.8ms, postprocess=0.0ms, fuse+track=0.0ms
2026-05-22 19:34:54,297 | INFO | [perf frame=38800] preprocess=0.0ms, perspective=0.0ms, detect=1.1ms, postprocess=0.0ms, fuse+track=0.0ms
2026-05-22 19:34:54,726 | INFO | [perf frame=38900] preprocess=0.0ms, perspective=0.0ms, detect=1.0ms, postprocess=0.0ms, fuse+track=0.0ms
2026-05-22 19:34:55,174 | INFO | [perf frame=39000] preprocess=0.0ms, perspective=0.0ms, detect=0.9ms, postprocess=0.0ms, fuse+track=0.0ms
2026-05-22 19:34:55,589 | INFO | [perf frame=39100] preprocess=0.0ms, perspective=0.0ms, detect=0.9ms, postprocess=0.0ms, fuse+track=0.0ms
2026-05-22 19:34:56,013 | INFO | [perf frame=39200] preprocess=0.0ms, perspective=0.0ms, detect=0.8ms, postprocess=0.0ms, fuse+track=0.0ms
2026-05-22 19:34:56,455 | INFO | [perf frame=39300] preprocess=0.0ms, perspective=0.0ms, detect=1.0ms, postprocess=0.0ms, fuse+track=0.0ms
2026-05-22 19:34:56,888 | INFO | [perf frame=39400] preprocess=0.0ms, perspective=0.0ms, detect=1.1ms, postprocess=0.0ms, fuse+track=0.0ms
2026-05-22 19:34:57,323 | INFO | [perf frame=39500] preprocess=0.0ms, perspective=0.0ms, detect=1.1ms, postprocess=0.0ms, fuse+track=0.0ms
2026-05-22 19:34:57,753 | INFO | [perf frame=39600] preprocess=0.0ms, perspective=0.0ms, detect=1.1ms, postprocess=0.0ms, fuse+track=0.0ms
2026-05-22 19:34:58,195 | INFO | [perf frame=39700] preprocess=0.0ms, perspective=0.0ms, detect=1.1ms, postprocess=0.0ms, fuse+track=0.0ms
2026-05-22 19:34:58,640 | INFO | [perf frame=39800] preprocess=0.0ms, perspective=0.0ms, detect=1.1ms, postprocess=0.0ms, fuse+track=0.0ms
2026-05-22 19:34:59,079 | INFO | [perf frame=39900] preprocess=0.0ms, perspective=0.0ms, detect=1.0ms, postprocess=0.0ms, fuse+track=0.0ms
2026-05-22 19:34:59,488 | INFO | [perf frame=40000] preprocess=0.0ms, perspective=0.0ms, detect=0.9ms, postprocess=0.0ms, fuse+track=0.0ms
2026-05-22 19:34:59,935 | INFO | [perf frame=40100] preprocess=0.0ms, perspective=0.0ms, detect=1.1ms, postprocess=0.0ms, fuse+track=0.0ms
2026-05-22 19:35:00,401 | INFO | [perf frame=40200] preprocess=0.0ms, perspective=0.0ms, detect=1.3ms, postprocess=0.0ms, fuse+track=0.0ms
2026-05-22 19:35:00,857 | INFO | [perf frame=40300] preprocess=0.0ms, perspective=0.0ms, detect=1.1ms, postprocess=0.0ms, fuse+track=0.0ms
2026-05-22 19:35:01,280 | INFO | [perf frame=40400] preprocess=0.0ms, perspective=0.0ms, detect=0.9ms, postprocess=0.0ms, fuse+track=0.0ms
2026-05-22 19:35:01,715 | INFO | [perf frame=40500] preprocess=0.0ms, perspective=0.0ms, detect=1.1ms, postprocess=0.0ms, fuse+track=0.0ms
2026-05-22 19:35:02,138 | INFO | [perf frame=40600] preprocess=0.0ms, perspective=0.0ms, detect=1.0ms, postprocess=0.0ms, fuse+track=0.0ms
2026-05-22 19:35:02,543 | INFO | [perf frame=40700] preprocess=0.0ms, perspective=0.0ms, detect=0.8ms, postprocess=0.0ms, fuse+track=0.0ms
2026-05-22 19:35:02,975 | INFO | [perf frame=40800] preprocess=0.0ms, perspective=0.0ms, detect=1.1ms, postprocess=0.0ms, fuse+track=0.0ms
2026-05-22 19:35:03,432 | INFO | [perf frame=40900] preprocess=0.0ms, perspective=0.0ms, detect=1.2ms, postprocess=0.0ms, fuse+track=0.0ms
2026-05-22 19:35:03,848 | INFO | [perf frame=41000] preprocess=0.0ms, perspective=0.0ms, detect=1.0ms, postprocess=0.0ms, fuse+track=0.0ms
2026-05-22 19:35:04,290 | INFO | [perf frame=41100] preprocess=0.0ms, perspective=0.0ms, detect=1.2ms, postprocess=0.0ms, fuse+track=0.0ms
2026-05-22 19:35:04,742 | INFO | [perf frame=41200] preprocess=0.0ms, perspective=0.0ms, detect=1.2ms, postprocess=0.0ms, fuse+track=0.0ms
2026-05-22 19:35:05,187 | INFO | [perf frame=41300] preprocess=0.0ms, perspective=0.0ms, detect=1.0ms, postprocess=0.0ms, fuse+track=0.0ms
2026-05-22 19:35:05,600 | INFO | [perf frame=41400] preprocess=0.0ms, perspective=0.0ms, detect=0.9ms, postprocess=0.0ms, fuse+track=0.0ms
2026-05-22 19:35:06,057 | INFO | [perf frame=41500] preprocess=0.0ms, perspective=0.0ms, detect=1.2ms, postprocess=0.0ms, fuse+track=0.0ms
2026-05-22 19:35:06,504 | INFO | [perf frame=41600] preprocess=0.0ms, perspective=0.0ms, detect=1.1ms, postprocess=0.0ms, fuse+track=0.0ms
2026-05-22 19:35:06,908 | INFO | [perf frame=41700] preprocess=0.0ms, perspective=0.0ms, detect=0.8ms, postprocess=0.0ms, fuse+track=0.0ms
2026-05-22 19:35:07,301 | INFO | [perf frame=41800] preprocess=0.0ms, perspective=0.0ms, detect=0.8ms, postprocess=0.0ms, fuse+track=0.0ms
2026-05-22 19:35:07,740 | INFO | [perf frame=41900] preprocess=0.0ms, perspective=0.0ms, detect=1.0ms, postprocess=0.0ms, fuse+track=0.0ms
2026-05-22 19:35:08,194 | INFO | [perf frame=42000] preprocess=0.0ms, perspective=0.0ms, detect=1.2ms, postprocess=0.0ms, fuse+track=0.0ms
2026-05-22 19:35:08,629 | INFO | [perf frame=42100] preprocess=0.0ms, perspective=0.0ms, detect=1.1ms, postprocess=0.0ms, fuse+track=0.0ms
2026-05-22 19:35:09,048 | INFO | [perf frame=42200] preprocess=0.0ms, perspective=0.0ms, detect=1.0ms, postprocess=0.0ms, fuse+track=0.0ms
2026-05-22 19:35:09,497 | INFO | [perf frame=42300] preprocess=0.0ms, perspective=0.0ms, detect=1.2ms, postprocess=0.0ms, fuse+track=0.0ms
2026-05-22 19:35:09,953 | INFO | [perf frame=42400] preprocess=0.0ms, perspective=0.0ms, detect=1.1ms, postprocess=0.0ms, fuse+track=0.0ms
2026-05-22 19:35:10,381 | INFO | [perf frame=42500] preprocess=0.0ms, perspective=0.0ms, detect=1.1ms, postprocess=0.0ms, fuse+track=0.0ms
2026-05-22 19:35:10,836 | INFO | [perf frame=42600] preprocess=0.0ms, perspective=0.0ms, detect=1.0ms, postprocess=0.0ms, fuse+track=0.0ms
2026-05-22 19:35:11,287 | INFO | [perf frame=42700] preprocess=0.0ms, perspective=0.0ms, detect=1.0ms, postprocess=0.0ms, fuse+track=0.0ms
2026-05-22 19:35:11,733 | INFO | [perf frame=42800] preprocess=0.0ms, perspective=0.0ms, detect=1.0ms, postprocess=0.0ms, fuse+track=0.0ms
2026-05-22 19:35:12,140 | INFO | [perf frame=42900] preprocess=0.0ms, perspective=0.0ms, detect=0.8ms, postprocess=0.0ms, fuse+track=0.0ms
2026-05-22 19:35:12,566 | INFO | [perf frame=43000] preprocess=0.0ms, perspective=0.0ms, detect=0.9ms, postprocess=0.0ms, fuse+track=0.0ms
2026-05-22 19:35:13,004 | INFO | [perf frame=43100] preprocess=0.0ms, perspective=0.0ms, detect=1.0ms, postprocess=0.0ms, fuse+track=0.0ms
2026-05-22 19:35:13,416 | INFO | [perf frame=43200] preprocess=0.0ms, perspective=0.0ms, detect=0.9ms, postprocess=0.0ms, fuse+track=0.0ms
2026-05-22 19:35:13,843 | INFO | [perf frame=43300] preprocess=0.0ms, perspective=0.0ms, detect=1.0ms, postprocess=0.0ms, fuse+track=0.0ms
2026-05-22 19:35:14,281 | INFO | [perf frame=43400] preprocess=0.0ms, perspective=0.0ms, detect=1.1ms, postprocess=0.0ms, fuse+track=0.0ms
2026-05-22 19:35:14,726 | INFO | [perf frame=43500] preprocess=0.0ms, perspective=0.0ms, detect=1.1ms, postprocess=0.0ms, fuse+track=0.0ms
2026-05-22 19:35:15,133 | INFO | [perf frame=43600] preprocess=0.0ms, perspective=0.0ms, detect=0.8ms, postprocess=0.0ms, fuse+track=0.0ms
2026-05-22 19:35:15,520 | INFO | [perf frame=43700] preprocess=0.0ms, perspective=0.0ms, detect=0.8ms, postprocess=0.0ms, fuse+track=0.0ms
2026-05-22 19:35:15,912 | INFO | [perf frame=43800] preprocess=0.0ms, perspective=0.0ms, detect=0.8ms, postprocess=0.0ms, fuse+track=0.0ms
2026-05-22 19:35:16,316 | INFO | [perf frame=43900] preprocess=0.0ms, perspective=0.0ms, detect=0.8ms, postprocess=0.0ms, fuse+track=0.0ms
2026-05-22 19:35:16,709 | INFO | [perf frame=44000] preprocess=0.0ms, perspective=0.0ms, detect=0.8ms, postprocess=0.0ms, fuse+track=0.0ms
2026-05-22 19:35:17,110 | INFO | [perf frame=44100] preprocess=0.0ms, perspective=0.0ms, detect=0.8ms, postprocess=0.0ms, fuse+track=0.0ms
2026-05-22 19:35:17,525 | INFO | [perf frame=44200] preprocess=0.0ms, perspective=0.0ms, detect=1.0ms, postprocess=0.0ms, fuse+track=0.0ms
2026-05-22 19:35:17,964 | INFO | [perf frame=44300] preprocess=0.0ms, perspective=0.0ms, detect=1.1ms, postprocess=0.0ms, fuse+track=0.0ms
2026-05-22 19:35:18,392 | INFO | [perf frame=44400] preprocess=0.0ms, perspective=0.0ms, detect=1.1ms, postprocess=0.0ms, fuse+track=0.0ms
2026-05-22 19:35:18,802 | INFO | [perf frame=44500] preprocess=0.0ms, perspective=0.0ms, detect=0.8ms, postprocess=0.0ms, fuse+track=0.0ms
2026-05-22 19:35:19,199 | INFO | [perf frame=44600] preprocess=0.0ms, perspective=0.0ms, detect=0.8ms, postprocess=0.0ms, fuse+track=0.0ms
2026-05-22 19:35:19,605 | INFO | [perf frame=44700] preprocess=0.0ms, perspective=0.0ms, detect=0.8ms, postprocess=0.0ms, fuse+track=0.0ms
2026-05-22 19:35:20,015 | INFO | [perf frame=44800] preprocess=0.0ms, perspective=0.0ms, detect=0.9ms, postprocess=0.0ms, fuse+track=0.0ms
2026-05-22 19:35:20,411 | INFO | [perf frame=44900] preprocess=0.0ms, perspective=0.0ms, detect=0.8ms, postprocess=0.0ms, fuse+track=0.0ms
2026-05-22 19:35:20,801 | INFO | [perf frame=45000] preprocess=0.0ms, perspective=0.0ms, detect=0.8ms, postprocess=0.0ms, fuse+track=0.0ms
2026-05-22 19:35:21,213 | INFO | [perf frame=45100] preprocess=0.0ms, perspective=0.0ms, detect=0.9ms, postprocess=0.0ms, fuse+track=0.0ms
2026-05-22 19:35:21,630 | INFO | [perf frame=45200] preprocess=0.0ms, perspective=0.0ms, detect=0.9ms, postprocess=0.0ms, fuse+track=0.0ms
2026-05-22 19:35:22,041 | INFO | [perf frame=45300] preprocess=0.0ms, perspective=0.0ms, detect=0.9ms, postprocess=0.0ms, fuse+track=0.0ms
2026-05-22 19:35:22,452 | INFO | [perf frame=45400] preprocess=0.0ms, perspective=0.0ms, detect=0.9ms, postprocess=0.0ms, fuse+track=0.0ms
2026-05-22 19:35:22,868 | INFO | [perf frame=45500] preprocess=0.0ms, perspective=0.0ms, detect=0.9ms, postprocess=0.0ms, fuse+track=0.0ms
2026-05-22 19:35:23,332 | INFO | [perf frame=45600] preprocess=0.0ms, perspective=0.0ms, detect=1.0ms, postprocess=0.0ms, fuse+track=0.0ms
2026-05-22 19:35:23,768 | INFO | [perf frame=45700] preprocess=0.0ms, perspective=0.0ms, detect=1.0ms, postprocess=0.0ms, fuse+track=0.0ms
2026-05-22 19:35:24,189 | INFO | [perf frame=45800] preprocess=0.0ms, perspective=0.0ms, detect=1.0ms, postprocess=0.0ms, fuse+track=0.0ms
2026-05-22 19:35:24,613 | INFO | [perf frame=45900] preprocess=0.0ms, perspective=0.0ms, detect=0.9ms, postprocess=0.0ms, fuse+track=0.0ms
2026-05-22 19:35:25,032 | INFO | [perf frame=46000] preprocess=0.0ms, perspective=0.0ms, detect=0.9ms, postprocess=0.0ms, fuse+track=0.0ms
2026-05-22 19:35:25,462 | INFO | [perf frame=46100] preprocess=0.0ms, perspective=0.0ms, detect=1.0ms, postprocess=0.0ms, fuse+track=0.0ms
2026-05-22 19:35:25,866 | INFO | [perf frame=46200] preprocess=0.0ms, perspective=0.0ms, detect=0.9ms, postprocess=0.0ms, fuse+track=0.0ms
2026-05-22 19:35:26,292 | INFO | [perf frame=46300] preprocess=0.0ms, perspective=0.0ms, detect=0.9ms, postprocess=0.0ms, fuse+track=0.0ms
2026-05-22 19:35:26,707 | INFO | [perf frame=46400] preprocess=0.0ms, perspective=0.0ms, detect=0.9ms, postprocess=0.0ms, fuse+track=0.0ms
2026-05-22 19:35:27,126 | INFO | [perf frame=46500] preprocess=0.0ms, perspective=0.0ms, detect=1.0ms, postprocess=0.0ms, fuse+track=0.0ms
2026-05-22 19:35:27,533 | INFO | [perf frame=46600] preprocess=0.0ms, perspective=0.0ms, detect=0.9ms, postprocess=0.0ms, fuse+track=0.0ms
2026-05-22 19:35:27,937 | INFO | [perf frame=46700] preprocess=0.0ms, perspective=0.0ms, detect=0.9ms, postprocess=0.0ms, fuse+track=0.0ms
2026-05-22 19:35:28,338 | INFO | [perf frame=46800] preprocess=0.0ms, perspective=0.0ms, detect=0.9ms, postprocess=0.0ms, fuse+track=0.0ms
2026-05-22 19:35:28,739 | INFO | [perf frame=46900] preprocess=0.0ms, perspective=0.0ms, detect=0.9ms, postprocess=0.0ms, fuse+track=0.0ms
2026-05-22 19:35:29,133 | INFO | [perf frame=47000] preprocess=0.0ms, perspective=0.0ms, detect=0.8ms, postprocess=0.0ms, fuse+track=0.0ms
2026-05-22 19:35:29,510 | INFO | [perf frame=47100] preprocess=0.0ms, perspective=0.0ms, detect=0.7ms, postprocess=0.0ms, fuse+track=0.0ms
2026-05-22 19:35:29,902 | INFO | [perf frame=47200] preprocess=0.0ms, perspective=0.0ms, detect=0.8ms, postprocess=0.0ms, fuse+track=0.0ms
2026-05-22 19:35:30,313 | INFO | [perf frame=47300] preprocess=0.0ms, perspective=0.0ms, detect=0.9ms, postprocess=0.0ms, fuse+track=0.0ms
2026-05-22 19:35:30,723 | INFO | [perf frame=47400] preprocess=0.0ms, perspective=0.0ms, detect=0.9ms, postprocess=0.0ms, fuse+track=0.0ms
2026-05-22 19:35:31,152 | INFO | [perf frame=47500] preprocess=0.0ms, perspective=0.0ms, detect=1.0ms, postprocess=0.0ms, fuse+track=0.0ms
2026-05-22 19:35:31,552 | INFO | [perf frame=47600] preprocess=0.0ms, perspective=0.0ms, detect=0.8ms, postprocess=0.0ms, fuse+track=0.0ms
2026-05-22 19:35:31,943 | INFO | [perf frame=47700] preprocess=0.0ms, perspective=0.0ms, detect=0.8ms, postprocess=0.0ms, fuse+track=0.0ms
2026-05-22 19:35:32,351 | INFO | [perf frame=47800] preprocess=0.0ms, perspective=0.0ms, detect=0.9ms, postprocess=0.0ms, fuse+track=0.0ms
2026-05-22 19:35:32,739 | INFO | [perf frame=47900] preprocess=0.0ms, perspective=0.0ms, detect=0.8ms, postprocess=0.0ms, fuse+track=0.0ms
2026-05-22 19:35:33,141 | INFO | [perf frame=48000] preprocess=0.0ms, perspective=0.0ms, detect=0.9ms, postprocess=0.0ms, fuse+track=0.0ms
2026-05-22 19:35:33,562 | INFO | [perf frame=48100] preprocess=0.0ms, perspective=0.0ms, detect=0.9ms, postprocess=0.0ms, fuse+track=0.0ms
2026-05-22 19:35:33,953 | INFO | [perf frame=48200] preprocess=0.0ms, perspective=0.0ms, detect=0.8ms, postprocess=0.0ms, fuse+track=0.0ms
2026-05-22 19:35:34,353 | INFO | [perf frame=48300] preprocess=0.0ms, perspective=0.0ms, detect=0.9ms, postprocess=0.0ms, fuse+track=0.0ms
2026-05-22 19:35:34,762 | INFO | [perf frame=48400] preprocess=0.0ms, perspective=0.0ms, detect=0.8ms, postprocess=0.0ms, fuse+track=0.0ms
2026-05-22 19:35:35,162 | INFO | [perf frame=48500] preprocess=0.0ms, perspective=0.0ms, detect=0.8ms, postprocess=0.0ms, fuse+track=0.0ms
2026-05-22 19:35:35,556 | INFO | [perf frame=48600] preprocess=0.0ms, perspective=0.0ms, detect=0.8ms, postprocess=0.0ms, fuse+track=0.0ms
2026-05-22 19:35:35,977 | INFO | [perf frame=48700] preprocess=0.0ms, perspective=0.0ms, detect=1.0ms, postprocess=0.0ms, fuse+track=0.0ms
2026-05-22 19:35:36,426 | INFO | [perf frame=48800] preprocess=0.0ms, perspective=0.0ms, detect=1.2ms, postprocess=0.0ms, fuse+track=0.0ms
2026-05-22 19:35:36,870 | INFO | [perf frame=48900] preprocess=0.0ms, perspective=0.0ms, detect=1.2ms, postprocess=0.0ms, fuse+track=0.0ms
2026-05-22 19:35:37,313 | INFO | [perf frame=49000] preprocess=0.0ms, perspective=0.0ms, detect=1.1ms, postprocess=0.0ms, fuse+track=0.0ms
2026-05-22 19:35:37,766 | INFO | [perf frame=49100] preprocess=0.0ms, perspective=0.0ms, detect=1.2ms, postprocess=0.0ms, fuse+track=0.0ms
2026-05-22 19:35:38,214 | INFO | [perf frame=49200] preprocess=0.0ms, perspective=0.0ms, detect=1.2ms, postprocess=0.0ms, fuse+track=0.0ms
2026-05-22 19:35:38,672 | INFO | [perf frame=49300] preprocess=0.0ms, perspective=0.0ms, detect=1.2ms, postprocess=0.0ms, fuse+track=0.0ms
2026-05-22 19:35:39,109 | INFO | [perf frame=49400] preprocess=0.0ms, perspective=0.0ms, detect=1.1ms, postprocess=0.0ms, fuse+track=0.0ms
2026-05-22 19:35:39,558 | INFO | [perf frame=49500] preprocess=0.0ms, perspective=0.0ms, detect=1.1ms, postprocess=0.0ms, fuse+track=0.0ms
2026-05-22 19:35:39,986 | INFO | [perf frame=49600] preprocess=0.0ms, perspective=0.0ms, detect=1.0ms, postprocess=0.0ms, fuse+track=0.0ms
2026-05-22 19:35:40,412 | INFO | [perf frame=49700] preprocess=0.0ms, perspective=0.0ms, detect=1.1ms, postprocess=0.0ms, fuse+track=0.0ms
2026-05-22 19:35:40,853 | INFO | [perf frame=49800] preprocess=0.0ms, perspective=0.0ms, detect=1.1ms, postprocess=0.0ms, fuse+track=0.0ms
2026-05-22 19:35:41,285 | INFO | [perf frame=49900] preprocess=0.0ms, perspective=0.0ms, detect=1.0ms, postprocess=0.0ms, fuse+track=0.0ms
2026-05-22 19:35:41,722 | INFO | [perf frame=50000] preprocess=0.0ms, perspective=0.0ms, detect=1.1ms, postprocess=0.0ms, fuse+track=0.0ms
2026-05-22 19:35:42,157 | INFO | [perf frame=50100] preprocess=0.0ms, perspective=0.0ms, detect=1.1ms, postprocess=0.0ms, fuse+track=0.0ms
2026-05-22 19:35:42,609 | INFO | [perf frame=50200] preprocess=0.0ms, perspective=0.0ms, detect=1.2ms, postprocess=0.0ms, fuse+track=0.0ms
2026-05-22 19:35:43,054 | INFO | [perf frame=50300] preprocess=0.0ms, perspective=0.0ms, detect=1.2ms, postprocess=0.0ms, fuse+track=0.0ms
2026-05-22 19:35:43,486 | INFO | [perf frame=50400] preprocess=0.0ms, perspective=0.0ms, detect=1.1ms, postprocess=0.0ms, fuse+track=0.0ms
2026-05-22 19:35:43,904 | INFO | [perf frame=50500] preprocess=0.0ms, perspective=0.0ms, detect=1.0ms, postprocess=0.0ms, fuse+track=0.0ms
2026-05-22 19:35:44,335 | INFO | [perf frame=50600] preprocess=0.0ms, perspective=0.0ms, detect=1.1ms, postprocess=0.0ms, fuse+track=0.0ms
2026-05-22 19:35:44,780 | INFO | [perf frame=50700] preprocess=0.0ms, perspective=0.0ms, detect=1.2ms, postprocess=0.0ms, fuse+track=0.0ms
2026-05-22 19:35:45,225 | INFO | [perf frame=50800] preprocess=0.0ms, perspective=0.0ms, detect=1.2ms, postprocess=0.0ms, fuse+track=0.0ms
2026-05-22 19:35:45,662 | INFO | [perf frame=50900] preprocess=0.0ms, perspective=0.0ms, detect=1.1ms, postprocess=0.0ms, fuse+track=0.0ms
2026-05-22 19:35:46,097 | INFO | [perf frame=51000] preprocess=0.0ms, perspective=0.0ms, detect=1.1ms, postprocess=0.0ms, fuse+track=0.0ms
2026-05-22 19:35:46,536 | INFO | [perf frame=51100] preprocess=0.0ms, perspective=0.0ms, detect=1.1ms, postprocess=0.0ms, fuse+track=0.0ms
2026-05-22 19:35:46,982 | INFO | [perf frame=51200] preprocess=0.0ms, perspective=0.0ms, detect=1.1ms, postprocess=0.0ms, fuse+track=0.0ms
2026-05-22 19:35:47,420 | INFO | [perf frame=51300] preprocess=0.0ms, perspective=0.0ms, detect=1.1ms, postprocess=0.0ms, fuse+track=0.0ms
2026-05-22 19:35:47,861 | INFO | [perf frame=51400] preprocess=0.0ms, perspective=0.0ms, detect=1.1ms, postprocess=0.0ms, fuse+track=0.0ms
2026-05-22 19:35:48,295 | INFO | [perf frame=51500] preprocess=0.0ms, perspective=0.0ms, detect=1.1ms, postprocess=0.0ms, fuse+track=0.0ms
2026-05-22 19:35:48,738 | INFO | [perf frame=51600] preprocess=0.0ms, perspective=0.0ms, detect=1.1ms, postprocess=0.0ms, fuse+track=0.0ms
2026-05-22 19:35:49,171 | INFO | [perf frame=51700] preprocess=0.0ms, perspective=0.0ms, detect=1.1ms, postprocess=0.0ms, fuse+track=0.0ms
2026-05-22 19:35:49,585 | INFO | [perf frame=51800] preprocess=0.0ms, perspective=0.0ms, detect=1.0ms, postprocess=0.0ms, fuse+track=0.0ms
2026-05-22 19:35:50,026 | INFO | [perf frame=51900] preprocess=0.0ms, perspective=0.0ms, detect=1.2ms, postprocess=0.0ms, fuse+track=0.0ms
2026-05-22 19:35:50,453 | INFO | [perf frame=52000] preprocess=0.0ms, perspective=0.0ms, detect=1.1ms, postprocess=0.0ms, fuse+track=0.0ms
2026-05-22 19:35:50,899 | INFO | [perf frame=52100] preprocess=0.0ms, perspective=0.0ms, detect=1.2ms, postprocess=0.0ms, fuse+track=0.0ms
2026-05-22 19:35:51,342 | INFO | [perf frame=52200] preprocess=0.0ms, perspective=0.0ms, detect=1.1ms, postprocess=0.0ms, fuse+track=0.0ms
2026-05-22 19:35:51,787 | INFO | [perf frame=52300] preprocess=0.0ms, perspective=0.0ms, detect=1.1ms, postprocess=0.0ms, fuse+track=0.0ms
2026-05-22 19:35:52,215 | INFO | [perf frame=52400] preprocess=0.0ms, perspective=0.0ms, detect=1.0ms, postprocess=0.0ms, fuse+track=0.0ms
2026-05-22 19:35:52,656 | INFO | [perf frame=52500] preprocess=0.0ms, perspective=0.0ms, detect=1.1ms, postprocess=0.0ms, fuse+track=0.0ms
2026-05-22 19:35:53,089 | INFO | [perf frame=52600] preprocess=0.0ms, perspective=0.0ms, detect=1.1ms, postprocess=0.0ms, fuse+track=0.0ms
2026-05-22 19:35:53,540 | INFO | [perf frame=52700] preprocess=0.0ms, perspective=0.0ms, detect=1.2ms, postprocess=0.0ms, fuse+track=0.0ms
2026-05-22 19:35:53,982 | INFO | [perf frame=52800] preprocess=0.0ms, perspective=0.0ms, detect=1.2ms, postprocess=0.0ms, fuse+track=0.0ms
2026-05-22 19:35:54,421 | INFO | [perf frame=52900] preprocess=0.0ms, perspective=0.0ms, detect=1.1ms, postprocess=0.0ms, fuse+track=0.0ms
2026-05-22 19:35:54,872 | INFO | [perf frame=53000] preprocess=0.0ms, perspective=0.0ms, detect=1.2ms, postprocess=0.0ms, fuse+track=0.0ms
2026-05-22 19:35:55,320 | INFO | [perf frame=53100] preprocess=0.0ms, perspective=0.0ms, detect=1.2ms, postprocess=0.0ms, fuse+track=0.0ms
2026-05-22 19:35:55,755 | INFO | [perf frame=53200] preprocess=0.0ms, perspective=0.0ms, detect=1.1ms, postprocess=0.0ms, fuse+track=0.0ms
2026-05-22 19:35:56,198 | INFO | [perf frame=53300] preprocess=0.0ms, perspective=0.0ms, detect=1.1ms, postprocess=0.0ms, fuse+track=0.0ms
2026-05-22 19:35:56,626 | INFO | [perf frame=53400] preprocess=0.0ms, perspective=0.0ms, detect=1.1ms, postprocess=0.0ms, fuse+track=0.0ms
2026-05-22 19:35:57,054 | INFO | [perf frame=53500] preprocess=0.0ms, perspective=0.0ms, detect=1.1ms, postprocess=0.0ms, fuse+track=0.0ms
2026-05-22 19:35:57,469 | INFO | [perf frame=53600] preprocess=0.0ms, perspective=0.0ms, detect=1.0ms, postprocess=0.0ms, fuse+track=0.0ms
2026-05-22 19:35:57,897 | INFO | [perf frame=53700] preprocess=0.0ms, perspective=0.0ms, detect=1.1ms, postprocess=0.0ms, fuse+track=0.0ms
2026-05-22 19:35:58,335 | INFO | [perf frame=53800] preprocess=0.0ms, perspective=0.0ms, detect=1.1ms, postprocess=0.0ms, fuse+track=0.0ms
2026-05-22 19:35:58,769 | INFO | [perf frame=53900] preprocess=0.0ms, perspective=0.0ms, detect=1.1ms, postprocess=0.0ms, fuse+track=0.0ms
2026-05-22 19:35:59,223 | INFO | [perf frame=54000] preprocess=0.0ms, perspective=0.0ms, detect=1.2ms, postprocess=0.0ms, fuse+track=0.0ms
2026-05-22 19:35:59,670 | INFO | [perf frame=54100] preprocess=0.0ms, perspective=0.0ms, detect=1.1ms, postprocess=0.0ms, fuse+track=0.0ms
2026-05-22 19:36:00,098 | INFO | [perf frame=54200] preprocess=0.0ms, perspective=0.0ms, detect=1.1ms, postprocess=0.0ms, fuse+track=0.0ms
2026-05-22 19:36:00,528 | INFO | [perf frame=54300] preprocess=0.0ms, perspective=0.0ms, detect=1.1ms, postprocess=0.0ms, fuse+track=0.0ms
2026-05-22 19:36:00,962 | INFO | [perf frame=54400] preprocess=0.0ms, perspective=0.0ms, detect=1.1ms, postprocess=0.0ms, fuse+track=0.0ms
2026-05-22 19:36:01,354 | INFO | [perf frame=54500] preprocess=0.0ms, perspective=0.0ms, detect=0.8ms, postprocess=0.0ms, fuse+track=0.0ms
2026-05-22 19:36:01,738 | INFO | [perf frame=54600] preprocess=0.0ms, perspective=0.0ms, detect=0.8ms, postprocess=0.0ms, fuse+track=0.0ms
2026-05-22 19:36:02,149 | INFO | [perf frame=54700] preprocess=0.0ms, perspective=0.0ms, detect=0.7ms, postprocess=0.0ms, fuse+track=0.0ms
2026-05-22 19:36:02,553 | INFO | [perf frame=54800] preprocess=0.0ms, perspective=0.0ms, detect=0.8ms, postprocess=0.0ms, fuse+track=0.0ms
2026-05-22 19:36:02,946 | INFO | [perf frame=54900] preprocess=0.0ms, perspective=0.0ms, detect=0.8ms, postprocess=0.0ms, fuse+track=0.0ms
2026-05-22 19:36:03,347 | INFO | [perf frame=55000] preprocess=0.0ms, perspective=0.0ms, detect=0.8ms, postprocess=0.0ms, fuse+track=0.0ms
2026-05-22 19:36:03,741 | INFO | [perf frame=55100] preprocess=0.0ms, perspective=0.0ms, detect=0.8ms, postprocess=0.0ms, fuse+track=0.0ms
2026-05-22 19:36:04,142 | INFO | [perf frame=55200] preprocess=0.0ms, perspective=0.0ms, detect=0.8ms, postprocess=0.0ms, fuse+track=0.0ms
2026-05-22 19:36:04,526 | INFO | [perf frame=55300] preprocess=0.0ms, perspective=0.0ms, detect=0.8ms, postprocess=0.0ms, fuse+track=0.0ms
2026-05-22 19:36:04,933 | INFO | [perf frame=55400] preprocess=0.0ms, perspective=0.0ms, detect=0.9ms, postprocess=0.0ms, fuse+track=0.0ms
2026-05-22 19:36:05,340 | INFO | [perf frame=55500] preprocess=0.0ms, perspective=0.0ms, detect=0.8ms, postprocess=0.0ms, fuse+track=0.0ms
2026-05-22 19:36:05,745 | INFO | [perf frame=55600] preprocess=0.0ms, perspective=0.0ms, detect=0.9ms, postprocess=0.0ms, fuse+track=0.0ms
2026-05-22 19:36:06,127 | INFO | [perf frame=55700] preprocess=0.0ms, perspective=0.0ms, detect=0.8ms, postprocess=0.0ms, fuse+track=0.0ms
2026-05-22 19:36:06,548 | INFO | [perf frame=55800] preprocess=0.0ms, perspective=0.0ms, detect=1.0ms, postprocess=0.0ms, fuse+track=0.0ms
2026-05-22 19:36:06,985 | INFO | [perf frame=55900] preprocess=0.0ms, perspective=0.0ms, detect=0.9ms, postprocess=0.0ms, fuse+track=0.0ms
2026-05-22 19:36:07,427 | INFO | [perf frame=56000] preprocess=0.0ms, perspective=0.0ms, detect=1.1ms, postprocess=0.0ms, fuse+track=0.0ms
2026-05-22 19:36:07,855 | INFO | [perf frame=56100] preprocess=0.0ms, perspective=0.0ms, detect=1.1ms, postprocess=0.0ms, fuse+track=0.0ms
2026-05-22 19:36:08,299 | INFO | [perf frame=56200] preprocess=0.0ms, perspective=0.0ms, detect=1.1ms, postprocess=0.0ms, fuse+track=0.0ms
2026-05-22 19:36:08,733 | INFO | [perf frame=56300] preprocess=0.0ms, perspective=0.0ms, detect=1.1ms, postprocess=0.0ms, fuse+track=0.0ms
2026-05-22 19:36:09,176 | INFO | [perf frame=56400] preprocess=0.0ms, perspective=0.0ms, detect=1.1ms, postprocess=0.0ms, fuse+track=0.0ms
2026-05-22 19:36:09,616 | INFO | [perf frame=56500] preprocess=0.0ms, perspective=0.0ms, detect=1.1ms, postprocess=0.0ms, fuse+track=0.0ms
2026-05-22 19:36:10,060 | INFO | [perf frame=56600] preprocess=0.0ms, perspective=0.0ms, detect=1.1ms, postprocess=0.0ms, fuse+track=0.0ms
2026-05-22 19:36:10,485 | INFO | [perf frame=56700] preprocess=0.0ms, perspective=0.0ms, detect=1.1ms, postprocess=0.0ms, fuse+track=0.0ms
2026-05-22 19:36:10,916 | INFO | [perf frame=56800] preprocess=0.0ms, perspective=0.0ms, detect=1.1ms, postprocess=0.0ms, fuse+track=0.0ms
2026-05-22 19:36:11,346 | INFO | [perf frame=56900] preprocess=0.0ms, perspective=0.0ms, detect=1.1ms, postprocess=0.0ms, fuse+track=0.0ms
2026-05-22 19:36:11,778 | INFO | [perf frame=57000] preprocess=0.0ms, perspective=0.0ms, detect=1.1ms, postprocess=0.0ms, fuse+track=0.0ms
2026-05-22 19:36:12,212 | INFO | [perf frame=57100] preprocess=0.0ms, perspective=0.0ms, detect=1.1ms, postprocess=0.0ms, fuse+track=0.0ms
2026-05-22 19:36:12,646 | INFO | [perf frame=57200] preprocess=0.0ms, perspective=0.0ms, detect=1.1ms, postprocess=0.0ms, fuse+track=0.0ms
2026-05-22 19:36:13,088 | INFO | [perf frame=57300] preprocess=0.0ms, perspective=0.0ms, detect=1.1ms, postprocess=0.0ms, fuse+track=0.0ms
2026-05-22 19:36:13,530 | INFO | [perf frame=57400] preprocess=0.0ms, perspective=0.0ms, detect=1.2ms, postprocess=0.0ms, fuse+track=0.0ms
2026-05-22 19:36:13,964 | INFO | [perf frame=57500] preprocess=0.0ms, perspective=0.0ms, detect=1.1ms, postprocess=0.0ms, fuse+track=0.0ms
2026-05-22 19:36:14,399 | INFO | [perf frame=57600] preprocess=0.0ms, perspective=0.0ms, detect=1.0ms, postprocess=0.0ms, fuse+track=0.0ms
2026-05-22 19:36:14,860 | INFO | [perf frame=57700] preprocess=0.0ms, perspective=0.0ms, detect=1.2ms, postprocess=0.0ms, fuse+track=0.0ms
2026-05-22 19:36:15,292 | INFO | [perf frame=57800] preprocess=0.0ms, perspective=0.0ms, detect=1.1ms, postprocess=0.0ms, fuse+track=0.0ms
2026-05-22 19:36:15,729 | INFO | [perf frame=57900] preprocess=0.0ms, perspective=0.0ms, detect=1.1ms, postprocess=0.0ms, fuse+track=0.0ms
2026-05-22 19:36:16,181 | INFO | [perf frame=58000] preprocess=0.0ms, perspective=0.0ms, detect=1.2ms, postprocess=0.0ms, fuse+track=0.0ms
2026-05-22 19:36:16,627 | INFO | [perf frame=58100] preprocess=0.0ms, perspective=0.0ms, detect=1.1ms, postprocess=0.0ms, fuse+track=0.0ms
2026-05-22 19:36:17,062 | INFO | [perf frame=58200] preprocess=0.0ms, perspective=0.0ms, detect=1.1ms, postprocess=0.0ms, fuse+track=0.0ms
2026-05-22 19:36:17,497 | INFO | [perf frame=58300] preprocess=0.0ms, perspective=0.0ms, detect=1.1ms, postprocess=0.0ms, fuse+track=0.0ms
2026-05-22 19:36:17,931 | INFO | [perf frame=58400] preprocess=0.0ms, perspective=0.0ms, detect=1.1ms, postprocess=0.0ms, fuse+track=0.0ms
2026-05-22 19:36:18,377 | INFO | [perf frame=58500] preprocess=0.0ms, perspective=0.0ms, detect=1.2ms, postprocess=0.0ms, fuse+track=0.0ms
2026-05-22 19:36:18,827 | INFO | [perf frame=58600] preprocess=0.0ms, perspective=0.0ms, detect=1.1ms, postprocess=0.0ms, fuse+track=0.0ms
2026-05-22 19:36:19,257 | INFO | [perf frame=58700] preprocess=0.0ms, perspective=0.0ms, detect=1.1ms, postprocess=0.0ms, fuse+track=0.0ms
2026-05-22 19:36:19,693 | INFO | [perf frame=58800] preprocess=0.0ms, perspective=0.0ms, detect=1.1ms, postprocess=0.0ms, fuse+track=0.0ms
2026-05-22 19:36:20,111 | INFO | [perf frame=58900] preprocess=0.0ms, perspective=0.0ms, detect=1.0ms, postprocess=0.0ms, fuse+track=0.0ms
2026-05-22 19:36:20,567 | INFO | [perf frame=59000] preprocess=0.0ms, perspective=0.0ms, detect=1.2ms, postprocess=0.0ms, fuse+track=0.0ms
2026-05-22 19:36:21,000 | INFO | [perf frame=59100] preprocess=0.0ms, perspective=0.0ms, detect=1.1ms, postprocess=0.0ms, fuse+track=0.0ms
2026-05-22 19:36:21,441 | INFO | [perf frame=59200] preprocess=0.0ms, perspective=0.0ms, detect=1.1ms, postprocess=0.0ms, fuse+track=0.0ms
2026-05-22 19:36:21,877 | INFO | [perf frame=59300] preprocess=0.0ms, perspective=0.0ms, detect=1.1ms, postprocess=0.0ms, fuse+track=0.0ms
2026-05-22 19:36:22,319 | INFO | [perf frame=59400] preprocess=0.0ms, perspective=0.0ms, detect=1.1ms, postprocess=0.0ms, fuse+track=0.0ms
2026-05-22 19:36:22,743 | INFO | [perf frame=59500] preprocess=0.0ms, perspective=0.0ms, detect=1.0ms, postprocess=0.0ms, fuse+track=0.0ms
2026-05-22 19:36:23,178 | INFO | [perf frame=59600] preprocess=0.0ms, perspective=0.0ms, detect=1.1ms, postprocess=0.0ms, fuse+track=0.0ms
2026-05-22 19:36:23,616 | INFO | [perf frame=59700] preprocess=0.0ms, perspective=0.0ms, detect=1.1ms, postprocess=0.0ms, fuse+track=0.0ms
2026-05-22 19:36:24,059 | INFO | [perf frame=59800] preprocess=0.0ms, perspective=0.0ms, detect=1.1ms, postprocess=0.0ms, fuse+track=0.0ms
2026-05-22 19:36:24,492 | INFO | [perf frame=59900] preprocess=0.0ms, perspective=0.0ms, detect=1.1ms, postprocess=0.0ms, fuse+track=0.0ms
2026-05-22 19:36:24,922 | INFO | [perf frame=60000] preprocess=0.0ms, perspective=0.0ms, detect=1.0ms, postprocess=0.0ms, fuse+track=0.0ms
2026-05-22 19:36:25,387 | INFO | [perf frame=60100] preprocess=0.0ms, perspective=0.0ms, detect=1.3ms, postprocess=0.0ms, fuse+track=0.0ms
2026-05-22 19:36:25,828 | INFO | [perf frame=60200] preprocess=0.0ms, perspective=0.0ms, detect=1.1ms, postprocess=0.0ms, fuse+track=0.0ms
2026-05-22 19:36:26,281 | INFO | [perf frame=60300] preprocess=0.0ms, perspective=0.0ms, detect=1.2ms, postprocess=0.0ms, fuse+track=0.0ms
2026-05-22 19:36:26,722 | INFO | [perf frame=60400] preprocess=0.0ms, perspective=0.0ms, detect=1.1ms, postprocess=0.0ms, fuse+track=0.0ms
2026-05-22 19:36:27,151 | INFO | [perf frame=60500] preprocess=0.0ms, perspective=0.0ms, detect=1.1ms, postprocess=0.0ms, fuse+track=0.0ms
2026-05-22 19:36:27,581 | INFO | [perf frame=60600] preprocess=0.0ms, perspective=0.0ms, detect=1.1ms, postprocess=0.0ms, fuse+track=0.0ms
2026-05-22 19:36:28,015 | INFO | [perf frame=60700] preprocess=0.0ms, perspective=0.0ms, detect=1.1ms, postprocess=0.0ms, fuse+track=0.0ms
2026-05-22 19:36:28,441 | INFO | [perf frame=60800] preprocess=0.0ms, perspective=0.0ms, detect=1.1ms, postprocess=0.0ms, fuse+track=0.0ms
2026-05-22 19:36:28,896 | INFO | [perf frame=60900] preprocess=0.0ms, perspective=0.0ms, detect=1.2ms, postprocess=0.0ms, fuse+track=0.0ms
2026-05-22 19:36:29,335 | INFO | [perf frame=61000] preprocess=0.0ms, perspective=0.0ms, detect=1.1ms, postprocess=0.0ms, fuse+track=0.0ms
2026-05-22 19:36:29,782 | INFO | [perf frame=61100] preprocess=0.0ms, perspective=0.0ms, detect=1.1ms, postprocess=0.0ms, fuse+track=0.0ms
2026-05-22 19:36:30,208 | INFO | [perf frame=61200] preprocess=0.0ms, perspective=0.0ms, detect=1.0ms, postprocess=0.0ms, fuse+track=0.0ms
2026-05-22 19:36:30,633 | INFO | [perf frame=61300] preprocess=0.0ms, perspective=0.0ms, detect=1.1ms, postprocess=0.0ms, fuse+track=0.0ms
2026-05-22 19:36:31,059 | INFO | [perf frame=61400] preprocess=0.0ms, perspective=0.0ms, detect=1.0ms, postprocess=0.0ms, fuse+track=0.0ms
2026-05-22 19:36:31,507 | INFO | [perf frame=61500] preprocess=0.0ms, perspective=0.0ms, detect=1.1ms, postprocess=0.0ms, fuse+track=0.0ms
2026-05-22 19:36:31,949 | INFO | [perf frame=61600] preprocess=0.0ms, perspective=0.0ms, detect=1.1ms, postprocess=0.0ms, fuse+track=0.0ms
2026-05-22 19:36:32,403 | INFO | [perf frame=61700] preprocess=0.0ms, perspective=0.0ms, detect=1.2ms, postprocess=0.0ms, fuse+track=0.0ms
2026-05-22 19:36:32,853 | INFO | [perf frame=61800] preprocess=0.0ms, perspective=0.0ms, detect=1.2ms, postprocess=0.0ms, fuse+track=0.0ms
2026-05-22 19:36:33,282 | INFO | [perf frame=61900] preprocess=0.0ms, perspective=0.0ms, detect=1.1ms, postprocess=0.0ms, fuse+track=0.0ms
2026-05-22 19:36:33,726 | INFO | [perf frame=62000] preprocess=0.0ms, perspective=0.0ms, detect=1.2ms, postprocess=0.0ms, fuse+track=0.0ms
2026-05-22 19:36:34,163 | INFO | [perf frame=62100] preprocess=0.0ms, perspective=0.0ms, detect=1.1ms, postprocess=0.0ms, fuse+track=0.0ms
2026-05-22 19:36:34,599 | INFO | [perf frame=62200] preprocess=0.0ms, perspective=0.0ms, detect=1.1ms, postprocess=0.0ms, fuse+track=0.0ms
2026-05-22 19:36:35,056 | INFO | [perf frame=62300] preprocess=0.0ms, perspective=0.0ms, detect=1.1ms, postprocess=0.0ms, fuse+track=0.0ms
2026-05-22 19:36:35,556 | INFO | [perf frame=62400] preprocess=0.0ms, perspective=0.0ms, detect=1.0ms, postprocess=0.0ms, fuse+track=0.1ms
2026-05-22 19:36:36,073 | INFO | [perf frame=62500] preprocess=0.0ms, perspective=0.0ms, detect=1.1ms, postprocess=0.0ms, fuse+track=0.1ms
2026-05-22 19:36:36,582 | INFO | [perf frame=62600] preprocess=0.0ms, perspective=0.0ms, detect=1.0ms, postprocess=0.0ms, fuse+track=0.1ms
2026-05-22 19:36:37,098 | INFO | [perf frame=62700] preprocess=0.0ms, perspective=0.0ms, detect=1.0ms, postprocess=0.0ms, fuse+track=0.1ms
2026-05-22 19:36:37,610 | INFO | [perf frame=62800] preprocess=0.0ms, perspective=0.0ms, detect=1.1ms, postprocess=0.0ms, fuse+track=0.1ms
2026-05-22 19:36:38,058 | INFO | [perf frame=62900] preprocess=0.0ms, perspective=0.0ms, detect=1.2ms, postprocess=0.0ms, fuse+track=0.0ms
2026-05-22 19:36:38,502 | INFO | [perf frame=63000] preprocess=0.0ms, perspective=0.0ms, detect=1.1ms, postprocess=0.0ms, fuse+track=0.0ms
2026-05-22 19:36:38,957 | INFO | [perf frame=63100] preprocess=0.0ms, perspective=0.0ms, detect=1.2ms, postprocess=0.0ms, fuse+track=0.0ms
2026-05-22 19:36:39,383 | INFO | [perf frame=63200] preprocess=0.0ms, perspective=0.0ms, detect=1.1ms, postprocess=0.0ms, fuse+track=0.0ms
2026-05-22 19:36:39,825 | INFO | [perf frame=63300] preprocess=0.0ms, perspective=0.0ms, detect=1.2ms, postprocess=0.0ms, fuse+track=0.0ms
2026-05-22 19:36:40,263 | INFO | [perf frame=63400] preprocess=0.0ms, perspective=0.0ms, detect=1.1ms, postprocess=0.0ms, fuse+track=0.0ms
2026-05-22 19:36:40,704 | INFO | [perf frame=63500] preprocess=0.0ms, perspective=0.0ms, detect=1.1ms, postprocess=0.0ms, fuse+track=0.0ms
2026-05-22 19:36:41,152 | INFO | [perf frame=63600] preprocess=0.0ms, perspective=0.0ms, detect=1.2ms, postprocess=0.0ms, fuse+track=0.0ms
2026-05-22 19:36:41,591 | INFO | [perf frame=63700] preprocess=0.0ms, perspective=0.0ms, detect=1.1ms, postprocess=0.0ms, fuse+track=0.0ms
2026-05-22 19:36:42,038 | INFO | [perf frame=63800] preprocess=0.0ms, perspective=0.0ms, detect=1.1ms, postprocess=0.0ms, fuse+track=0.0ms
2026-05-22 19:36:42,481 | INFO | [perf frame=63900] preprocess=0.0ms, perspective=0.0ms, detect=1.2ms, postprocess=0.0ms, fuse+track=0.0ms
2026-05-22 19:36:42,912 | INFO | [perf frame=64000] preprocess=0.0ms, perspective=0.0ms, detect=1.1ms, postprocess=0.0ms, fuse+track=0.0ms
2026-05-22 19:36:43,340 | INFO | [perf frame=64100] preprocess=0.0ms, perspective=0.0ms, detect=1.1ms, postprocess=0.0ms, fuse+track=0.0ms
2026-05-22 19:36:43,765 | INFO | [perf frame=64200] preprocess=0.0ms, perspective=0.0ms, detect=1.1ms, postprocess=0.0ms, fuse+track=0.0ms
2026-05-22 19:36:44,193 | INFO | [perf frame=64300] preprocess=0.0ms, perspective=0.0ms, detect=1.0ms, postprocess=0.0ms, fuse+track=0.0ms
2026-05-22 19:36:44,646 | INFO | [perf frame=64400] preprocess=0.0ms, perspective=0.0ms, detect=1.2ms, postprocess=0.0ms, fuse+track=0.0ms
2026-05-22 19:36:45,076 | INFO | [perf frame=64500] preprocess=0.0ms, perspective=0.0ms, detect=1.1ms, postprocess=0.0ms, fuse+track=0.0ms
2026-05-22 19:36:45,512 | INFO | [perf frame=64600] preprocess=0.0ms, perspective=0.0ms, detect=1.1ms, postprocess=0.0ms, fuse+track=0.0ms
2026-05-22 19:36:45,935 | INFO | [perf frame=64700] preprocess=0.0ms, perspective=0.0ms, detect=1.1ms, postprocess=0.0ms, fuse+track=0.0ms
2026-05-22 19:36:46,349 | INFO | [perf frame=64800] preprocess=0.0ms, perspective=0.0ms, detect=1.0ms, postprocess=0.0ms, fuse+track=0.0ms
2026-05-22 19:36:46,790 | INFO | [perf frame=64900] preprocess=0.0ms, perspective=0.0ms, detect=1.1ms, postprocess=0.0ms, fuse+track=0.0ms
2026-05-22 19:36:47,229 | INFO | [perf frame=65000] preprocess=0.0ms, perspective=0.0ms, detect=1.1ms, postprocess=0.0ms, fuse+track=0.0ms
2026-05-22 19:36:47,658 | INFO | [perf frame=65100] preprocess=0.0ms, perspective=0.0ms, detect=1.1ms, postprocess=0.0ms, fuse+track=0.0ms
2026-05-22 19:36:48,093 | INFO | [perf frame=65200] preprocess=0.0ms, perspective=0.0ms, detect=1.0ms, postprocess=0.0ms, fuse+track=0.0ms
2026-05-22 19:36:48,537 | INFO | [perf frame=65300] preprocess=0.0ms, perspective=0.0ms, detect=1.1ms, postprocess=0.0ms, fuse+track=0.0ms
2026-05-22 19:36:48,963 | INFO | [perf frame=65400] preprocess=0.0ms, perspective=0.0ms, detect=0.9ms, postprocess=0.0ms, fuse+track=0.0ms
2026-05-22 19:36:49,415 | INFO | [perf frame=65500] preprocess=0.0ms, perspective=0.0ms, detect=1.0ms, postprocess=0.0ms, fuse+track=0.0ms
2026-05-22 19:36:49,839 | INFO | [perf frame=65600] preprocess=0.0ms, perspective=0.0ms, detect=1.0ms, postprocess=0.0ms, fuse+track=0.0ms
2026-05-22 19:36:50,280 | INFO | [perf frame=65700] preprocess=0.0ms, perspective=0.0ms, detect=1.1ms, postprocess=0.0ms, fuse+track=0.0ms
2026-05-22 19:36:50,731 | INFO | [perf frame=65800] preprocess=0.0ms, perspective=0.0ms, detect=1.2ms, postprocess=0.0ms, fuse+track=0.0ms
2026-05-22 19:36:51,174 | INFO | [perf frame=65900] preprocess=0.0ms, perspective=0.0ms, detect=1.1ms, postprocess=0.0ms, fuse+track=0.0ms
2026-05-22 19:36:51,597 | INFO | [perf frame=66000] preprocess=0.0ms, perspective=0.0ms, detect=1.0ms, postprocess=0.0ms, fuse+track=0.0ms
2026-05-22 19:36:52,034 | INFO | [perf frame=66100] preprocess=0.0ms, perspective=0.0ms, detect=1.1ms, postprocess=0.0ms, fuse+track=0.0ms
2026-05-22 19:36:52,462 | INFO | [perf frame=66200] preprocess=0.0ms, perspective=0.0ms, detect=1.1ms, postprocess=0.0ms, fuse+track=0.0ms
2026-05-22 19:36:52,898 | INFO | [perf frame=66300] preprocess=0.0ms, perspective=0.0ms, detect=1.1ms, postprocess=0.0ms, fuse+track=0.0ms
2026-05-22 19:36:53,333 | INFO | [perf frame=66400] preprocess=0.0ms, perspective=0.0ms, detect=1.1ms, postprocess=0.0ms, fuse+track=0.0ms
2026-05-22 19:36:53,789 | INFO | [perf frame=66500] preprocess=0.0ms, perspective=0.0ms, detect=1.2ms, postprocess=0.0ms, fuse+track=0.0ms
2026-05-22 19:36:54,218 | INFO | [perf frame=66600] preprocess=0.0ms, perspective=0.0ms, detect=1.0ms, postprocess=0.0ms, fuse+track=0.0ms
2026-05-22 19:36:54,659 | INFO | [perf frame=66700] preprocess=0.0ms, perspective=0.0ms, detect=1.1ms, postprocess=0.0ms, fuse+track=0.0ms
2026-05-22 19:36:55,087 | INFO | [perf frame=66800] preprocess=0.0ms, perspective=0.0ms, detect=1.1ms, postprocess=0.0ms, fuse+track=0.0ms
2026-05-22 19:36:55,512 | INFO | [perf frame=66900] preprocess=0.0ms, perspective=0.0ms, detect=1.0ms, postprocess=0.0ms, fuse+track=0.0ms
2026-05-22 19:36:55,946 | INFO | [perf frame=67000] preprocess=0.0ms, perspective=0.0ms, detect=1.1ms, postprocess=0.0ms, fuse+track=0.0ms
2026-05-22 19:36:56,390 | INFO | [perf frame=67100] preprocess=0.0ms, perspective=0.0ms, detect=1.2ms, postprocess=0.0ms, fuse+track=0.0ms
2026-05-22 19:36:56,830 | INFO | [perf frame=67200] preprocess=0.0ms, perspective=0.0ms, detect=1.1ms, postprocess=0.0ms, fuse+track=0.0ms
2026-05-22 19:36:57,265 | INFO | [perf frame=67300] preprocess=0.0ms, perspective=0.0ms, detect=1.1ms, postprocess=0.0ms, fuse+track=0.0ms
2026-05-22 19:36:57,697 | INFO | [perf frame=67400] preprocess=0.0ms, perspective=0.0ms, detect=1.0ms, postprocess=0.0ms, fuse+track=0.0ms
2026-05-22 19:36:58,112 | INFO | [perf frame=67500] preprocess=0.0ms, perspective=0.0ms, detect=0.9ms, postprocess=0.0ms, fuse+track=0.0ms
2026-05-22 19:36:58,536 | INFO | [perf frame=67600] preprocess=0.0ms, perspective=0.0ms, detect=0.9ms, postprocess=0.0ms, fuse+track=0.0ms
2026-05-22 19:36:58,960 | INFO | [perf frame=67700] preprocess=0.0ms, perspective=0.0ms, detect=1.0ms, postprocess=0.0ms, fuse+track=0.0ms
2026-05-22 19:36:59,380 | INFO | [perf frame=67800] preprocess=0.0ms, perspective=0.0ms, detect=1.0ms, postprocess=0.0ms, fuse+track=0.0ms
2026-05-22 19:36:59,800 | INFO | [perf frame=67900] preprocess=0.0ms, perspective=0.0ms, detect=1.0ms, postprocess=0.0ms, fuse+track=0.0ms
2026-05-22 19:37:00,234 | INFO | [perf frame=68000] preprocess=0.0ms, perspective=0.0ms, detect=1.0ms, postprocess=0.0ms, fuse+track=0.0ms
2026-05-22 19:37:00,655 | INFO | [perf frame=68100] preprocess=0.0ms, perspective=0.0ms, detect=1.0ms, postprocess=0.0ms, fuse+track=0.0ms
2026-05-22 19:37:01,086 | INFO | [perf frame=68200] preprocess=0.0ms, perspective=0.0ms, detect=1.0ms, postprocess=0.0ms, fuse+track=0.0ms
2026-05-22 19:37:01,501 | INFO | [perf frame=68300] preprocess=0.0ms, perspective=0.0ms, detect=1.0ms, postprocess=0.0ms, fuse+track=0.0ms
2026-05-22 19:37:01,927 | INFO | [perf frame=68400] preprocess=0.0ms, perspective=0.0ms, detect=1.0ms, postprocess=0.0ms, fuse+track=0.0ms
2026-05-22 19:37:02,358 | INFO | [perf frame=68500] preprocess=0.0ms, perspective=0.0ms, detect=1.0ms, postprocess=0.0ms, fuse+track=0.0ms
2026-05-22 19:37:02,782 | INFO | [perf frame=68600] preprocess=0.0ms, perspective=0.0ms, detect=1.0ms, postprocess=0.0ms, fuse+track=0.0ms
2026-05-22 19:37:03,217 | INFO | [perf frame=68700] preprocess=0.0ms, perspective=0.0ms, detect=1.1ms, postprocess=0.0ms, fuse+track=0.0ms
2026-05-22 19:37:03,642 | INFO | [perf frame=68800] preprocess=0.0ms, perspective=0.0ms, detect=1.0ms, postprocess=0.0ms, fuse+track=0.0ms
2026-05-22 19:37:04,071 | INFO | [perf frame=68900] preprocess=0.0ms, perspective=0.0ms, detect=1.1ms, postprocess=0.0ms, fuse+track=0.0ms
2026-05-22 19:37:04,499 | INFO | [perf frame=69000] preprocess=0.0ms, perspective=0.0ms, detect=1.0ms, postprocess=0.0ms, fuse+track=0.0ms
2026-05-22 19:37:04,919 | INFO | [perf frame=69100] preprocess=0.0ms, perspective=0.0ms, detect=1.0ms, postprocess=0.0ms, fuse+track=0.0ms
2026-05-22 19:37:05,355 | INFO | [perf frame=69200] preprocess=0.0ms, perspective=0.0ms, detect=1.1ms, postprocess=0.0ms, fuse+track=0.0ms
2026-05-22 19:37:05,780 | INFO | [perf frame=69300] preprocess=0.0ms, perspective=0.0ms, detect=1.0ms, postprocess=0.0ms, fuse+track=0.0ms
2026-05-22 19:37:06,208 | INFO | [perf frame=69400] preprocess=0.0ms, perspective=0.0ms, detect=1.0ms, postprocess=0.0ms, fuse+track=0.0ms
2026-05-22 19:37:06,625 | INFO | [perf frame=69500] preprocess=0.0ms, perspective=0.0ms, detect=1.0ms, postprocess=0.0ms, fuse+track=0.0ms
2026-05-22 19:37:07,056 | INFO | [perf frame=69600] preprocess=0.0ms, perspective=0.0ms, detect=1.0ms, postprocess=0.0ms, fuse+track=0.0ms
2026-05-22 19:37:07,499 | INFO | [perf frame=69700] preprocess=0.0ms, perspective=0.0ms, detect=1.1ms, postprocess=0.0ms, fuse+track=0.0ms
2026-05-22 19:37:07,923 | INFO | [perf frame=69800] preprocess=0.0ms, perspective=0.0ms, detect=1.0ms, postprocess=0.0ms, fuse+track=0.0ms
2026-05-22 19:37:08,346 | INFO | [perf frame=69900] preprocess=0.0ms, perspective=0.0ms, detect=1.0ms, postprocess=0.0ms, fuse+track=0.0ms
2026-05-22 19:37:08,793 | INFO | [perf frame=70000] preprocess=0.0ms, perspective=0.0ms, detect=1.1ms, postprocess=0.0ms, fuse+track=0.0ms
2026-05-22 19:37:09,212 | INFO | [perf frame=70100] preprocess=0.0ms, perspective=0.0ms, detect=1.0ms, postprocess=0.0ms, fuse+track=0.0ms
2026-05-22 19:37:09,656 | INFO | [perf frame=70200] preprocess=0.0ms, perspective=0.0ms, detect=1.1ms, postprocess=0.0ms, fuse+track=0.0ms
2026-05-22 19:37:10,097 | INFO | [perf frame=70300] preprocess=0.0ms, perspective=0.0ms, detect=1.1ms, postprocess=0.0ms, fuse+track=0.0ms
2026-05-22 19:37:10,539 | INFO | [perf frame=70400] preprocess=0.0ms, perspective=0.0ms, detect=1.1ms, postprocess=0.0ms, fuse+track=0.0ms
2026-05-22 19:37:10,955 | INFO | [perf frame=70500] preprocess=0.0ms, perspective=0.0ms, detect=1.0ms, postprocess=0.0ms, fuse+track=0.0ms
2026-05-22 19:37:11,377 | INFO | [perf frame=70600] preprocess=0.0ms, perspective=0.0ms, detect=1.0ms, postprocess=0.0ms, fuse+track=0.0ms
2026-05-22 19:37:11,808 | INFO | [perf frame=70700] preprocess=0.0ms, perspective=0.0ms, detect=1.1ms, postprocess=0.0ms, fuse+track=0.0ms
2026-05-22 19:37:12,238 | INFO | [perf frame=70800] preprocess=0.0ms, perspective=0.0ms, detect=1.0ms, postprocess=0.0ms, fuse+track=0.0ms
2026-05-22 19:37:12,666 | INFO | [perf frame=70900] preprocess=0.0ms, perspective=0.0ms, detect=1.0ms, postprocess=0.0ms, fuse+track=0.0ms
2026-05-22 19:37:13,097 | INFO | [perf frame=71000] preprocess=0.0ms, perspective=0.0ms, detect=1.0ms, postprocess=0.0ms, fuse+track=0.0ms
2026-05-22 19:37:13,521 | INFO | [perf frame=71100] preprocess=0.0ms, perspective=0.0ms, detect=1.0ms, postprocess=0.0ms, fuse+track=0.0ms
2026-05-22 19:37:13,948 | INFO | [perf frame=71200] preprocess=0.0ms, perspective=0.0ms, detect=1.0ms, postprocess=0.0ms, fuse+track=0.0ms
2026-05-22 19:37:14,379 | INFO | [perf frame=71300] preprocess=0.0ms, perspective=0.0ms, detect=1.1ms, postprocess=0.0ms, fuse+track=0.0ms
2026-05-22 19:37:14,805 | INFO | [perf frame=71400] preprocess=0.0ms, perspective=0.0ms, detect=1.0ms, postprocess=0.0ms, fuse+track=0.0ms
2026-05-22 19:37:15,230 | INFO | [perf frame=71500] preprocess=0.0ms, perspective=0.0ms, detect=1.0ms, postprocess=0.0ms, fuse+track=0.0ms
2026-05-22 19:37:15,660 | INFO | [perf frame=71600] preprocess=0.0ms, perspective=0.0ms, detect=1.0ms, postprocess=0.0ms, fuse+track=0.0ms
2026-05-22 19:37:16,088 | INFO | [perf frame=71700] preprocess=0.0ms, perspective=0.0ms, detect=1.0ms, postprocess=0.0ms, fuse+track=0.0ms
2026-05-22 19:37:16,514 | INFO | [perf frame=71800] preprocess=0.0ms, perspective=0.0ms, detect=1.0ms, postprocess=0.0ms, fuse+track=0.0ms
2026-05-22 19:37:16,938 | INFO | [perf frame=71900] preprocess=0.0ms, perspective=0.0ms, detect=1.0ms, postprocess=0.0ms, fuse+track=0.0ms
2026-05-22 19:37:17,363 | INFO | [perf frame=72000] preprocess=0.0ms, perspective=0.0ms, detect=1.0ms, postprocess=0.0ms, fuse+track=0.0ms
2026-05-22 19:37:17,788 | INFO | [perf frame=72100] preprocess=0.0ms, perspective=0.0ms, detect=1.0ms, postprocess=0.0ms, fuse+track=0.0ms
2026-05-22 19:37:18,224 | INFO | [perf frame=72200] preprocess=0.0ms, perspective=0.0ms, detect=1.1ms, postprocess=0.0ms, fuse+track=0.0ms
2026-05-22 19:37:18,653 | INFO | [perf frame=72300] preprocess=0.0ms, perspective=0.0ms, detect=1.0ms, postprocess=0.0ms, fuse+track=0.0ms
2026-05-22 19:37:19,064 | INFO | [perf frame=72400] preprocess=0.0ms, perspective=0.0ms, detect=0.9ms, postprocess=0.0ms, fuse+track=0.0ms
2026-05-22 19:37:19,476 | INFO | [perf frame=72500] preprocess=0.0ms, perspective=0.0ms, detect=0.9ms, postprocess=0.0ms, fuse+track=0.0ms
2026-05-22 19:37:19,902 | INFO | [perf frame=72600] preprocess=0.0ms, perspective=0.0ms, detect=1.0ms, postprocess=0.0ms, fuse+track=0.0ms
2026-05-22 19:37:20,317 | INFO | [perf frame=72700] preprocess=0.0ms, perspective=0.0ms, detect=0.9ms, postprocess=0.0ms, fuse+track=0.0ms
2026-05-22 19:37:20,725 | INFO | [perf frame=72800] preprocess=0.0ms, perspective=0.0ms, detect=0.9ms, postprocess=0.0ms, fuse+track=0.0ms
2026-05-22 19:37:21,152 | INFO | [perf frame=72900] preprocess=0.0ms, perspective=0.0ms, detect=1.0ms, postprocess=0.0ms, fuse+track=0.0ms
2026-05-22 19:37:21,570 | INFO | [perf frame=73000] preprocess=0.0ms, perspective=0.0ms, detect=1.0ms, postprocess=0.0ms, fuse+track=0.0ms
2026-05-22 19:37:21,998 | INFO | [perf frame=73100] preprocess=0.0ms, perspective=0.0ms, detect=1.0ms, postprocess=0.0ms, fuse+track=0.0ms
2026-05-22 19:37:22,412 | INFO | [perf frame=73200] preprocess=0.0ms, perspective=0.0ms, detect=0.9ms, postprocess=0.0ms, fuse+track=0.0ms
2026-05-22 19:37:22,831 | INFO | [perf frame=73300] preprocess=0.0ms, perspective=0.0ms, detect=1.0ms, postprocess=0.0ms, fuse+track=0.0ms
2026-05-22 19:37:23,262 | INFO | [perf frame=73400] preprocess=0.0ms, perspective=0.0ms, detect=1.0ms, postprocess=0.0ms, fuse+track=0.0ms
2026-05-22 19:37:23,693 | INFO | [perf frame=73500] preprocess=0.0ms, perspective=0.0ms, detect=1.0ms, postprocess=0.0ms, fuse+track=0.0ms
2026-05-22 19:37:24,118 | INFO | [perf frame=73600] preprocess=0.0ms, perspective=0.0ms, detect=1.0ms, postprocess=0.0ms, fuse+track=0.0ms
2026-05-22 19:37:24,554 | INFO | [perf frame=73700] preprocess=0.0ms, perspective=0.0ms, detect=1.0ms, postprocess=0.0ms, fuse+track=0.0ms
2026-05-22 19:37:24,971 | INFO | [perf frame=73800] preprocess=0.0ms, perspective=0.0ms, detect=0.9ms, postprocess=0.0ms, fuse+track=0.0ms
2026-05-22 19:37:25,391 | INFO | [perf frame=73900] preprocess=0.0ms, perspective=0.0ms, detect=1.0ms, postprocess=0.0ms, fuse+track=0.0ms
2026-05-22 19:37:25,813 | INFO | [perf frame=74000] preprocess=0.0ms, perspective=0.0ms, detect=1.0ms, postprocess=0.0ms, fuse+track=0.0ms
2026-05-22 19:37:26,246 | INFO | [perf frame=74100] preprocess=0.0ms, perspective=0.0ms, detect=1.0ms, postprocess=0.0ms, fuse+track=0.0ms
2026-05-22 19:37:26,646 | INFO | [perf frame=74200] preprocess=0.0ms, perspective=0.0ms, detect=0.8ms, postprocess=0.0ms, fuse+track=0.0ms
2026-05-22 19:37:27,046 | INFO | [perf frame=74300] preprocess=0.0ms, perspective=0.0ms, detect=0.8ms, postprocess=0.0ms, fuse+track=0.0ms
2026-05-22 19:37:27,456 | INFO | [perf frame=74400] preprocess=0.0ms, perspective=0.0ms, detect=0.9ms, postprocess=0.0ms, fuse+track=0.0ms
2026-05-22 19:37:27,874 | INFO | [perf frame=74500] preprocess=0.0ms, perspective=0.0ms, detect=1.0ms, postprocess=0.0ms, fuse+track=0.0ms
2026-05-22 19:37:28,302 | INFO | [perf frame=74600] preprocess=0.0ms, perspective=0.0ms, detect=1.0ms, postprocess=0.0ms, fuse+track=0.0ms
2026-05-22 19:37:28,733 | INFO | [perf frame=74700] preprocess=0.0ms, perspective=0.0ms, detect=1.0ms, postprocess=0.0ms, fuse+track=0.0ms
2026-05-22 19:37:29,166 | INFO | [perf frame=74800] preprocess=0.0ms, perspective=0.0ms, detect=1.0ms, postprocess=0.0ms, fuse+track=0.0ms
2026-05-22 19:37:29,560 | INFO | [perf frame=74900] preprocess=0.0ms, perspective=0.0ms, detect=0.8ms, postprocess=0.0ms, fuse+track=0.0ms
2026-05-22 19:37:29,961 | INFO | [perf frame=75000] preprocess=0.0ms, perspective=0.0ms, detect=0.9ms, postprocess=0.0ms, fuse+track=0.0ms
2026-05-22 19:37:30,375 | INFO | [perf frame=75100] preprocess=0.0ms, perspective=0.0ms, detect=0.9ms, postprocess=0.0ms, fuse+track=0.0ms
2026-05-22 19:37:30,809 | INFO | [perf frame=75200] preprocess=0.0ms, perspective=0.0ms, detect=1.0ms, postprocess=0.0ms, fuse+track=0.0ms
2026-05-22 19:37:31,256 | INFO | [perf frame=75300] preprocess=0.0ms, perspective=0.0ms, detect=1.1ms, postprocess=0.0ms, fuse+track=0.0ms
2026-05-22 19:37:31,685 | INFO | [perf frame=75400] preprocess=0.0ms, perspective=0.0ms, detect=1.1ms, postprocess=0.0ms, fuse+track=0.0ms
2026-05-22 19:37:32,115 | INFO | [perf frame=75500] preprocess=0.0ms, perspective=0.0ms, detect=1.0ms, postprocess=0.0ms, fuse+track=0.0ms
2026-05-22 19:37:32,542 | INFO | [perf frame=75600] preprocess=0.0ms, perspective=0.0ms, detect=1.1ms, postprocess=0.0ms, fuse+track=0.0ms
2026-05-22 19:37:32,972 | INFO | [perf frame=75700] preprocess=0.0ms, perspective=0.0ms, detect=1.1ms, postprocess=0.0ms, fuse+track=0.0ms
2026-05-22 19:37:33,418 | INFO | [perf frame=75800] preprocess=0.0ms, perspective=0.0ms, detect=1.1ms, postprocess=0.0ms, fuse+track=0.0ms
2026-05-22 19:37:33,851 | INFO | [perf frame=75900] preprocess=0.0ms, perspective=0.0ms, detect=1.0ms, postprocess=0.0ms, fuse+track=0.0ms
2026-05-22 19:37:34,291 | INFO | [perf frame=76000] preprocess=0.0ms, perspective=0.0ms, detect=1.1ms, postprocess=0.0ms, fuse+track=0.0ms
2026-05-22 19:37:34,733 | INFO | [perf frame=76100] preprocess=0.0ms, perspective=0.0ms, detect=1.1ms, postprocess=0.0ms, fuse+track=0.0ms
2026-05-22 19:37:35,170 | INFO | [perf frame=76200] preprocess=0.0ms, perspective=0.0ms, detect=1.1ms, postprocess=0.0ms, fuse+track=0.0ms
2026-05-22 19:37:35,610 | INFO | [perf frame=76300] preprocess=0.0ms, perspective=0.0ms, detect=1.1ms, postprocess=0.0ms, fuse+track=0.0ms
2026-05-22 19:37:36,057 | INFO | [perf frame=76400] preprocess=0.0ms, perspective=0.0ms, detect=1.1ms, postprocess=0.0ms, fuse+track=0.0ms
2026-05-22 19:37:36,492 | INFO | [perf frame=76500] preprocess=0.0ms, perspective=0.0ms, detect=1.1ms, postprocess=0.0ms, fuse+track=0.0ms
2026-05-22 19:37:36,933 | INFO | [perf frame=76600] preprocess=0.0ms, perspective=0.0ms, detect=1.1ms, postprocess=0.0ms, fuse+track=0.0ms
2026-05-22 19:37:37,364 | INFO | [perf frame=76700] preprocess=0.0ms, perspective=0.0ms, detect=1.1ms, postprocess=0.0ms, fuse+track=0.0ms
2026-05-22 19:37:37,776 | INFO | [perf frame=76800] preprocess=0.0ms, perspective=0.0ms, detect=1.0ms, postprocess=0.0ms, fuse+track=0.0ms
2026-05-22 19:37:38,195 | INFO | [perf frame=76900] preprocess=0.0ms, perspective=0.0ms, detect=1.0ms, postprocess=0.0ms, fuse+track=0.0ms
2026-05-22 19:37:38,632 | INFO | [perf frame=77000] preprocess=0.0ms, perspective=0.0ms, detect=1.1ms, postprocess=0.0ms, fuse+track=0.0ms
2026-05-22 19:37:39,067 | INFO | [perf frame=77100] preprocess=0.0ms, perspective=0.0ms, detect=1.1ms, postprocess=0.0ms, fuse+track=0.0ms
2026-05-22 19:37:39,512 | INFO | [perf frame=77200] preprocess=0.0ms, perspective=0.0ms, detect=1.1ms, postprocess=0.0ms, fuse+track=0.0ms
2026-05-22 19:37:39,939 | INFO | [perf frame=77300] preprocess=0.0ms, perspective=0.0ms, detect=1.0ms, postprocess=0.0ms, fuse+track=0.0ms
2026-05-22 19:37:40,379 | INFO | [perf frame=77400] preprocess=0.0ms, perspective=0.0ms, detect=1.1ms, postprocess=0.0ms, fuse+track=0.0ms
2026-05-22 19:37:40,820 | INFO | [perf frame=77500] preprocess=0.0ms, perspective=0.0ms, detect=1.1ms, postprocess=0.0ms, fuse+track=0.0ms
2026-05-22 19:37:41,256 | INFO | [perf frame=77600] preprocess=0.0ms, perspective=0.0ms, detect=1.1ms, postprocess=0.0ms, fuse+track=0.0ms
2026-05-22 19:37:41,705 | INFO | [perf frame=77700] preprocess=0.0ms, perspective=0.0ms, detect=1.1ms, postprocess=0.0ms, fuse+track=0.0ms
2026-05-22 19:37:42,146 | INFO | [perf frame=77800] preprocess=0.0ms, perspective=0.0ms, detect=1.1ms, postprocess=0.0ms, fuse+track=0.0ms
2026-05-22 19:37:42,580 | INFO | [perf frame=77900] preprocess=0.0ms, perspective=0.0ms, detect=1.1ms, postprocess=0.0ms, fuse+track=0.0ms
2026-05-22 19:37:43,016 | INFO | [perf frame=78000] preprocess=0.0ms, perspective=0.0ms, detect=1.1ms, postprocess=0.0ms, fuse+track=0.0ms
2026-05-22 19:37:43,458 | INFO | [perf frame=78100] preprocess=0.0ms, perspective=0.0ms, detect=1.1ms, postprocess=0.0ms, fuse+track=0.0ms
2026-05-22 19:37:43,888 | INFO | [perf frame=78200] preprocess=0.0ms, perspective=0.0ms, detect=1.1ms, postprocess=0.0ms, fuse+track=0.0ms
2026-05-22 19:37:44,338 | INFO | [perf frame=78300] preprocess=0.0ms, perspective=0.0ms, detect=1.2ms, postprocess=0.0ms, fuse+track=0.0ms
2026-05-22 19:37:44,790 | INFO | [perf frame=78400] preprocess=0.0ms, perspective=0.0ms, detect=1.1ms, postprocess=0.0ms, fuse+track=0.0ms
2026-05-22 19:37:45,218 | INFO | [perf frame=78500] preprocess=0.0ms, perspective=0.0ms, detect=1.0ms, postprocess=0.0ms, fuse+track=0.0ms
2026-05-22 19:37:45,659 | INFO | [perf frame=78600] preprocess=0.0ms, perspective=0.0ms, detect=1.1ms, postprocess=0.0ms, fuse+track=0.0ms
2026-05-22 19:37:46,084 | INFO | [perf frame=78700] preprocess=0.0ms, perspective=0.0ms, detect=1.0ms, postprocess=0.0ms, fuse+track=0.0ms
2026-05-22 19:37:46,535 | INFO | [perf frame=78800] preprocess=0.0ms, perspective=0.0ms, detect=1.2ms, postprocess=0.0ms, fuse+track=0.0ms
2026-05-22 19:37:46,951 | INFO | [perf frame=78900] preprocess=0.0ms, perspective=0.0ms, detect=1.0ms, postprocess=0.0ms, fuse+track=0.0ms
2026-05-22 19:37:47,393 | INFO | [perf frame=79000] preprocess=0.0ms, perspective=0.0ms, detect=1.2ms, postprocess=0.0ms, fuse+track=0.0ms
2026-05-22 19:37:47,828 | INFO | [perf frame=79100] preprocess=0.0ms, perspective=0.0ms, detect=1.0ms, postprocess=0.0ms, fuse+track=0.0ms
2026-05-22 19:37:48,283 | INFO | [perf frame=79200] preprocess=0.0ms, perspective=0.0ms, detect=1.1ms, postprocess=0.0ms, fuse+track=0.0ms
2026-05-22 19:37:48,729 | INFO | [perf frame=79300] preprocess=0.0ms, perspective=0.0ms, detect=1.1ms, postprocess=0.0ms, fuse+track=0.0ms
2026-05-22 19:37:49,150 | INFO | [perf frame=79400] preprocess=0.0ms, perspective=0.0ms, detect=1.0ms, postprocess=0.0ms, fuse+track=0.0ms
2026-05-22 19:37:49,580 | INFO | [perf frame=79500] preprocess=0.0ms, perspective=0.0ms, detect=1.0ms, postprocess=0.0ms, fuse+track=0.0ms
2026-05-22 19:37:50,017 | INFO | [perf frame=79600] preprocess=0.0ms, perspective=0.0ms, detect=1.1ms, postprocess=0.0ms, fuse+track=0.0ms
2026-05-22 19:37:50,457 | INFO | [perf frame=79700] preprocess=0.0ms, perspective=0.0ms, detect=1.1ms, postprocess=0.0ms, fuse+track=0.0ms
2026-05-22 19:37:50,899 | INFO | [perf frame=79800] preprocess=0.0ms, perspective=0.0ms, detect=1.1ms, postprocess=0.0ms, fuse+track=0.0ms
2026-05-22 19:37:51,320 | INFO | [perf frame=79900] preprocess=0.0ms, perspective=0.0ms, detect=1.0ms, postprocess=0.0ms, fuse+track=0.0ms
2026-05-22 19:37:51,742 | INFO | [perf frame=80000] preprocess=0.0ms, perspective=0.0ms, detect=1.0ms, postprocess=0.0ms, fuse+track=0.0ms
2026-05-22 19:37:52,172 | INFO | [perf frame=80100] preprocess=0.0ms, perspective=0.0ms, detect=1.1ms, postprocess=0.0ms, fuse+track=0.0ms
2026-05-22 19:37:52,605 | INFO | [perf frame=80200] preprocess=0.0ms, perspective=0.0ms, detect=1.0ms, postprocess=0.0ms, fuse+track=0.0ms
2026-05-22 19:37:53,038 | INFO | [perf frame=80300] preprocess=0.0ms, perspective=0.0ms, detect=1.1ms, postprocess=0.0ms, fuse+track=0.0ms
2026-05-22 19:37:53,470 | INFO | [perf frame=80400] preprocess=0.0ms, perspective=0.0ms, detect=1.1ms, postprocess=0.0ms, fuse+track=0.0ms
2026-05-22 19:37:53,898 | INFO | [perf frame=80500] preprocess=0.0ms, perspective=0.0ms, detect=1.0ms, postprocess=0.0ms, fuse+track=0.0ms
2026-05-22 19:37:54,336 | INFO | [perf frame=80600] preprocess=0.0ms, perspective=0.0ms, detect=1.1ms, postprocess=0.0ms, fuse+track=0.0ms
2026-05-22 19:37:54,768 | INFO | [perf frame=80700] preprocess=0.0ms, perspective=0.0ms, detect=1.1ms, postprocess=0.0ms, fuse+track=0.0ms
2026-05-22 19:37:55,187 | INFO | [perf frame=80800] preprocess=0.0ms, perspective=0.0ms, detect=1.0ms, postprocess=0.0ms, fuse+track=0.0ms
2026-05-22 19:37:55,612 | INFO | [perf frame=80900] preprocess=0.0ms, perspective=0.0ms, detect=1.0ms, postprocess=0.0ms, fuse+track=0.0ms
2026-05-22 19:37:56,042 | INFO | [perf frame=81000] preprocess=0.0ms, perspective=0.0ms, detect=1.1ms, postprocess=0.0ms, fuse+track=0.0ms
2026-05-22 19:37:56,472 | INFO | [perf frame=81100] preprocess=0.0ms, perspective=0.0ms, detect=1.1ms, postprocess=0.0ms, fuse+track=0.0ms
2026-05-22 19:37:56,897 | INFO | [perf frame=81200] preprocess=0.0ms, perspective=0.0ms, detect=1.0ms, postprocess=0.0ms, fuse+track=0.0ms
2026-05-22 19:37:57,317 | INFO | [perf frame=81300] preprocess=0.0ms, perspective=0.0ms, detect=1.0ms, postprocess=0.0ms, fuse+track=0.0ms
2026-05-22 19:37:57,737 | INFO | [perf frame=81400] preprocess=0.0ms, perspective=0.0ms, detect=1.0ms, postprocess=0.0ms, fuse+track=0.0ms
2026-05-22 19:37:58,166 | INFO | [perf frame=81500] preprocess=0.0ms, perspective=0.0ms, detect=1.0ms, postprocess=0.0ms, fuse+track=0.0ms
2026-05-22 19:37:58,611 | INFO | [perf frame=81600] preprocess=0.0ms, perspective=0.0ms, detect=1.1ms, postprocess=0.0ms, fuse+track=0.0ms
2026-05-22 19:37:59,042 | INFO | [perf frame=81700] preprocess=0.0ms, perspective=0.0ms, detect=1.0ms, postprocess=0.0ms, fuse+track=0.0ms
2026-05-22 19:37:59,474 | INFO | [perf frame=81800] preprocess=0.0ms, perspective=0.0ms, detect=1.0ms, postprocess=0.0ms, fuse+track=0.0ms
2026-05-22 19:37:59,915 | INFO | [perf frame=81900] preprocess=0.0ms, perspective=0.0ms, detect=1.1ms, postprocess=0.0ms, fuse+track=0.0ms
2026-05-22 19:38:00,348 | INFO | [perf frame=82000] preprocess=0.0ms, perspective=0.0ms, detect=1.1ms, postprocess=0.0ms, fuse+track=0.0ms
2026-05-22 19:38:00,801 | INFO | [perf frame=82100] preprocess=0.0ms, perspective=0.0ms, detect=1.1ms, postprocess=0.0ms, fuse+track=0.0ms
2026-05-22 19:38:01,243 | INFO | [perf frame=82200] preprocess=0.0ms, perspective=0.0ms, detect=1.2ms, postprocess=0.0ms, fuse+track=0.0ms
2026-05-22 19:38:01,682 | INFO | [perf frame=82300] preprocess=0.0ms, perspective=0.0ms, detect=1.1ms, postprocess=0.0ms, fuse+track=0.0ms
2026-05-22 19:38:02,114 | INFO | [perf frame=82400] preprocess=0.0ms, perspective=0.0ms, detect=1.0ms, postprocess=0.0ms, fuse+track=0.0ms
2026-05-22 19:38:02,562 | INFO | [perf frame=82500] preprocess=0.0ms, perspective=0.0ms, detect=1.1ms, postprocess=0.0ms, fuse+track=0.0ms
2026-05-22 19:38:03,001 | INFO | [perf frame=82600] preprocess=0.0ms, perspective=0.0ms, detect=1.1ms, postprocess=0.0ms, fuse+track=0.0ms
2026-05-22 19:38:03,428 | INFO | [perf frame=82700] preprocess=0.0ms, perspective=0.0ms, detect=0.9ms, postprocess=0.0ms, fuse+track=0.0ms
2026-05-22 19:38:03,861 | INFO | [perf frame=82800] preprocess=0.0ms, perspective=0.0ms, detect=1.0ms, postprocess=0.0ms, fuse+track=0.0ms
2026-05-22 19:38:04,275 | INFO | [perf frame=82900] preprocess=0.0ms, perspective=0.0ms, detect=0.9ms, postprocess=0.0ms, fuse+track=0.0ms
2026-05-22 19:38:04,714 | INFO | [perf frame=83000] preprocess=0.0ms, perspective=0.0ms, detect=1.0ms, postprocess=0.0ms, fuse+track=0.0ms
2026-05-22 19:38:05,138 | INFO | [perf frame=83100] preprocess=0.0ms, perspective=0.0ms, detect=1.0ms, postprocess=0.0ms, fuse+track=0.0ms
2026-05-22 19:38:05,573 | INFO | [perf frame=83200] preprocess=0.0ms, perspective=0.0ms, detect=1.0ms, postprocess=0.0ms, fuse+track=0.0ms
2026-05-22 19:38:06,002 | INFO | [perf frame=83300] preprocess=0.0ms, perspective=0.0ms, detect=1.0ms, postprocess=0.0ms, fuse+track=0.0ms
2026-05-22 19:38:06,438 | INFO | [perf frame=83400] preprocess=0.0ms, perspective=0.0ms, detect=1.1ms, postprocess=0.0ms, fuse+track=0.0ms
2026-05-22 19:38:06,877 | INFO | [perf frame=83500] preprocess=0.0ms, perspective=0.0ms, detect=1.1ms, postprocess=0.0ms, fuse+track=0.0ms
2026-05-22 19:38:07,298 | INFO | [perf frame=83600] preprocess=0.0ms, perspective=0.0ms, detect=1.0ms, postprocess=0.0ms, fuse+track=0.0ms
2026-05-22 19:38:07,726 | INFO | [perf frame=83700] preprocess=0.0ms, perspective=0.0ms, detect=1.0ms, postprocess=0.0ms, fuse+track=0.0ms
2026-05-22 19:38:08,149 | INFO | [perf frame=83800] preprocess=0.0ms, perspective=0.0ms, detect=0.9ms, postprocess=0.0ms, fuse+track=0.0ms
2026-05-22 19:38:08,570 | INFO | [perf frame=83900] preprocess=0.0ms, perspective=0.0ms, detect=0.9ms, postprocess=0.0ms, fuse+track=0.0ms
2026-05-22 19:38:08,975 | INFO | [perf frame=84000] preprocess=0.0ms, perspective=0.0ms, detect=0.9ms, postprocess=0.0ms, fuse+track=0.0ms
2026-05-22 19:38:09,391 | INFO | [perf frame=84100] preprocess=0.0ms, perspective=0.0ms, detect=0.9ms, postprocess=0.0ms, fuse+track=0.0ms
2026-05-22 19:38:09,802 | INFO | [perf frame=84200] preprocess=0.0ms, perspective=0.0ms, detect=0.9ms, postprocess=0.0ms, fuse+track=0.0ms
2026-05-22 19:38:10,226 | INFO | [perf frame=84300] preprocess=0.0ms, perspective=0.0ms, detect=0.9ms, postprocess=0.0ms, fuse+track=0.0ms
2026-05-22 19:38:10,646 | INFO | [perf frame=84400] preprocess=0.0ms, perspective=0.0ms, detect=0.9ms, postprocess=0.0ms, fuse+track=0.0ms
2026-05-22 19:38:11,044 | INFO | [perf frame=84500] preprocess=0.0ms, perspective=0.0ms, detect=0.8ms, postprocess=0.0ms, fuse+track=0.0ms
2026-05-22 19:38:11,455 | INFO | [perf frame=84600] preprocess=0.0ms, perspective=0.0ms, detect=0.9ms, postprocess=0.0ms, fuse+track=0.0ms
2026-05-22 19:38:11,891 | INFO | [perf frame=84700] preprocess=0.0ms, perspective=0.0ms, detect=1.0ms, postprocess=0.0ms, fuse+track=0.0ms
2026-05-22 19:38:12,323 | INFO | [perf frame=84800] preprocess=0.0ms, perspective=0.0ms, detect=1.0ms, postprocess=0.0ms, fuse+track=0.0ms
2026-05-22 19:38:12,746 | INFO | [perf frame=84900] preprocess=0.0ms, perspective=0.0ms, detect=1.0ms, postprocess=0.0ms, fuse+track=0.0ms
2026-05-22 19:38:13,178 | INFO | [perf frame=85000] preprocess=0.0ms, perspective=0.0ms, detect=1.0ms, postprocess=0.0ms, fuse+track=0.0ms
2026-05-22 19:38:13,609 | INFO | [perf frame=85100] preprocess=0.0ms, perspective=0.0ms, detect=1.0ms, postprocess=0.0ms, fuse+track=0.0ms
2026-05-22 19:38:14,041 | INFO | [perf frame=85200] preprocess=0.0ms, perspective=0.0ms, detect=1.1ms, postprocess=0.0ms, fuse+track=0.0ms
2026-05-22 19:38:14,480 | INFO | [perf frame=85300] preprocess=0.0ms, perspective=0.0ms, detect=1.1ms, postprocess=0.0ms, fuse+track=0.0ms
2026-05-22 19:38:14,904 | INFO | [perf frame=85400] preprocess=0.0ms, perspective=0.0ms, detect=1.0ms, postprocess=0.0ms, fuse+track=0.0ms
2026-05-22 19:38:15,333 | INFO | [perf frame=85500] preprocess=0.0ms, perspective=0.0ms, detect=1.0ms, postprocess=0.0ms, fuse+track=0.0ms
2026-05-22 19:38:15,763 | INFO | [perf frame=85600] preprocess=0.0ms, perspective=0.0ms, detect=1.0ms, postprocess=0.0ms, fuse+track=0.0ms
2026-05-22 19:38:16,192 | INFO | [perf frame=85700] preprocess=0.0ms, perspective=0.0ms, detect=1.0ms, postprocess=0.0ms, fuse+track=0.0ms
2026-05-22 19:38:16,634 | INFO | [perf frame=85800] preprocess=0.0ms, perspective=0.0ms, detect=1.1ms, postprocess=0.0ms, fuse+track=0.0ms
2026-05-22 19:38:17,066 | INFO | [perf frame=85900] preprocess=0.0ms, perspective=0.0ms, detect=1.0ms, postprocess=0.0ms, fuse+track=0.0ms
2026-05-22 19:38:17,501 | INFO | [perf frame=86000] preprocess=0.0ms, perspective=0.0ms, detect=1.1ms, postprocess=0.0ms, fuse+track=0.0ms
2026-05-22 19:38:17,931 | INFO | [perf frame=86100] preprocess=0.0ms, perspective=0.0ms, detect=1.0ms, postprocess=0.0ms, fuse+track=0.0ms
2026-05-22 19:38:18,337 | INFO | [perf frame=86200] preprocess=0.0ms, perspective=0.0ms, detect=0.9ms, postprocess=0.0ms, fuse+track=0.0ms
2026-05-22 19:38:18,747 | INFO | [perf frame=86300] preprocess=0.0ms, perspective=0.0ms, detect=0.9ms, postprocess=0.0ms, fuse+track=0.0ms
2026-05-22 19:38:19,168 | INFO | [perf frame=86400] preprocess=0.0ms, perspective=0.0ms, detect=1.0ms, postprocess=0.0ms, fuse+track=0.0ms
2026-05-22 19:38:19,597 | INFO | [perf frame=86500] preprocess=0.0ms, perspective=0.0ms, detect=1.0ms, postprocess=0.0ms, fuse+track=0.0ms
2026-05-22 19:38:20,028 | INFO | [perf frame=86600] preprocess=0.0ms, perspective=0.0ms, detect=1.0ms, postprocess=0.0ms, fuse+track=0.0ms
2026-05-22 19:38:20,450 | INFO | [perf frame=86700] preprocess=0.0ms, perspective=0.0ms, detect=0.9ms, postprocess=0.0ms, fuse+track=0.0ms
2026-05-22 19:38:20,873 | INFO | [perf frame=86800] preprocess=0.0ms, perspective=0.0ms, detect=1.0ms, postprocess=0.0ms, fuse+track=0.0ms
2026-05-22 19:38:21,296 | INFO | [perf frame=86900] preprocess=0.0ms, perspective=0.0ms, detect=0.9ms, postprocess=0.0ms, fuse+track=0.0ms
2026-05-22 19:38:21,706 | INFO | [perf frame=87000] preprocess=0.0ms, perspective=0.0ms, detect=0.8ms, postprocess=0.0ms, fuse+track=0.0ms
2026-05-22 19:38:22,138 | INFO | [perf frame=87100] preprocess=0.0ms, perspective=0.0ms, detect=1.0ms, postprocess=0.0ms, fuse+track=0.0ms
2026-05-22 19:38:22,569 | INFO | [perf frame=87200] preprocess=0.0ms, perspective=0.0ms, detect=1.0ms, postprocess=0.0ms, fuse+track=0.0ms
2026-05-22 19:38:22,990 | INFO | [perf frame=87300] preprocess=0.0ms, perspective=0.0ms, detect=0.9ms, postprocess=0.0ms, fuse+track=0.0ms
2026-05-22 19:38:23,401 | INFO | [perf frame=87400] preprocess=0.0ms, perspective=0.0ms, detect=0.9ms, postprocess=0.0ms, fuse+track=0.0ms
2026-05-22 19:38:23,834 | INFO | [perf frame=87500] preprocess=0.0ms, perspective=0.0ms, detect=1.0ms, postprocess=0.0ms, fuse+track=0.0ms
2026-05-22 19:38:24,259 | INFO | [perf frame=87600] preprocess=0.0ms, perspective=0.0ms, detect=1.0ms, postprocess=0.0ms, fuse+track=0.0ms
2026-05-22 19:38:24,676 | INFO | [perf frame=87700] preprocess=0.0ms, perspective=0.0ms, detect=0.9ms, postprocess=0.0ms, fuse+track=0.0ms
2026-05-22 19:38:25,104 | INFO | [perf frame=87800] preprocess=0.0ms, perspective=0.0ms, detect=1.0ms, postprocess=0.0ms, fuse+track=0.0ms
2026-05-22 19:38:25,535 | INFO | [perf frame=87900] preprocess=0.0ms, perspective=0.0ms, detect=1.1ms, postprocess=0.0ms, fuse+track=0.0ms
2026-05-22 19:38:25,954 | INFO | [perf frame=88000] preprocess=0.0ms, perspective=0.0ms, detect=0.9ms, postprocess=0.0ms, fuse+track=0.0ms
2026-05-22 19:38:26,377 | INFO | [perf frame=88100] preprocess=0.0ms, perspective=0.0ms, detect=1.0ms, postprocess=0.0ms, fuse+track=0.0ms
2026-05-22 19:38:26,786 | INFO | [perf frame=88200] preprocess=0.0ms, perspective=0.0ms, detect=0.8ms, postprocess=0.0ms, fuse+track=0.0ms
2026-05-22 19:38:27,192 | INFO | [perf frame=88300] preprocess=0.0ms, perspective=0.0ms, detect=0.9ms, postprocess=0.0ms, fuse+track=0.0ms
2026-05-22 19:38:27,614 | INFO | [perf frame=88400] preprocess=0.0ms, perspective=0.0ms, detect=1.0ms, postprocess=0.0ms, fuse+track=0.0ms
2026-05-22 19:38:28,029 | INFO | [perf frame=88500] preprocess=0.0ms, perspective=0.0ms, detect=1.0ms, postprocess=0.0ms, fuse+track=0.0ms
2026-05-22 19:38:28,449 | INFO | [perf frame=88600] preprocess=0.0ms, perspective=0.0ms, detect=1.0ms, postprocess=0.0ms, fuse+track=0.0ms
2026-05-22 19:38:28,874 | INFO | [perf frame=88700] preprocess=0.0ms, perspective=0.0ms, detect=1.0ms, postprocess=0.0ms, fuse+track=0.0ms
2026-05-22 19:38:29,288 | INFO | [perf frame=88800] preprocess=0.0ms, perspective=0.0ms, detect=0.9ms, postprocess=0.0ms, fuse+track=0.0ms
2026-05-22 19:38:29,705 | INFO | [perf frame=88900] preprocess=0.0ms, perspective=0.0ms, detect=0.9ms, postprocess=0.0ms, fuse+track=0.0ms
2026-05-22 19:38:30,124 | INFO | [perf frame=89000] preprocess=0.0ms, perspective=0.0ms, detect=0.9ms, postprocess=0.0ms, fuse+track=0.0ms
2026-05-22 19:38:30,556 | INFO | [perf frame=89100] preprocess=0.0ms, perspective=0.0ms, detect=1.0ms, postprocess=0.0ms, fuse+track=0.0ms
2026-05-22 19:38:30,988 | INFO | [perf frame=89200] preprocess=0.0ms, perspective=0.0ms, detect=1.0ms, postprocess=0.0ms, fuse+track=0.0ms
2026-05-22 19:38:31,410 | INFO | [perf frame=89300] preprocess=0.0ms, perspective=0.0ms, detect=0.9ms, postprocess=0.0ms, fuse+track=0.0ms
2026-05-22 19:38:31,846 | INFO | [perf frame=89400] preprocess=0.0ms, perspective=0.0ms, detect=1.0ms, postprocess=0.0ms, fuse+track=0.0ms
2026-05-22 19:38:32,285 | INFO | [perf frame=89500] preprocess=0.0ms, perspective=0.0ms, detect=1.1ms, postprocess=0.0ms, fuse+track=0.0ms
2026-05-22 19:38:32,699 | INFO | [perf frame=89600] preprocess=0.0ms, perspective=0.0ms, detect=0.9ms, postprocess=0.0ms, fuse+track=0.0ms
2026-05-22 19:38:33,116 | INFO | [perf frame=89700] preprocess=0.0ms, perspective=0.0ms, detect=0.9ms, postprocess=0.0ms, fuse+track=0.0ms
2026-05-22 19:38:33,531 | INFO | [perf frame=89800] preprocess=0.0ms, perspective=0.0ms, detect=0.9ms, postprocess=0.0ms, fuse+track=0.0ms
2026-05-22 19:38:33,947 | INFO | [perf frame=89900] preprocess=0.0ms, perspective=0.0ms, detect=0.9ms, postprocess=0.0ms, fuse+track=0.0ms
2026-05-22 19:38:34,363 | INFO | [perf frame=90000] preprocess=0.0ms, perspective=0.0ms, detect=1.0ms, postprocess=0.0ms, fuse+track=0.0ms
2026-05-22 19:38:34,797 | INFO | [perf frame=90100] preprocess=0.0ms, perspective=0.0ms, detect=1.0ms, postprocess=0.0ms, fuse+track=0.0ms
2026-05-22 19:38:35,230 | INFO | [perf frame=90200] preprocess=0.0ms, perspective=0.0ms, detect=1.0ms, postprocess=0.0ms, fuse+track=0.0ms
2026-05-22 19:38:35,641 | INFO | [perf frame=90300] preprocess=0.0ms, perspective=0.0ms, detect=0.9ms, postprocess=0.0ms, fuse+track=0.0ms
2026-05-22 19:38:36,051 | INFO | [perf frame=90400] preprocess=0.0ms, perspective=0.0ms, detect=0.9ms, postprocess=0.0ms, fuse+track=0.0ms
2026-05-22 19:38:36,482 | INFO | [perf frame=90500] preprocess=0.0ms, perspective=0.0ms, detect=1.0ms, postprocess=0.0ms, fuse+track=0.0ms
2026-05-22 19:38:36,899 | INFO | [perf frame=90600] preprocess=0.0ms, perspective=0.0ms, detect=1.0ms, postprocess=0.0ms, fuse+track=0.0ms
2026-05-22 19:38:37,314 | INFO | [perf frame=90700] preprocess=0.0ms, perspective=0.0ms, detect=1.0ms, postprocess=0.0ms, fuse+track=0.0ms
2026-05-22 19:38:37,738 | INFO | [perf frame=90800] preprocess=0.0ms, perspective=0.0ms, detect=1.0ms, postprocess=0.0ms, fuse+track=0.0ms
2026-05-22 19:38:38,161 | INFO | [perf frame=90900] preprocess=0.0ms, perspective=0.0ms, detect=1.0ms, postprocess=0.0ms, fuse+track=0.0ms
2026-05-22 19:38:38,575 | INFO | [perf frame=91000] preprocess=0.0ms, perspective=0.0ms, detect=0.9ms, postprocess=0.0ms, fuse+track=0.0ms
2026-05-22 19:38:39,006 | INFO | [perf frame=91100] preprocess=0.0ms, perspective=0.0ms, detect=1.1ms, postprocess=0.0ms, fuse+track=0.0ms
2026-05-22 19:38:39,434 | INFO | [perf frame=91200] preprocess=0.0ms, perspective=0.0ms, detect=0.9ms, postprocess=0.0ms, fuse+track=0.0ms
2026-05-22 19:38:39,878 | INFO | [perf frame=91300] preprocess=0.0ms, perspective=0.0ms, detect=1.1ms, postprocess=0.0ms, fuse+track=0.0ms
2026-05-22 19:38:40,306 | INFO | [perf frame=91400] preprocess=0.0ms, perspective=0.0ms, detect=1.0ms, postprocess=0.0ms, fuse+track=0.0ms
2026-05-22 19:38:40,724 | INFO | [perf frame=91500] preprocess=0.0ms, perspective=0.0ms, detect=0.9ms, postprocess=0.0ms, fuse+track=0.0ms
2026-05-22 19:38:41,136 | INFO | [perf frame=91600] preprocess=0.0ms, perspective=0.0ms, detect=0.9ms, postprocess=0.0ms, fuse+track=0.0ms
2026-05-22 19:38:41,532 | INFO | [perf frame=91700] preprocess=0.0ms, perspective=0.0ms, detect=0.8ms, postprocess=0.0ms, fuse+track=0.0ms
2026-05-22 19:38:41,940 | INFO | [perf frame=91800] preprocess=0.0ms, perspective=0.0ms, detect=0.8ms, postprocess=0.0ms, fuse+track=0.0ms
2026-05-22 19:38:42,358 | INFO | [perf frame=91900] preprocess=0.0ms, perspective=0.0ms, detect=0.9ms, postprocess=0.0ms, fuse+track=0.0ms
2026-05-22 19:38:42,758 | INFO | [perf frame=92000] preprocess=0.0ms, perspective=0.0ms, detect=0.8ms, postprocess=0.0ms, fuse+track=0.0ms
2026-05-22 19:38:43,169 | INFO | [perf frame=92100] preprocess=0.0ms, perspective=0.0ms, detect=0.9ms, postprocess=0.0ms, fuse+track=0.0ms
2026-05-22 19:38:43,581 | INFO | [perf frame=92200] preprocess=0.0ms, perspective=0.0ms, detect=0.8ms, postprocess=0.0ms, fuse+track=0.0ms
2026-05-22 19:38:43,984 | INFO | [perf frame=92300] preprocess=0.0ms, perspective=0.0ms, detect=0.8ms, postprocess=0.0ms, fuse+track=0.0ms
2026-05-22 19:38:44,409 | INFO | [perf frame=92400] preprocess=0.0ms, perspective=0.0ms, detect=1.0ms, postprocess=0.0ms, fuse+track=0.0ms
2026-05-22 19:38:44,850 | INFO | [perf frame=92500] preprocess=0.0ms, perspective=0.0ms, detect=1.0ms, postprocess=0.0ms, fuse+track=0.0ms
2026-05-22 19:38:45,277 | INFO | [perf frame=92600] preprocess=0.0ms, perspective=0.0ms, detect=0.9ms, postprocess=0.0ms, fuse+track=0.0ms
2026-05-22 19:38:45,697 | INFO | [perf frame=92700] preprocess=0.0ms, perspective=0.0ms, detect=0.9ms, postprocess=0.0ms, fuse+track=0.0ms
2026-05-22 19:38:46,102 | INFO | [perf frame=92800] preprocess=0.0ms, perspective=0.0ms, detect=0.9ms, postprocess=0.0ms, fuse+track=0.0ms
2026-05-22 19:38:46,534 | INFO | [perf frame=92900] preprocess=0.0ms, perspective=0.0ms, detect=1.0ms, postprocess=0.0ms, fuse+track=0.0ms
2026-05-22 19:38:46,945 | INFO | [perf frame=93000] preprocess=0.0ms, perspective=0.0ms, detect=0.9ms, postprocess=0.0ms, fuse+track=0.0ms
2026-05-22 19:38:47,356 | INFO | [perf frame=93100] preprocess=0.0ms, perspective=0.0ms, detect=0.9ms, postprocess=0.0ms, fuse+track=0.0ms
2026-05-22 19:38:47,784 | INFO | [perf frame=93200] preprocess=0.0ms, perspective=0.0ms, detect=1.0ms, postprocess=0.0ms, fuse+track=0.0ms
2026-05-22 19:38:48,218 | INFO | [perf frame=93300] preprocess=0.0ms, perspective=0.0ms, detect=1.0ms, postprocess=0.0ms, fuse+track=0.0ms
2026-05-22 19:38:48,650 | INFO | [perf frame=93400] preprocess=0.0ms, perspective=0.0ms, detect=1.1ms, postprocess=0.0ms, fuse+track=0.0ms
2026-05-22 19:38:49,095 | INFO | [perf frame=93500] preprocess=0.0ms, perspective=0.0ms, detect=1.1ms, postprocess=0.0ms, fuse+track=0.0ms
2026-05-22 19:38:49,527 | INFO | [perf frame=93600] preprocess=0.0ms, perspective=0.0ms, detect=1.0ms, postprocess=0.0ms, fuse+track=0.0ms
2026-05-22 19:38:49,947 | INFO | [perf frame=93700] preprocess=0.0ms, perspective=0.0ms, detect=0.9ms, postprocess=0.0ms, fuse+track=0.0ms
2026-05-22 19:38:50,359 | INFO | [perf frame=93800] preprocess=0.0ms, perspective=0.0ms, detect=0.8ms, postprocess=0.0ms, fuse+track=0.0ms
2026-05-22 19:38:50,784 | INFO | [perf frame=93900] preprocess=0.0ms, perspective=0.0ms, detect=0.9ms, postprocess=0.0ms, fuse+track=0.0ms
2026-05-22 19:38:51,206 | INFO | [perf frame=94000] preprocess=0.0ms, perspective=0.0ms, detect=0.9ms, postprocess=0.0ms, fuse+track=0.0ms
2026-05-22 19:38:51,617 | INFO | [perf frame=94100] preprocess=0.0ms, perspective=0.0ms, detect=0.9ms, postprocess=0.0ms, fuse+track=0.0ms
2026-05-22 19:38:52,043 | INFO | [perf frame=94200] preprocess=0.0ms, perspective=0.0ms, detect=0.9ms, postprocess=0.0ms, fuse+track=0.0ms
2026-05-22 19:38:52,452 | INFO | [perf frame=94300] preprocess=0.0ms, perspective=0.0ms, detect=0.8ms, postprocess=0.0ms, fuse+track=0.0ms
2026-05-22 19:38:52,883 | INFO | [perf frame=94400] preprocess=0.0ms, perspective=0.0ms, detect=1.0ms, postprocess=0.0ms, fuse+track=0.0ms
2026-05-22 19:38:53,306 | INFO | [perf frame=94500] preprocess=0.0ms, perspective=0.0ms, detect=1.0ms, postprocess=0.0ms, fuse+track=0.0ms
2026-05-22 19:38:53,738 | INFO | [perf frame=94600] preprocess=0.0ms, perspective=0.0ms, detect=1.0ms, postprocess=0.0ms, fuse+track=0.0ms
2026-05-22 19:38:54,164 | INFO | [perf frame=94700] preprocess=0.0ms, perspective=0.0ms, detect=0.9ms, postprocess=0.0ms, fuse+track=0.0ms
2026-05-22 19:38:54,585 | INFO | [perf frame=94800] preprocess=0.0ms, perspective=0.0ms, detect=1.0ms, postprocess=0.0ms, fuse+track=0.0ms
2026-05-22 19:38:55,009 | INFO | [perf frame=94900] preprocess=0.0ms, perspective=0.0ms, detect=1.0ms, postprocess=0.0ms, fuse+track=0.0ms
2026-05-22 19:38:55,417 | INFO | [perf frame=95000] preprocess=0.0ms, perspective=0.0ms, detect=0.9ms, postprocess=0.0ms, fuse+track=0.0ms
2026-05-22 19:38:55,820 | INFO | [perf frame=95100] preprocess=0.0ms, perspective=0.0ms, detect=0.8ms, postprocess=0.0ms, fuse+track=0.0ms
2026-05-22 19:38:56,225 | INFO | [perf frame=95200] preprocess=0.0ms, perspective=0.0ms, detect=0.9ms, postprocess=0.0ms, fuse+track=0.0ms
2026-05-22 19:38:56,627 | INFO | [perf frame=95300] preprocess=0.0ms, perspective=0.0ms, detect=0.8ms, postprocess=0.0ms, fuse+track=0.0ms
2026-05-22 19:38:57,035 | INFO | [perf frame=95400] preprocess=0.0ms, perspective=0.0ms, detect=0.9ms, postprocess=0.0ms, fuse+track=0.0ms
2026-05-22 19:38:57,454 | INFO | [perf frame=95500] preprocess=0.0ms, perspective=0.0ms, detect=0.9ms, postprocess=0.0ms, fuse+track=0.0ms
2026-05-22 19:38:57,868 | INFO | [perf frame=95600] preprocess=0.0ms, perspective=0.0ms, detect=1.0ms, postprocess=0.0ms, fuse+track=0.0ms
2026-05-22 19:38:58,291 | INFO | [perf frame=95700] preprocess=0.0ms, perspective=0.0ms, detect=1.0ms, postprocess=0.0ms, fuse+track=0.0ms
2026-05-22 19:38:58,706 | INFO | [perf frame=95800] preprocess=0.0ms, perspective=0.0ms, detect=0.9ms, postprocess=0.0ms, fuse+track=0.0ms
2026-05-22 19:38:59,128 | INFO | [perf frame=95900] preprocess=0.0ms, perspective=0.0ms, detect=1.0ms, postprocess=0.0ms, fuse+track=0.0ms
2026-05-22 19:38:59,550 | INFO | [perf frame=96000] preprocess=0.0ms, perspective=0.0ms, detect=1.0ms, postprocess=0.0ms, fuse+track=0.0ms
2026-05-22 19:38:59,981 | INFO | [perf frame=96100] preprocess=0.0ms, perspective=0.0ms, detect=1.0ms, postprocess=0.0ms, fuse+track=0.0ms
2026-05-22 19:39:00,377 | INFO | [perf frame=96200] preprocess=0.0ms, perspective=0.0ms, detect=0.8ms, postprocess=0.0ms, fuse+track=0.0ms
2026-05-22 19:39:00,779 | INFO | [perf frame=96300] preprocess=0.0ms, perspective=0.0ms, detect=0.8ms, postprocess=0.0ms, fuse+track=0.0ms
2026-05-22 19:39:01,192 | INFO | [perf frame=96400] preprocess=0.0ms, perspective=0.0ms, detect=0.9ms, postprocess=0.0ms, fuse+track=0.0ms
2026-05-22 19:39:01,630 | INFO | [perf frame=96500] preprocess=0.0ms, perspective=0.0ms, detect=1.1ms, postprocess=0.0ms, fuse+track=0.0ms
2026-05-22 19:39:02,051 | INFO | [perf frame=96600] preprocess=0.0ms, perspective=0.0ms, detect=1.0ms, postprocess=0.0ms, fuse+track=0.0ms
2026-05-22 19:39:02,496 | INFO | [perf frame=96700] preprocess=0.0ms, perspective=0.0ms, detect=1.1ms, postprocess=0.0ms, fuse+track=0.0ms
2026-05-22 19:39:02,970 | INFO | [perf frame=96800] preprocess=0.0ms, perspective=0.0ms, detect=1.1ms, postprocess=0.0ms, fuse+track=0.0ms
2026-05-22 19:39:03,485 | INFO | [perf frame=96900] preprocess=0.0ms, perspective=0.0ms, detect=1.3ms, postprocess=0.0ms, fuse+track=0.0ms
2026-05-22 19:39:03,985 | INFO | [perf frame=97000] preprocess=0.0ms, perspective=0.0ms, detect=1.3ms, postprocess=0.0ms, fuse+track=0.0ms
2026-05-22 19:39:04,480 | INFO | [perf frame=97100] preprocess=0.0ms, perspective=0.0ms, detect=1.2ms, postprocess=0.0ms, fuse+track=0.0ms
2026-05-22 19:39:04,935 | INFO | [perf frame=97200] preprocess=0.0ms, perspective=0.0ms, detect=1.0ms, postprocess=0.0ms, fuse+track=0.0ms
2026-05-22 19:39:05,381 | INFO | [perf frame=97300] preprocess=0.0ms, perspective=0.0ms, detect=1.0ms, postprocess=0.0ms, fuse+track=0.0ms
2026-05-22 19:39:05,821 | INFO | [perf frame=97400] preprocess=0.0ms, perspective=0.0ms, detect=1.0ms, postprocess=0.0ms, fuse+track=0.0ms
2026-05-22 19:39:06,258 | INFO | [perf frame=97500] preprocess=0.0ms, perspective=0.0ms, detect=1.0ms, postprocess=0.0ms, fuse+track=0.0ms
2026-05-22 19:39:06,699 | INFO | [perf frame=97600] preprocess=0.0ms, perspective=0.0ms, detect=1.1ms, postprocess=0.0ms, fuse+track=0.0ms
2026-05-22 19:39:07,137 | INFO | [perf frame=97700] preprocess=0.0ms, perspective=0.0ms, detect=1.1ms, postprocess=0.0ms, fuse+track=0.0ms
2026-05-22 19:39:07,565 | INFO | [perf frame=97800] preprocess=0.0ms, perspective=0.0ms, detect=1.1ms, postprocess=0.0ms, fuse+track=0.0ms
2026-05-22 19:39:07,993 | INFO | [perf frame=97900] preprocess=0.0ms, perspective=0.0ms, detect=1.1ms, postprocess=0.0ms, fuse+track=0.0ms
2026-05-22 19:39:08,415 | INFO | [perf frame=98000] preprocess=0.0ms, perspective=0.0ms, detect=1.0ms, postprocess=0.0ms, fuse+track=0.0ms
2026-05-22 19:39:08,855 | INFO | [perf frame=98100] preprocess=0.0ms, perspective=0.0ms, detect=1.1ms, postprocess=0.0ms, fuse+track=0.0ms
2026-05-22 19:39:09,284 | INFO | [perf frame=98200] preprocess=0.0ms, perspective=0.0ms, detect=1.0ms, postprocess=0.0ms, fuse+track=0.0ms
2026-05-22 19:39:09,712 | INFO | [perf frame=98300] preprocess=0.0ms, perspective=0.0ms, detect=1.1ms, postprocess=0.0ms, fuse+track=0.0ms
2026-05-22 19:39:10,144 | INFO | [perf frame=98400] preprocess=0.0ms, perspective=0.0ms, detect=1.0ms, postprocess=0.0ms, fuse+track=0.0ms
2026-05-22 19:39:10,575 | INFO | [perf frame=98500] preprocess=0.0ms, perspective=0.0ms, detect=1.1ms, postprocess=0.0ms, fuse+track=0.0ms
2026-05-22 19:39:11,006 | INFO | [perf frame=98600] preprocess=0.0ms, perspective=0.0ms, detect=1.0ms, postprocess=0.0ms, fuse+track=0.0ms
2026-05-22 19:39:11,447 | INFO | [perf frame=98700] preprocess=0.0ms, perspective=0.0ms, detect=1.1ms, postprocess=0.0ms, fuse+track=0.0ms
2026-05-22 19:39:11,888 | INFO | [perf frame=98800] preprocess=0.0ms, perspective=0.0ms, detect=1.1ms, postprocess=0.0ms, fuse+track=0.0ms
2026-05-22 19:39:12,319 | INFO | [perf frame=98900] preprocess=0.0ms, perspective=0.0ms, detect=1.1ms, postprocess=0.0ms, fuse+track=0.0ms
2026-05-22 19:39:12,757 | INFO | [perf frame=99000] preprocess=0.0ms, perspective=0.0ms, detect=1.1ms, postprocess=0.0ms, fuse+track=0.0ms
2026-05-22 19:39:13,200 | INFO | [perf frame=99100] preprocess=0.0ms, perspective=0.0ms, detect=1.1ms, postprocess=0.0ms, fuse+track=0.0ms
2026-05-22 19:39:13,633 | INFO | [perf frame=99200] preprocess=0.0ms, perspective=0.0ms, detect=1.0ms, postprocess=0.0ms, fuse+track=0.0ms
2026-05-22 19:39:14,070 | INFO | [perf frame=99300] preprocess=0.0ms, perspective=0.0ms, detect=1.1ms, postprocess=0.0ms, fuse+track=0.0ms
2026-05-22 19:39:14,515 | INFO | [perf frame=99400] preprocess=0.0ms, perspective=0.0ms, detect=1.1ms, postprocess=0.0ms, fuse+track=0.0ms
2026-05-22 19:39:14,941 | INFO | [perf frame=99500] preprocess=0.0ms, perspective=0.0ms, detect=1.0ms, postprocess=0.0ms, fuse+track=0.0ms
2026-05-22 19:39:15,390 | INFO | [perf frame=99600] preprocess=0.0ms, perspective=0.0ms, detect=1.1ms, postprocess=0.0ms, fuse+track=0.0ms
2026-05-22 19:39:15,816 | INFO | [perf frame=99700] preprocess=0.0ms, perspective=0.0ms, detect=1.0ms, postprocess=0.0ms, fuse+track=0.0ms
2026-05-22 19:39:16,250 | INFO | [perf frame=99800] preprocess=0.0ms, perspective=0.0ms, detect=1.1ms, postprocess=0.0ms, fuse+track=0.0ms
2026-05-22 19:39:16,685 | INFO | [perf frame=99900] preprocess=0.0ms, perspective=0.0ms, detect=1.1ms, postprocess=0.0ms, fuse+track=0.0ms
2026-05-22 19:39:17,123 | INFO | [perf frame=100000] preprocess=0.0ms, perspective=0.0ms, detect=1.0ms, postprocess=0.0ms, fuse+track=0.0ms
2026-05-22 19:39:17,569 | INFO | [perf frame=100100] preprocess=0.0ms, perspective=0.0ms, detect=1.1ms, postprocess=0.0ms, fuse+track=0.0ms
2026-05-22 19:39:18,016 | INFO | [perf frame=100200] preprocess=0.0ms, perspective=0.0ms, detect=1.1ms, postprocess=0.0ms, fuse+track=0.0ms
2026-05-22 19:39:18,475 | INFO | [perf frame=100300] preprocess=0.0ms, perspective=0.0ms, detect=1.2ms, postprocess=0.0ms, fuse+track=0.0ms
2026-05-22 19:39:18,917 | INFO | [perf frame=100400] preprocess=0.0ms, perspective=0.0ms, detect=1.1ms, postprocess=0.0ms, fuse+track=0.0ms
2026-05-22 19:39:19,360 | INFO | [perf frame=100500] preprocess=0.0ms, perspective=0.0ms, detect=1.1ms, postprocess=0.0ms, fuse+track=0.0ms
2026-05-22 19:39:19,800 | INFO | [perf frame=100600] preprocess=0.0ms, perspective=0.0ms, detect=1.1ms, postprocess=0.0ms, fuse+track=0.0ms
2026-05-22 19:39:20,236 | INFO | [perf frame=100700] preprocess=0.0ms, perspective=0.0ms, detect=1.1ms, postprocess=0.0ms, fuse+track=0.0ms
2026-05-22 19:39:20,676 | INFO | [perf frame=100800] preprocess=0.0ms, perspective=0.0ms, detect=1.1ms, postprocess=0.0ms, fuse+track=0.0ms
2026-05-22 19:39:21,117 | INFO | [perf frame=100900] preprocess=0.0ms, perspective=0.0ms, detect=1.1ms, postprocess=0.0ms, fuse+track=0.0ms
2026-05-22 19:39:21,559 | INFO | [perf frame=101000] preprocess=0.0ms, perspective=0.0ms, detect=1.1ms, postprocess=0.0ms, fuse+track=0.0ms
2026-05-22 19:39:22,003 | INFO | [perf frame=101100] preprocess=0.0ms, perspective=0.0ms, detect=1.1ms, postprocess=0.0ms, fuse+track=0.0ms
2026-05-22 19:39:22,445 | INFO | [perf frame=101200] preprocess=0.0ms, perspective=0.0ms, detect=1.1ms, postprocess=0.0ms, fuse+track=0.0ms
2026-05-22 19:39:22,869 | INFO | [perf frame=101300] preprocess=0.0ms, perspective=0.0ms, detect=1.0ms, postprocess=0.0ms, fuse+track=0.0ms
2026-05-22 19:39:23,292 | INFO | [perf frame=101400] preprocess=0.0ms, perspective=0.0ms, detect=1.0ms, postprocess=0.0ms, fuse+track=0.0ms
2026-05-22 19:39:23,730 | INFO | [perf frame=101500] preprocess=0.0ms, perspective=0.0ms, detect=1.0ms, postprocess=0.0ms, fuse+track=0.0ms
2026-05-22 19:39:24,186 | INFO | [perf frame=101600] preprocess=0.0ms, perspective=0.0ms, detect=1.1ms, postprocess=0.0ms, fuse+track=0.0ms
2026-05-22 19:39:24,631 | INFO | [perf frame=101700] preprocess=0.0ms, perspective=0.0ms, detect=1.1ms, postprocess=0.0ms, fuse+track=0.0ms
2026-05-22 19:39:25,062 | INFO | [perf frame=101800] preprocess=0.0ms, perspective=0.0ms, detect=1.0ms, postprocess=0.0ms, fuse+track=0.0ms
2026-05-22 19:39:25,509 | INFO | [perf frame=101900] preprocess=0.0ms, perspective=0.0ms, detect=1.1ms, postprocess=0.0ms, fuse+track=0.0ms
2026-05-22 19:39:25,946 | INFO | [perf frame=102000] preprocess=0.0ms, perspective=0.0ms, detect=1.0ms, postprocess=0.0ms, fuse+track=0.0ms
2026-05-22 19:39:26,390 | INFO | [perf frame=102100] preprocess=0.0ms, perspective=0.0ms, detect=1.1ms, postprocess=0.0ms, fuse+track=0.0ms
2026-05-22 19:39:26,826 | INFO | [perf frame=102200] preprocess=0.0ms, perspective=0.0ms, detect=1.1ms, postprocess=0.0ms, fuse+track=0.0ms
2026-05-22 19:39:27,284 | INFO | [perf frame=102300] preprocess=0.0ms, perspective=0.0ms, detect=1.2ms, postprocess=0.0ms, fuse+track=0.0ms
2026-05-22 19:39:27,761 | INFO | [perf frame=102400] preprocess=0.0ms, perspective=0.0ms, detect=1.2ms, postprocess=0.0ms, fuse+track=0.0ms
2026-05-22 19:39:28,222 | INFO | [perf frame=102500] preprocess=0.0ms, perspective=0.0ms, detect=1.2ms, postprocess=0.0ms, fuse+track=0.0ms
2026-05-22 19:39:28,669 | INFO | [perf frame=102600] preprocess=0.0ms, perspective=0.0ms, detect=1.2ms, postprocess=0.0ms, fuse+track=0.0ms
2026-05-22 19:39:29,117 | INFO | [perf frame=102700] preprocess=0.0ms, perspective=0.0ms, detect=1.1ms, postprocess=0.0ms, fuse+track=0.0ms
2026-05-22 19:39:29,577 | INFO | [perf frame=102800] preprocess=0.0ms, perspective=0.0ms, detect=1.2ms, postprocess=0.0ms, fuse+track=0.0ms
2026-05-22 19:39:30,030 | INFO | [perf frame=102900] preprocess=0.0ms, perspective=0.0ms, detect=1.1ms, postprocess=0.0ms, fuse+track=0.0ms
2026-05-22 19:39:30,491 | INFO | [perf frame=103000] preprocess=0.0ms, perspective=0.0ms, detect=1.2ms, postprocess=0.0ms, fuse+track=0.0ms
2026-05-22 19:39:30,948 | INFO | [perf frame=103100] preprocess=0.0ms, perspective=0.0ms, detect=1.2ms, postprocess=0.0ms, fuse+track=0.0ms
2026-05-22 19:39:31,396 | INFO | [perf frame=103200] preprocess=0.0ms, perspective=0.0ms, detect=1.1ms, postprocess=0.0ms, fuse+track=0.0ms
2026-05-22 19:39:31,859 | INFO | [perf frame=103300] preprocess=0.0ms, perspective=0.0ms, detect=1.2ms, postprocess=0.0ms, fuse+track=0.0ms
2026-05-22 19:39:32,306 | INFO | [perf frame=103400] preprocess=0.0ms, perspective=0.0ms, detect=1.1ms, postprocess=0.0ms, fuse+track=0.0ms
2026-05-22 19:39:32,755 | INFO | [perf frame=103500] preprocess=0.0ms, perspective=0.0ms, detect=1.1ms, postprocess=0.0ms, fuse+track=0.0ms
2026-05-22 19:39:33,224 | INFO | [perf frame=103600] preprocess=0.0ms, perspective=0.0ms, detect=1.2ms, postprocess=0.0ms, fuse+track=0.0ms
2026-05-22 19:39:33,675 | INFO | [perf frame=103700] preprocess=0.0ms, perspective=0.0ms, detect=1.1ms, postprocess=0.0ms, fuse+track=0.0ms
2026-05-22 19:39:34,132 | INFO | [perf frame=103800] preprocess=0.0ms, perspective=0.0ms, detect=1.1ms, postprocess=0.0ms, fuse+track=0.0ms
2026-05-22 19:39:34,575 | INFO | [perf frame=103900] preprocess=0.0ms, perspective=0.0ms, detect=1.1ms, postprocess=0.0ms, fuse+track=0.0ms
2026-05-22 19:39:35,027 | INFO | [perf frame=104000] preprocess=0.0ms, perspective=0.0ms, detect=1.2ms, postprocess=0.0ms, fuse+track=0.0ms
2026-05-22 19:39:35,484 | INFO | [perf frame=104100] preprocess=0.0ms, perspective=0.0ms, detect=1.2ms, postprocess=0.0ms, fuse+track=0.0ms
2026-05-22 19:39:35,946 | INFO | [perf frame=104200] preprocess=0.0ms, perspective=0.0ms, detect=1.2ms, postprocess=0.0ms, fuse+track=0.0ms
2026-05-22 19:39:36,395 | INFO | [perf frame=104300] preprocess=0.0ms, perspective=0.0ms, detect=1.1ms, postprocess=0.0ms, fuse+track=0.0ms
2026-05-22 19:39:36,857 | INFO | [perf frame=104400] preprocess=0.0ms, perspective=0.0ms, detect=1.2ms, postprocess=0.0ms, fuse+track=0.0ms
2026-05-22 19:39:37,313 | INFO | [perf frame=104500] preprocess=0.0ms, perspective=0.0ms, detect=1.2ms, postprocess=0.0ms, fuse+track=0.0ms
2026-05-22 19:39:37,756 | INFO | [perf frame=104600] preprocess=0.0ms, perspective=0.0ms, detect=1.1ms, postprocess=0.0ms, fuse+track=0.0ms
2026-05-22 19:39:38,213 | INFO | [perf frame=104700] preprocess=0.0ms, perspective=0.0ms, detect=1.2ms, postprocess=0.0ms, fuse+track=0.0ms
2026-05-22 19:39:38,659 | INFO | [perf frame=104800] preprocess=0.0ms, perspective=0.0ms, detect=1.1ms, postprocess=0.0ms, fuse+track=0.0ms
2026-05-22 19:39:39,116 | INFO | [perf frame=104900] preprocess=0.0ms, perspective=0.0ms, detect=1.2ms, postprocess=0.0ms, fuse+track=0.0ms
2026-05-22 19:39:39,571 | INFO | [perf frame=105000] preprocess=0.0ms, perspective=0.0ms, detect=1.2ms, postprocess=0.0ms, fuse+track=0.0ms
2026-05-22 19:39:40,027 | INFO | [perf frame=105100] preprocess=0.0ms, perspective=0.0ms, detect=1.2ms, postprocess=0.0ms, fuse+track=0.0ms
2026-05-22 19:39:40,492 | INFO | [perf frame=105200] preprocess=0.0ms, perspective=0.0ms, detect=1.2ms, postprocess=0.0ms, fuse+track=0.0ms
2026-05-22 19:39:40,940 | INFO | [perf frame=105300] preprocess=0.0ms, perspective=0.0ms, detect=1.1ms, postprocess=0.0ms, fuse+track=0.0ms
2026-05-22 19:39:41,390 | INFO | [perf frame=105400] preprocess=0.0ms, perspective=0.0ms, detect=1.1ms, postprocess=0.0ms, fuse+track=0.0ms
2026-05-22 19:39:41,856 | INFO | [perf frame=105500] preprocess=0.0ms, perspective=0.0ms, detect=1.2ms, postprocess=0.0ms, fuse+track=0.0ms
2026-05-22 19:39:42,315 | INFO | [perf frame=105600] preprocess=0.0ms, perspective=0.0ms, detect=1.1ms, postprocess=0.0ms, fuse+track=0.0ms
2026-05-22 19:39:42,764 | INFO | [perf frame=105700] preprocess=0.0ms, perspective=0.0ms, detect=1.1ms, postprocess=0.0ms, fuse+track=0.0ms
2026-05-22 19:39:43,210 | INFO | [perf frame=105800] preprocess=0.0ms, perspective=0.0ms, detect=1.1ms, postprocess=0.0ms, fuse+track=0.0ms
2026-05-22 19:39:43,665 | INFO | [perf frame=105900] preprocess=0.0ms, perspective=0.0ms, detect=1.1ms, postprocess=0.0ms, fuse+track=0.0ms
2026-05-22 19:39:44,128 | INFO | [perf frame=106000] preprocess=0.0ms, perspective=0.0ms, detect=1.2ms, postprocess=0.0ms, fuse+track=0.0ms
2026-05-22 19:39:44,612 | INFO | [perf frame=106100] preprocess=0.0ms, perspective=0.0ms, detect=1.3ms, postprocess=0.0ms, fuse+track=0.0ms
2026-05-22 19:39:45,063 | INFO | [perf frame=106200] preprocess=0.0ms, perspective=0.0ms, detect=1.2ms, postprocess=0.0ms, fuse+track=0.0ms
2026-05-22 19:39:45,525 | INFO | [perf frame=106300] preprocess=0.0ms, perspective=0.0ms, detect=1.2ms, postprocess=0.0ms, fuse+track=0.0ms
2026-05-22 19:39:46,010 | INFO | [perf frame=106400] preprocess=0.0ms, perspective=0.0ms, detect=1.2ms, postprocess=0.0ms, fuse+track=0.0ms
2026-05-22 19:39:46,488 | INFO | [perf frame=106500] preprocess=0.0ms, perspective=0.0ms, detect=1.3ms, postprocess=0.0ms, fuse+track=0.0ms
2026-05-22 19:39:46,935 | INFO | [perf frame=106600] preprocess=0.0ms, perspective=0.0ms, detect=1.2ms, postprocess=0.0ms, fuse+track=0.0ms
2026-05-22 19:39:47,392 | INFO | [perf frame=106700] preprocess=0.0ms, perspective=0.0ms, detect=1.2ms, postprocess=0.0ms, fuse+track=0.0ms
2026-05-22 19:39:47,853 | INFO | [perf frame=106800] preprocess=0.0ms, perspective=0.0ms, detect=1.2ms, postprocess=0.0ms, fuse+track=0.0ms
2026-05-22 19:39:48,315 | INFO | [perf frame=106900] preprocess=0.0ms, perspective=0.0ms, detect=1.2ms, postprocess=0.0ms, fuse+track=0.0ms
2026-05-22 19:39:48,760 | INFO | [perf frame=107000] preprocess=0.0ms, perspective=0.0ms, detect=1.1ms, postprocess=0.0ms, fuse+track=0.0ms
2026-05-22 19:39:49,217 | INFO | [perf frame=107100] preprocess=0.0ms, perspective=0.0ms, detect=1.1ms, postprocess=0.0ms, fuse+track=0.0ms
2026-05-22 19:39:49,655 | INFO | [perf frame=107200] preprocess=0.0ms, perspective=0.0ms, detect=1.0ms, postprocess=0.0ms, fuse+track=0.0ms
2026-05-22 19:39:50,120 | INFO | [perf frame=107300] preprocess=0.0ms, perspective=0.0ms, detect=1.2ms, postprocess=0.0ms, fuse+track=0.0ms
2026-05-22 19:39:50,594 | INFO | [perf frame=107400] preprocess=0.0ms, perspective=0.0ms, detect=1.2ms, postprocess=0.0ms, fuse+track=0.0ms
2026-05-22 19:39:51,036 | INFO | [perf frame=107500] preprocess=0.0ms, perspective=0.0ms, detect=1.1ms, postprocess=0.0ms, fuse+track=0.0ms
2026-05-22 19:39:51,497 | INFO | [perf frame=107600] preprocess=0.0ms, perspective=0.0ms, detect=1.2ms, postprocess=0.0ms, fuse+track=0.0ms
2026-05-22 19:39:51,953 | INFO | [perf frame=107700] preprocess=0.0ms, perspective=0.0ms, detect=1.1ms, postprocess=0.0ms, fuse+track=0.0ms
2026-05-22 19:39:52,397 | INFO | [perf frame=107800] preprocess=0.0ms, perspective=0.0ms, detect=1.1ms, postprocess=0.0ms, fuse+track=0.0ms
2026-05-22 19:39:52,864 | INFO | [perf frame=107900] preprocess=0.0ms, perspective=0.0ms, detect=1.1ms, postprocess=0.0ms, fuse+track=0.0ms
2026-05-22 19:39:53,326 | INFO | [perf frame=108000] preprocess=0.0ms, perspective=0.0ms, detect=1.2ms, postprocess=0.0ms, fuse+track=0.0ms
2026-05-22 19:39:53,796 | INFO | [perf frame=108100] preprocess=0.0ms, perspective=0.0ms, detect=1.0ms, postprocess=0.0ms, fuse+track=0.0ms
2026-05-22 19:39:54,235 | INFO | [perf frame=108200] preprocess=0.0ms, perspective=0.0ms, detect=1.0ms, postprocess=0.0ms, fuse+track=0.0ms
2026-05-22 19:39:54,708 | INFO | [perf frame=108300] preprocess=0.0ms, perspective=0.0ms, detect=1.0ms, postprocess=0.0ms, fuse+track=0.0ms
2026-05-22 19:39:55,149 | INFO | [perf frame=108400] preprocess=0.0ms, perspective=0.0ms, detect=1.1ms, postprocess=0.0ms, fuse+track=0.0ms
2026-05-22 19:39:55,617 | INFO | [perf frame=108500] preprocess=0.0ms, perspective=0.0ms, detect=1.2ms, postprocess=0.0ms, fuse+track=0.0ms
2026-05-22 19:39:56,087 | INFO | [perf frame=108600] preprocess=0.0ms, perspective=0.0ms, detect=1.2ms, postprocess=0.0ms, fuse+track=0.0ms
2026-05-22 19:39:56,526 | INFO | [perf frame=108700] preprocess=0.0ms, perspective=0.0ms, detect=1.1ms, postprocess=0.0ms, fuse+track=0.0ms
2026-05-22 19:39:56,992 | INFO | [perf frame=108800] preprocess=0.0ms, perspective=0.0ms, detect=1.2ms, postprocess=0.0ms, fuse+track=0.0ms
2026-05-22 19:39:57,439 | INFO | [perf frame=108900] preprocess=0.0ms, perspective=0.0ms, detect=1.1ms, postprocess=0.0ms, fuse+track=0.0ms
2026-05-22 19:39:57,884 | INFO | [perf frame=109000] preprocess=0.0ms, perspective=0.0ms, detect=1.1ms, postprocess=0.0ms, fuse+track=0.0ms
2026-05-22 19:39:58,348 | INFO | [perf frame=109100] preprocess=0.0ms, perspective=0.0ms, detect=1.2ms, postprocess=0.0ms, fuse+track=0.0ms
2026-05-22 19:39:58,801 | INFO | [perf frame=109200] preprocess=0.0ms, perspective=0.0ms, detect=1.1ms, postprocess=0.0ms, fuse+track=0.0ms
2026-05-22 19:39:59,273 | INFO | [perf frame=109300] preprocess=0.0ms, perspective=0.0ms, detect=1.3ms, postprocess=0.0ms, fuse+track=0.0ms
2026-05-22 19:39:59,708 | INFO | [perf frame=109400] preprocess=0.0ms, perspective=0.0ms, detect=1.1ms, postprocess=0.0ms, fuse+track=0.0ms
2026-05-22 19:40:00,170 | INFO | [perf frame=109500] preprocess=0.0ms, perspective=0.0ms, detect=1.2ms, postprocess=0.0ms, fuse+track=0.0ms
2026-05-22 19:40:00,616 | INFO | [perf frame=109600] preprocess=0.0ms, perspective=0.0ms, detect=1.1ms, postprocess=0.0ms, fuse+track=0.0ms
2026-05-22 19:40:01,063 | INFO | [perf frame=109700] preprocess=0.0ms, perspective=0.0ms, detect=1.1ms, postprocess=0.0ms, fuse+track=0.0ms
2026-05-22 19:40:01,520 | INFO | [perf frame=109800] preprocess=0.0ms, perspective=0.0ms, detect=1.2ms, postprocess=0.0ms, fuse+track=0.0ms
2026-05-22 19:40:01,964 | INFO | [perf frame=109900] preprocess=0.0ms, perspective=0.0ms, detect=1.1ms, postprocess=0.0ms, fuse+track=0.0ms
2026-05-22 19:40:02,404 | INFO | [perf frame=110000] preprocess=0.0ms, perspective=0.0ms, detect=1.1ms, postprocess=0.0ms, fuse+track=0.0ms
2026-05-22 19:40:02,848 | INFO | [perf frame=110100] preprocess=0.0ms, perspective=0.0ms, detect=1.1ms, postprocess=0.0ms, fuse+track=0.0ms
2026-05-22 19:40:03,311 | INFO | [perf frame=110200] preprocess=0.0ms, perspective=0.0ms, detect=1.2ms, postprocess=0.0ms, fuse+track=0.0ms
2026-05-22 19:40:03,764 | INFO | [perf frame=110300] preprocess=0.0ms, perspective=0.0ms, detect=1.2ms, postprocess=0.0ms, fuse+track=0.0ms
2026-05-22 19:40:04,213 | INFO | [perf frame=110400] preprocess=0.0ms, perspective=0.0ms, detect=1.1ms, postprocess=0.0ms, fuse+track=0.0ms
2026-05-22 19:40:04,659 | INFO | [perf frame=110500] preprocess=0.0ms, perspective=0.0ms, detect=1.1ms, postprocess=0.0ms, fuse+track=0.0ms
2026-05-22 19:40:05,108 | INFO | [perf frame=110600] preprocess=0.0ms, perspective=0.0ms, detect=1.1ms, postprocess=0.0ms, fuse+track=0.0ms
2026-05-22 19:40:05,568 | INFO | [perf frame=110700] preprocess=0.0ms, perspective=0.0ms, detect=1.2ms, postprocess=0.0ms, fuse+track=0.0ms
2026-05-22 19:40:06,041 | INFO | [perf frame=110800] preprocess=0.0ms, perspective=0.0ms, detect=1.2ms, postprocess=0.0ms, fuse+track=0.0ms
2026-05-22 19:40:06,498 | INFO | [perf frame=110900] preprocess=0.0ms, perspective=0.0ms, detect=1.2ms, postprocess=0.0ms, fuse+track=0.0ms
2026-05-22 19:40:06,948 | INFO | [perf frame=111000] preprocess=0.0ms, perspective=0.0ms, detect=1.1ms, postprocess=0.0ms, fuse+track=0.0ms
2026-05-22 19:40:07,399 | INFO | [perf frame=111100] preprocess=0.0ms, perspective=0.0ms, detect=1.1ms, postprocess=0.0ms, fuse+track=0.0ms
2026-05-22 19:40:07,903 | INFO | [perf frame=111200] preprocess=0.0ms, perspective=0.0ms, detect=1.1ms, postprocess=0.0ms, fuse+track=0.0ms
2026-05-22 19:40:08,420 | INFO | [perf frame=111300] preprocess=0.0ms, perspective=0.0ms, detect=1.1ms, postprocess=0.0ms, fuse+track=0.1ms
2026-05-22 19:40:08,940 | INFO | [perf frame=111400] preprocess=0.0ms, perspective=0.0ms, detect=1.1ms, postprocess=0.0ms, fuse+track=0.1ms
2026-05-22 19:40:09,456 | INFO | [perf frame=111500] preprocess=0.0ms, perspective=0.0ms, detect=1.1ms, postprocess=0.0ms, fuse+track=0.1ms
2026-05-22 19:40:09,973 | INFO | [perf frame=111600] preprocess=0.0ms, perspective=0.0ms, detect=1.2ms, postprocess=0.0ms, fuse+track=0.1ms
2026-05-22 19:40:10,490 | INFO | [perf frame=111700] preprocess=0.0ms, perspective=0.0ms, detect=1.1ms, postprocess=0.0ms, fuse+track=0.1ms
2026-05-22 19:40:11,073 | INFO | [perf frame=111800] preprocess=0.0ms, perspective=0.0ms, detect=1.2ms, postprocess=0.0ms, fuse+track=0.1ms
2026-05-22 19:40:11,579 | INFO | [perf frame=111900] preprocess=0.0ms, perspective=0.0ms, detect=1.1ms, postprocess=0.0ms, fuse+track=0.1ms
2026-05-22 19:40:12,103 | INFO | [perf frame=112000] preprocess=0.0ms, perspective=0.0ms, detect=1.1ms, postprocess=0.0ms, fuse+track=0.1ms
2026-05-22 19:40:12,630 | INFO | [perf frame=112100] preprocess=0.0ms, perspective=0.0ms, detect=1.1ms, postprocess=0.0ms, fuse+track=0.1ms
2026-05-22 19:40:13,139 | INFO | [perf frame=112200] preprocess=0.0ms, perspective=0.0ms, detect=1.1ms, postprocess=0.0ms, fuse+track=0.1ms
2026-05-22 19:40:13,594 | INFO | [perf frame=112300] preprocess=0.0ms, perspective=0.0ms, detect=1.2ms, postprocess=0.0ms, fuse+track=0.0ms
2026-05-22 19:40:14,046 | INFO | [perf frame=112400] preprocess=0.0ms, perspective=0.0ms, detect=1.2ms, postprocess=0.0ms, fuse+track=0.0ms
2026-05-22 19:40:14,489 | INFO | [perf frame=112500] preprocess=0.0ms, perspective=0.0ms, detect=1.1ms, postprocess=0.0ms, fuse+track=0.0ms
2026-05-22 19:40:14,927 | INFO | [perf frame=112600] preprocess=0.0ms, perspective=0.0ms, detect=1.1ms, postprocess=0.0ms, fuse+track=0.0ms
2026-05-22 19:40:15,372 | INFO | [perf frame=112700] preprocess=0.0ms, perspective=0.0ms, detect=1.1ms, postprocess=0.0ms, fuse+track=0.0ms
2026-05-22 19:40:15,838 | INFO | [perf frame=112800] preprocess=0.0ms, perspective=0.0ms, detect=1.0ms, postprocess=0.0ms, fuse+track=0.0ms
2026-05-22 19:40:16,315 | INFO | [perf frame=112900] preprocess=0.0ms, perspective=0.0ms, detect=1.2ms, postprocess=0.0ms, fuse+track=0.0ms
2026-05-22 19:40:16,774 | INFO | [perf frame=113000] preprocess=0.0ms, perspective=0.0ms, detect=1.2ms, postprocess=0.0ms, fuse+track=0.0ms
2026-05-22 19:40:17,244 | INFO | [perf frame=113100] preprocess=0.0ms, perspective=0.0ms, detect=1.2ms, postprocess=0.0ms, fuse+track=0.0ms
2026-05-22 19:40:17,696 | INFO | [perf frame=113200] preprocess=0.0ms, perspective=0.0ms, detect=1.1ms, postprocess=0.0ms, fuse+track=0.0ms
2026-05-22 19:40:18,160 | INFO | [perf frame=113300] preprocess=0.0ms, perspective=0.0ms, detect=1.1ms, postprocess=0.0ms, fuse+track=0.0ms
2026-05-22 19:40:18,627 | INFO | [perf frame=113400] preprocess=0.0ms, perspective=0.0ms, detect=1.2ms, postprocess=0.0ms, fuse+track=0.0ms
2026-05-22 19:40:19,087 | INFO | [perf frame=113500] preprocess=0.0ms, perspective=0.0ms, detect=1.2ms, postprocess=0.0ms, fuse+track=0.0ms
2026-05-22 19:40:19,546 | INFO | [perf frame=113600] preprocess=0.0ms, perspective=0.0ms, detect=1.2ms, postprocess=0.0ms, fuse+track=0.0ms
2026-05-22 19:40:19,999 | INFO | [perf frame=113700] preprocess=0.0ms, perspective=0.0ms, detect=1.1ms, postprocess=0.0ms, fuse+track=0.0ms
2026-05-22 19:40:20,464 | INFO | [perf frame=113800] preprocess=0.0ms, perspective=0.0ms, detect=1.1ms, postprocess=0.0ms, fuse+track=0.0ms
2026-05-22 19:40:20,928 | INFO | [perf frame=113900] preprocess=0.0ms, perspective=0.0ms, detect=1.2ms, postprocess=0.0ms, fuse+track=0.0ms
2026-05-22 19:40:21,380 | INFO | [perf frame=114000] preprocess=0.0ms, perspective=0.0ms, detect=1.1ms, postprocess=0.0ms, fuse+track=0.0ms
2026-05-22 19:40:21,842 | INFO | [perf frame=114100] preprocess=0.0ms, perspective=0.0ms, detect=1.2ms, postprocess=0.0ms, fuse+track=0.0ms
2026-05-22 19:40:22,306 | INFO | [perf frame=114200] preprocess=0.0ms, perspective=0.0ms, detect=1.1ms, postprocess=0.0ms, fuse+track=0.0ms
2026-05-22 19:40:22,761 | INFO | [perf frame=114300] preprocess=0.0ms, perspective=0.0ms, detect=1.1ms, postprocess=0.0ms, fuse+track=0.0ms
2026-05-22 19:40:23,228 | INFO | [perf frame=114400] preprocess=0.0ms, perspective=0.0ms, detect=1.1ms, postprocess=0.0ms, fuse+track=0.0ms
2026-05-22 19:40:23,691 | INFO | [perf frame=114500] preprocess=0.0ms, perspective=0.0ms, detect=1.1ms, postprocess=0.0ms, fuse+track=0.0ms
2026-05-22 19:40:24,142 | INFO | [perf frame=114600] preprocess=0.0ms, perspective=0.0ms, detect=1.1ms, postprocess=0.0ms, fuse+track=0.0ms
2026-05-22 19:40:24,601 | INFO | [perf frame=114700] preprocess=0.0ms, perspective=0.0ms, detect=1.1ms, postprocess=0.0ms, fuse+track=0.0ms
2026-05-22 19:40:25,056 | INFO | [perf frame=114800] preprocess=0.0ms, perspective=0.0ms, detect=1.2ms, postprocess=0.0ms, fuse+track=0.0ms
2026-05-22 19:40:25,518 | INFO | [perf frame=114900] preprocess=0.0ms, perspective=0.0ms, detect=1.2ms, postprocess=0.0ms, fuse+track=0.0ms
2026-05-22 19:40:25,975 | INFO | [perf frame=115000] preprocess=0.0ms, perspective=0.0ms, detect=1.1ms, postprocess=0.0ms, fuse+track=0.0ms
2026-05-22 19:40:26,444 | INFO | [perf frame=115100] preprocess=0.0ms, perspective=0.0ms, detect=1.1ms, postprocess=0.0ms, fuse+track=0.0ms
2026-05-22 19:40:26,893 | INFO | [perf frame=115200] preprocess=0.0ms, perspective=0.0ms, detect=1.1ms, postprocess=0.0ms, fuse+track=0.0ms
2026-05-22 19:40:27,346 | INFO | [perf frame=115300] preprocess=0.0ms, perspective=0.0ms, detect=1.1ms, postprocess=0.0ms, fuse+track=0.0ms
2026-05-22 19:40:27,796 | INFO | [perf frame=115400] preprocess=0.0ms, perspective=0.0ms, detect=1.1ms, postprocess=0.0ms, fuse+track=0.0ms
2026-05-22 19:40:28,243 | INFO | [perf frame=115500] preprocess=0.0ms, perspective=0.0ms, detect=1.2ms, postprocess=0.0ms, fuse+track=0.0ms
2026-05-22 19:40:28,697 | INFO | [perf frame=115600] preprocess=0.0ms, perspective=0.0ms, detect=1.2ms, postprocess=0.0ms, fuse+track=0.0ms
2026-05-22 19:40:29,149 | INFO | [perf frame=115700] preprocess=0.0ms, perspective=0.0ms, detect=1.2ms, postprocess=0.0ms, fuse+track=0.0ms
2026-05-22 19:40:29,606 | INFO | [perf frame=115800] preprocess=0.0ms, perspective=0.0ms, detect=1.2ms, postprocess=0.0ms, fuse+track=0.0ms
2026-05-22 19:40:30,051 | INFO | [perf frame=115900] preprocess=0.0ms, perspective=0.0ms, detect=1.1ms, postprocess=0.0ms, fuse+track=0.0ms
2026-05-22 19:40:30,508 | INFO | [perf frame=116000] preprocess=0.0ms, perspective=0.0ms, detect=1.2ms, postprocess=0.0ms, fuse+track=0.0ms
2026-05-22 19:40:30,961 | INFO | [perf frame=116100] preprocess=0.0ms, perspective=0.0ms, detect=1.2ms, postprocess=0.0ms, fuse+track=0.0ms
2026-05-22 19:40:31,414 | INFO | [perf frame=116200] preprocess=0.0ms, perspective=0.0ms, detect=1.1ms, postprocess=0.0ms, fuse+track=0.0ms
2026-05-22 19:40:31,877 | INFO | [perf frame=116300] preprocess=0.0ms, perspective=0.0ms, detect=1.2ms, postprocess=0.0ms, fuse+track=0.0ms
2026-05-22 19:40:32,321 | INFO | [perf frame=116400] preprocess=0.0ms, perspective=0.0ms, detect=1.2ms, postprocess=0.0ms, fuse+track=0.0ms
2026-05-22 19:40:32,772 | INFO | [perf frame=116500] preprocess=0.0ms, perspective=0.0ms, detect=1.1ms, postprocess=0.0ms, fuse+track=0.0ms
2026-05-22 19:40:33,219 | INFO | [perf frame=116600] preprocess=0.0ms, perspective=0.0ms, detect=1.2ms, postprocess=0.0ms, fuse+track=0.0ms
2026-05-22 19:40:33,666 | INFO | [perf frame=116700] preprocess=0.0ms, perspective=0.0ms, detect=1.1ms, postprocess=0.0ms, fuse+track=0.0ms
2026-05-22 19:40:34,116 | INFO | [perf frame=116800] preprocess=0.0ms, perspective=0.0ms, detect=1.2ms, postprocess=0.0ms, fuse+track=0.0ms
2026-05-22 19:40:34,567 | INFO | [perf frame=116900] preprocess=0.0ms, perspective=0.0ms, detect=1.2ms, postprocess=0.0ms, fuse+track=0.0ms
2026-05-22 19:40:35,018 | INFO | [perf frame=117000] preprocess=0.0ms, perspective=0.0ms, detect=1.1ms, postprocess=0.0ms, fuse+track=0.0ms
2026-05-22 19:40:35,478 | INFO | [perf frame=117100] preprocess=0.0ms, perspective=0.0ms, detect=1.2ms, postprocess=0.0ms, fuse+track=0.0ms
2026-05-22 19:40:35,931 | INFO | [perf frame=117200] preprocess=0.0ms, perspective=0.0ms, detect=1.2ms, postprocess=0.0ms, fuse+track=0.0ms
2026-05-22 19:40:36,399 | INFO | [perf frame=117300] preprocess=0.0ms, perspective=0.0ms, detect=1.2ms, postprocess=0.0ms, fuse+track=0.0ms
2026-05-22 19:40:36,848 | INFO | [perf frame=117400] preprocess=0.0ms, perspective=0.0ms, detect=1.2ms, postprocess=0.0ms, fuse+track=0.0ms
2026-05-22 19:40:37,311 | INFO | [perf frame=117500] preprocess=0.0ms, perspective=0.0ms, detect=1.2ms, postprocess=0.0ms, fuse+track=0.0ms
2026-05-22 19:40:37,782 | INFO | [perf frame=117600] preprocess=0.0ms, perspective=0.0ms, detect=1.2ms, postprocess=0.0ms, fuse+track=0.0ms
2026-05-22 19:40:38,225 | INFO | [perf frame=117700] preprocess=0.0ms, perspective=0.0ms, detect=1.1ms, postprocess=0.0ms, fuse+track=0.0ms
2026-05-22 19:40:38,680 | INFO | [perf frame=117800] preprocess=0.0ms, perspective=0.0ms, detect=1.2ms, postprocess=0.0ms, fuse+track=0.0ms
2026-05-22 19:40:39,144 | INFO | [perf frame=117900] preprocess=0.0ms, perspective=0.0ms, detect=1.3ms, postprocess=0.0ms, fuse+track=0.0ms
2026-05-22 19:40:39,600 | INFO | [perf frame=118000] preprocess=0.0ms, perspective=0.0ms, detect=1.2ms, postprocess=0.0ms, fuse+track=0.0ms
2026-05-22 19:40:40,054 | INFO | [perf frame=118100] preprocess=0.0ms, perspective=0.0ms, detect=1.2ms, postprocess=0.0ms, fuse+track=0.0ms
2026-05-22 19:40:40,503 | INFO | [perf frame=118200] preprocess=0.0ms, perspective=0.0ms, detect=1.1ms, postprocess=0.0ms, fuse+track=0.0ms
2026-05-22 19:40:40,944 | INFO | [perf frame=118300] preprocess=0.0ms, perspective=0.0ms, detect=1.1ms, postprocess=0.0ms, fuse+track=0.0ms
2026-05-22 19:40:41,388 | INFO | [perf frame=118400] preprocess=0.0ms, perspective=0.0ms, detect=1.2ms, postprocess=0.0ms, fuse+track=0.0ms
2026-05-22 19:40:41,835 | INFO | [perf frame=118500] preprocess=0.0ms, perspective=0.0ms, detect=1.1ms, postprocess=0.0ms, fuse+track=0.0ms
2026-05-22 19:40:42,300 | INFO | [perf frame=118600] preprocess=0.0ms, perspective=0.0ms, detect=1.2ms, postprocess=0.0ms, fuse+track=0.0ms
2026-05-22 19:40:42,809 | INFO | [perf frame=118700] preprocess=0.0ms, perspective=0.0ms, detect=1.2ms, postprocess=0.0ms, fuse+track=0.0ms
2026-05-22 19:40:43,319 | INFO | [perf frame=118800] preprocess=0.0ms, perspective=0.0ms, detect=1.2ms, postprocess=0.0ms, fuse+track=0.0ms
2026-05-22 19:40:43,870 | INFO | [perf frame=118900] preprocess=0.0ms, perspective=0.0ms, detect=1.2ms, postprocess=0.0ms, fuse+track=0.0ms
2026-05-22 19:40:44,406 | INFO | [perf frame=119000] preprocess=0.0ms, perspective=0.0ms, detect=1.2ms, postprocess=0.0ms, fuse+track=0.1ms
2026-05-22 19:40:44,926 | INFO | [perf frame=119100] preprocess=0.0ms, perspective=0.0ms, detect=1.2ms, postprocess=0.0ms, fuse+track=0.1ms
2026-05-22 19:40:45,459 | INFO | [perf frame=119200] preprocess=0.0ms, perspective=0.0ms, detect=1.2ms, postprocess=0.0ms, fuse+track=0.1ms
2026-05-22 19:40:45,996 | INFO | [perf frame=119300] preprocess=0.0ms, perspective=0.0ms, detect=1.2ms, postprocess=0.0ms, fuse+track=0.1ms
2026-05-22 19:40:46,526 | INFO | [perf frame=119400] preprocess=0.0ms, perspective=0.0ms, detect=1.2ms, postprocess=0.0ms, fuse+track=0.1ms
2026-05-22 19:40:47,048 | INFO | [perf frame=119500] preprocess=0.0ms, perspective=0.0ms, detect=1.1ms, postprocess=0.0ms, fuse+track=0.1ms
2026-05-22 19:40:47,599 | INFO | [perf frame=119600] preprocess=0.0ms, perspective=0.0ms, detect=1.2ms, postprocess=0.0ms, fuse+track=0.1ms
2026-05-22 19:40:48,155 | INFO | [perf frame=119700] preprocess=0.0ms, perspective=0.0ms, detect=1.2ms, postprocess=0.0ms, fuse+track=0.1ms
2026-05-22 19:40:48,716 | INFO | [perf frame=119800] preprocess=0.0ms, perspective=0.0ms, detect=1.1ms, postprocess=0.0ms, fuse+track=0.1ms
2026-05-22 19:40:49,265 | INFO | [perf frame=119900] preprocess=0.0ms, perspective=0.0ms, detect=1.1ms, postprocess=0.0ms, fuse+track=0.1ms
2026-05-22 19:40:49,797 | INFO | [perf frame=120000] preprocess=0.0ms, perspective=0.0ms, detect=1.0ms, postprocess=0.0ms, fuse+track=0.1ms
2026-05-22 19:40:50,358 | INFO | [perf frame=120100] preprocess=0.0ms, perspective=0.0ms, detect=1.1ms, postprocess=0.0ms, fuse+track=0.1ms
2026-05-22 19:40:50,882 | INFO | [perf frame=120200] preprocess=0.0ms, perspective=0.0ms, detect=1.1ms, postprocess=0.0ms, fuse+track=0.1ms
2026-05-22 19:40:51,412 | INFO | [perf frame=120300] preprocess=0.0ms, perspective=0.0ms, detect=1.1ms, postprocess=0.0ms, fuse+track=0.1ms
2026-05-22 19:40:51,910 | INFO | [perf frame=120400] preprocess=0.0ms, perspective=0.0ms, detect=1.0ms, postprocess=0.0ms, fuse+track=0.1ms
2026-05-22 19:40:52,454 | INFO | [perf frame=120500] preprocess=0.0ms, perspective=0.0ms, detect=1.0ms, postprocess=0.0ms, fuse+track=0.1ms
2026-05-22 19:40:52,997 | INFO | [perf frame=120600] preprocess=0.0ms, perspective=0.0ms, detect=1.0ms, postprocess=0.0ms, fuse+track=0.1ms
2026-05-22 19:40:53,493 | INFO | [perf frame=120700] preprocess=0.0ms, perspective=0.0ms, detect=1.0ms, postprocess=0.0ms, fuse+track=0.1ms
2026-05-22 19:40:54,021 | INFO | [perf frame=120800] preprocess=0.0ms, perspective=0.0ms, detect=1.0ms, postprocess=0.0ms, fuse+track=0.1ms
2026-05-22 19:40:54,541 | INFO | [perf frame=120900] preprocess=0.0ms, perspective=0.0ms, detect=1.1ms, postprocess=0.0ms, fuse+track=0.1ms
2026-05-22 19:40:55,056 | INFO | [perf frame=121000] preprocess=0.0ms, perspective=0.0ms, detect=1.1ms, postprocess=0.0ms, fuse+track=0.1ms
2026-05-22 19:40:55,564 | INFO | [perf frame=121100] preprocess=0.0ms, perspective=0.0ms, detect=1.1ms, postprocess=0.0ms, fuse+track=0.1ms
2026-05-22 19:40:56,070 | INFO | [perf frame=121200] preprocess=0.0ms, perspective=0.0ms, detect=1.1ms, postprocess=0.0ms, fuse+track=0.1ms
2026-05-22 19:40:56,587 | INFO | [perf frame=121300] preprocess=0.0ms, perspective=0.0ms, detect=1.1ms, postprocess=0.0ms, fuse+track=0.1ms
2026-05-22 19:40:57,089 | INFO | [perf frame=121400] preprocess=0.0ms, perspective=0.0ms, detect=1.1ms, postprocess=0.0ms, fuse+track=0.1ms
2026-05-22 19:40:57,605 | INFO | [perf frame=121500] preprocess=0.0ms, perspective=0.0ms, detect=1.1ms, postprocess=0.0ms, fuse+track=0.1ms
2026-05-22 19:40:58,116 | INFO | [perf frame=121600] preprocess=0.0ms, perspective=0.0ms, detect=1.1ms, postprocess=0.0ms, fuse+track=0.1ms
2026-05-22 19:40:58,627 | INFO | [perf frame=121700] preprocess=0.0ms, perspective=0.0ms, detect=1.1ms, postprocess=0.0ms, fuse+track=0.1ms
2026-05-22 19:40:59,166 | INFO | [perf frame=121800] preprocess=0.0ms, perspective=0.0ms, detect=1.2ms, postprocess=0.0ms, fuse+track=0.1ms
2026-05-22 19:40:59,678 | INFO | [perf frame=121900] preprocess=0.0ms, perspective=0.0ms, detect=1.1ms, postprocess=0.0ms, fuse+track=0.1ms
2026-05-22 19:41:00,191 | INFO | [perf frame=122000] preprocess=0.0ms, perspective=0.0ms, detect=1.1ms, postprocess=0.0ms, fuse+track=0.1ms
2026-05-22 19:41:00,706 | INFO | [perf frame=122100] preprocess=0.0ms, perspective=0.0ms, detect=1.1ms, postprocess=0.0ms, fuse+track=0.1ms
2026-05-22 19:41:01,237 | INFO | [perf frame=122200] preprocess=0.0ms, perspective=0.0ms, detect=1.1ms, postprocess=0.0ms, fuse+track=0.1ms
2026-05-22 19:41:01,750 | INFO | [perf frame=122300] preprocess=0.0ms, perspective=0.0ms, detect=1.1ms, postprocess=0.0ms, fuse+track=0.1ms
2026-05-22 19:41:02,281 | INFO | [perf frame=122400] preprocess=0.0ms, perspective=0.0ms, detect=1.2ms, postprocess=0.0ms, fuse+track=0.1ms
2026-05-22 19:41:02,812 | INFO | [perf frame=122500] preprocess=0.0ms, perspective=0.0ms, detect=1.1ms, postprocess=0.0ms, fuse+track=0.1ms
2026-05-22 19:41:03,337 | INFO | [perf frame=122600] preprocess=0.0ms, perspective=0.0ms, detect=1.2ms, postprocess=0.0ms, fuse+track=0.1ms
2026-05-22 19:41:03,868 | INFO | [perf frame=122700] preprocess=0.0ms, perspective=0.0ms, detect=1.1ms, postprocess=0.0ms, fuse+track=0.1ms
2026-05-22 19:41:04,422 | INFO | [perf frame=122800] preprocess=0.0ms, perspective=0.0ms, detect=1.1ms, postprocess=0.0ms, fuse+track=0.1ms
2026-05-22 19:41:04,947 | INFO | [perf frame=122900] preprocess=0.0ms, perspective=0.0ms, detect=1.1ms, postprocess=0.0ms, fuse+track=0.1ms
2026-05-22 19:41:05,392 | INFO | [perf frame=123000] preprocess=0.0ms, perspective=0.0ms, detect=1.1ms, postprocess=0.0ms, fuse+track=0.0ms
2026-05-22 19:41:05,850 | INFO | [perf frame=123100] preprocess=0.0ms, perspective=0.0ms, detect=1.2ms, postprocess=0.0ms, fuse+track=0.0ms
2026-05-22 19:41:06,294 | INFO | [perf frame=123200] preprocess=0.0ms, perspective=0.0ms, detect=1.1ms, postprocess=0.0ms, fuse+track=0.0ms
2026-05-22 19:41:06,748 | INFO | [perf frame=123300] preprocess=0.0ms, perspective=0.0ms, detect=1.2ms, postprocess=0.0ms, fuse+track=0.0ms
2026-05-22 19:41:07,199 | INFO | [perf frame=123400] preprocess=0.0ms, perspective=0.0ms, detect=1.1ms, postprocess=0.0ms, fuse+track=0.0ms
2026-05-22 19:41:07,652 | INFO | [perf frame=123500] preprocess=0.0ms, perspective=0.0ms, detect=1.1ms, postprocess=0.0ms, fuse+track=0.0ms
2026-05-22 19:41:08,094 | INFO | [perf frame=123600] preprocess=0.0ms, perspective=0.0ms, detect=1.1ms, postprocess=0.0ms, fuse+track=0.0ms
2026-05-22 19:41:08,552 | INFO | [perf frame=123700] preprocess=0.0ms, perspective=0.0ms, detect=1.1ms, postprocess=0.0ms, fuse+track=0.0ms
2026-05-22 19:41:08,998 | INFO | [perf frame=123800] preprocess=0.0ms, perspective=0.0ms, detect=1.1ms, postprocess=0.0ms, fuse+track=0.0ms
2026-05-22 19:41:09,439 | INFO | [perf frame=123900] preprocess=0.0ms, perspective=0.0ms, detect=1.1ms, postprocess=0.0ms, fuse+track=0.0ms
2026-05-22 19:41:09,895 | INFO | [perf frame=124000] preprocess=0.0ms, perspective=0.0ms, detect=1.1ms, postprocess=0.0ms, fuse+track=0.0ms
2026-05-22 19:41:10,341 | INFO | [perf frame=124100] preprocess=0.0ms, perspective=0.0ms, detect=1.1ms, postprocess=0.0ms, fuse+track=0.0ms
2026-05-22 19:41:10,810 | INFO | [perf frame=124200] preprocess=0.0ms, perspective=0.0ms, detect=1.2ms, postprocess=0.0ms, fuse+track=0.0ms
2026-05-22 19:41:11,279 | INFO | [perf frame=124300] preprocess=0.0ms, perspective=0.0ms, detect=1.2ms, postprocess=0.0ms, fuse+track=0.0ms
2026-05-22 19:41:11,753 | INFO | [perf frame=124400] preprocess=0.0ms, perspective=0.0ms, detect=1.3ms, postprocess=0.0ms, fuse+track=0.0ms
2026-05-22 19:41:12,207 | INFO | [perf frame=124500] preprocess=0.0ms, perspective=0.0ms, detect=1.2ms, postprocess=0.0ms, fuse+track=0.0ms
2026-05-22 19:41:12,670 | INFO | [perf frame=124600] preprocess=0.0ms, perspective=0.0ms, detect=1.0ms, postprocess=0.0ms, fuse+track=0.0ms
2026-05-22 19:41:13,130 | INFO | [perf frame=124700] preprocess=0.0ms, perspective=0.0ms, detect=1.2ms, postprocess=0.0ms, fuse+track=0.0ms
2026-05-22 19:41:13,578 | INFO | [perf frame=124800] preprocess=0.0ms, perspective=0.0ms, detect=1.1ms, postprocess=0.0ms, fuse+track=0.0ms
2026-05-22 19:41:14,031 | INFO | [perf frame=124900] preprocess=0.0ms, perspective=0.0ms, detect=1.1ms, postprocess=0.0ms, fuse+track=0.0ms
2026-05-22 19:41:14,487 | INFO | [perf frame=125000] preprocess=0.0ms, perspective=0.0ms, detect=1.2ms, postprocess=0.0ms, fuse+track=0.0ms
2026-05-22 19:41:14,937 | INFO | [perf frame=125100] preprocess=0.0ms, perspective=0.0ms, detect=1.2ms, postprocess=0.0ms, fuse+track=0.0ms
2026-05-22 19:41:15,392 | INFO | [perf frame=125200] preprocess=0.0ms, perspective=0.0ms, detect=1.2ms, postprocess=0.0ms, fuse+track=0.0ms
2026-05-22 19:41:15,842 | INFO | [perf frame=125300] preprocess=0.0ms, perspective=0.0ms, detect=1.2ms, postprocess=0.0ms, fuse+track=0.0ms
2026-05-22 19:41:16,293 | INFO | [perf frame=125400] preprocess=0.0ms, perspective=0.0ms, detect=1.2ms, postprocess=0.0ms, fuse+track=0.0ms
2026-05-22 19:41:16,758 | INFO | [perf frame=125500] preprocess=0.0ms, perspective=0.0ms, detect=1.2ms, postprocess=0.0ms, fuse+track=0.0ms
2026-05-22 19:41:17,196 | INFO | [perf frame=125600] preprocess=0.0ms, perspective=0.0ms, detect=1.0ms, postprocess=0.0ms, fuse+track=0.0ms
2026-05-22 19:41:17,649 | INFO | [perf frame=125700] preprocess=0.0ms, perspective=0.0ms, detect=1.2ms, postprocess=0.0ms, fuse+track=0.0ms
2026-05-22 19:41:18,105 | INFO | [perf frame=125800] preprocess=0.0ms, perspective=0.0ms, detect=1.2ms, postprocess=0.0ms, fuse+track=0.0ms
2026-05-22 19:41:18,555 | INFO | [perf frame=125900] preprocess=0.0ms, perspective=0.0ms, detect=1.2ms, postprocess=0.0ms, fuse+track=0.0ms
2026-05-22 19:41:19,004 | INFO | [perf frame=126000] preprocess=0.0ms, perspective=0.0ms, detect=1.2ms, postprocess=0.0ms, fuse+track=0.0ms
2026-05-22 19:41:19,454 | INFO | [perf frame=126100] preprocess=0.0ms, perspective=0.0ms, detect=1.2ms, postprocess=0.0ms, fuse+track=0.0ms
2026-05-22 19:41:19,906 | INFO | [perf frame=126200] preprocess=0.0ms, perspective=0.0ms, detect=1.1ms, postprocess=0.0ms, fuse+track=0.0ms
2026-05-22 19:41:20,370 | INFO | [perf frame=126300] preprocess=0.0ms, perspective=0.0ms, detect=1.2ms, postprocess=0.0ms, fuse+track=0.0ms
2026-05-22 19:41:20,826 | INFO | [perf frame=126400] preprocess=0.0ms, perspective=0.0ms, detect=1.2ms, postprocess=0.0ms, fuse+track=0.0ms
2026-05-22 19:41:21,274 | INFO | [perf frame=126500] preprocess=0.0ms, perspective=0.0ms, detect=1.1ms, postprocess=0.0ms, fuse+track=0.0ms
2026-05-22 19:41:21,734 | INFO | [perf frame=126600] preprocess=0.0ms, perspective=0.0ms, detect=1.2ms, postprocess=0.0ms, fuse+track=0.0ms
2026-05-22 19:41:22,192 | INFO | [perf frame=126700] preprocess=0.0ms, perspective=0.0ms, detect=1.2ms, postprocess=0.0ms, fuse+track=0.0ms
2026-05-22 19:41:22,635 | INFO | [perf frame=126800] preprocess=0.0ms, perspective=0.0ms, detect=1.1ms, postprocess=0.0ms, fuse+track=0.0ms
2026-05-22 19:41:23,105 | INFO | [perf frame=126900] preprocess=0.0ms, perspective=0.0ms, detect=1.2ms, postprocess=0.0ms, fuse+track=0.0ms
2026-05-22 19:41:23,546 | INFO | [perf frame=127000] preprocess=0.0ms, perspective=0.0ms, detect=1.0ms, postprocess=0.0ms, fuse+track=0.0ms
2026-05-22 19:41:23,988 | INFO | [perf frame=127100] preprocess=0.0ms, perspective=0.0ms, detect=1.1ms, postprocess=0.0ms, fuse+track=0.0ms
2026-05-22 19:41:24,445 | INFO | [perf frame=127200] preprocess=0.0ms, perspective=0.0ms, detect=1.2ms, postprocess=0.0ms, fuse+track=0.0ms
2026-05-22 19:41:24,886 | INFO | [perf frame=127300] preprocess=0.0ms, perspective=0.0ms, detect=1.1ms, postprocess=0.0ms, fuse+track=0.0ms
2026-05-22 19:41:25,334 | INFO | [perf frame=127400] preprocess=0.0ms, perspective=0.0ms, detect=1.1ms, postprocess=0.0ms, fuse+track=0.0ms
2026-05-22 19:41:25,810 | INFO | [perf frame=127500] preprocess=0.0ms, perspective=0.0ms, detect=1.1ms, postprocess=0.0ms, fuse+track=0.0ms
2026-05-22 19:41:26,264 | INFO | [perf frame=127600] preprocess=0.0ms, perspective=0.0ms, detect=1.2ms, postprocess=0.0ms, fuse+track=0.0ms
2026-05-22 19:41:26,707 | INFO | [perf frame=127700] preprocess=0.0ms, perspective=0.0ms, detect=1.1ms, postprocess=0.0ms, fuse+track=0.0ms
2026-05-22 19:41:27,163 | INFO | [perf frame=127800] preprocess=0.0ms, perspective=0.0ms, detect=1.2ms, postprocess=0.0ms, fuse+track=0.0ms
2026-05-22 19:41:27,610 | INFO | [perf frame=127900] preprocess=0.0ms, perspective=0.0ms, detect=1.1ms, postprocess=0.0ms, fuse+track=0.0ms
2026-05-22 19:41:28,066 | INFO | [perf frame=128000] preprocess=0.0ms, perspective=0.0ms, detect=1.1ms, postprocess=0.0ms, fuse+track=0.0ms
2026-05-22 19:41:28,531 | INFO | [perf frame=128100] preprocess=0.0ms, perspective=0.0ms, detect=1.2ms, postprocess=0.0ms, fuse+track=0.0ms
2026-05-22 19:41:28,983 | INFO | [perf frame=128200] preprocess=0.0ms, perspective=0.0ms, detect=1.1ms, postprocess=0.0ms, fuse+track=0.0ms
2026-05-22 19:41:29,433 | INFO | [perf frame=128300] preprocess=0.0ms, perspective=0.0ms, detect=1.2ms, postprocess=0.0ms, fuse+track=0.0ms
2026-05-22 19:41:29,870 | INFO | [perf frame=128400] preprocess=0.0ms, perspective=0.0ms, detect=1.1ms, postprocess=0.0ms, fuse+track=0.0ms
2026-05-22 19:41:30,336 | INFO | [perf frame=128500] preprocess=0.0ms, perspective=0.0ms, detect=1.2ms, postprocess=0.0ms, fuse+track=0.0ms
2026-05-22 19:41:30,802 | INFO | [perf frame=128600] preprocess=0.0ms, perspective=0.0ms, detect=1.2ms, postprocess=0.0ms, fuse+track=0.0ms
2026-05-22 19:41:31,243 | INFO | [perf frame=128700] preprocess=0.0ms, perspective=0.0ms, detect=1.0ms, postprocess=0.0ms, fuse+track=0.0ms
2026-05-22 19:41:31,720 | INFO | [perf frame=128800] preprocess=0.0ms, perspective=0.0ms, detect=1.2ms, postprocess=0.0ms, fuse+track=0.0ms
2026-05-22 19:41:32,178 | INFO | [perf frame=128900] preprocess=0.0ms, perspective=0.0ms, detect=1.2ms, postprocess=0.0ms, fuse+track=0.0ms
2026-05-22 19:41:32,637 | INFO | [perf frame=129000] preprocess=0.0ms, perspective=0.0ms, detect=1.2ms, postprocess=0.0ms, fuse+track=0.0ms
2026-05-22 19:41:33,103 | INFO | [perf frame=129100] preprocess=0.0ms, perspective=0.0ms, detect=1.2ms, postprocess=0.0ms, fuse+track=0.0ms
2026-05-22 19:41:33,565 | INFO | [perf frame=129200] preprocess=0.0ms, perspective=0.0ms, detect=1.2ms, postprocess=0.0ms, fuse+track=0.0ms
2026-05-22 19:41:34,038 | INFO | [perf frame=129300] preprocess=0.0ms, perspective=0.0ms, detect=1.3ms, postprocess=0.0ms, fuse+track=0.0ms
2026-05-22 19:41:34,497 | INFO | [perf frame=129400] preprocess=0.0ms, perspective=0.0ms, detect=1.2ms, postprocess=0.0ms, fuse+track=0.0ms
2026-05-22 19:41:34,963 | INFO | [perf frame=129500] preprocess=0.0ms, perspective=0.0ms, detect=1.2ms, postprocess=0.0ms, fuse+track=0.0ms
2026-05-22 19:41:35,526 | INFO | [perf frame=129600] preprocess=0.0ms, perspective=0.0ms, detect=1.3ms, postprocess=0.0ms, fuse+track=0.0ms
2026-05-22 19:41:36,043 | INFO | [perf frame=129700] preprocess=0.0ms, perspective=0.0ms, detect=1.3ms, postprocess=0.0ms, fuse+track=0.0ms
2026-05-22 19:41:36,532 | INFO | [perf frame=129800] preprocess=0.0ms, perspective=0.0ms, detect=1.2ms, postprocess=0.0ms, fuse+track=0.0ms
2026-05-22 19:41:37,032 | INFO | [perf frame=129900] preprocess=0.0ms, perspective=0.0ms, detect=1.2ms, postprocess=0.0ms, fuse+track=0.0ms
2026-05-22 19:41:37,518 | INFO | [perf frame=130000] preprocess=0.0ms, perspective=0.0ms, detect=1.2ms, postprocess=0.0ms, fuse+track=0.0ms
2026-05-22 19:41:38,010 | INFO | [perf frame=130100] preprocess=0.0ms, perspective=0.0ms, detect=1.2ms, postprocess=0.0ms, fuse+track=0.0ms
2026-05-22 19:41:38,623 | INFO | [perf frame=130200] preprocess=0.0ms, perspective=0.0ms, detect=1.1ms, postprocess=0.0ms, fuse+track=0.0ms
2026-05-22 19:41:39,288 | INFO | [perf frame=130300] preprocess=0.0ms, perspective=0.0ms, detect=1.0ms, postprocess=0.0ms, fuse+track=0.0ms
2026-05-22 19:41:39,901 | INFO | [perf frame=130400] preprocess=0.0ms, perspective=0.0ms, detect=1.0ms, postprocess=0.0ms, fuse+track=0.0ms
2026-05-22 19:41:40,534 | INFO | [perf frame=130500] preprocess=0.0ms, perspective=0.0ms, detect=1.1ms, postprocess=0.0ms, fuse+track=0.0ms
2026-05-22 19:41:41,175 | INFO | [perf frame=130600] preprocess=0.0ms, perspective=0.0ms, detect=1.1ms, postprocess=0.0ms, fuse+track=0.0ms
2026-05-22 19:41:41,802 | INFO | [perf frame=130700] preprocess=0.0ms, perspective=0.0ms, detect=1.0ms, postprocess=0.0ms, fuse+track=0.0ms
2026-05-22 19:41:42,423 | INFO | [perf frame=130800] preprocess=0.0ms, perspective=0.0ms, detect=1.0ms, postprocess=0.0ms, fuse+track=0.0ms
2026-05-22 19:41:43,033 | INFO | [perf frame=130900] preprocess=0.0ms, perspective=0.0ms, detect=1.0ms, postprocess=0.0ms, fuse+track=0.0ms
2026-05-22 19:41:43,701 | INFO | [perf frame=131000] preprocess=0.0ms, perspective=0.0ms, detect=1.2ms, postprocess=0.0ms, fuse+track=0.0ms
2026-05-22 19:41:44,356 | INFO | [perf frame=131100] preprocess=0.0ms, perspective=0.0ms, detect=1.1ms, postprocess=0.0ms, fuse+track=0.0ms
2026-05-22 19:41:45,036 | INFO | [perf frame=131200] preprocess=0.0ms, perspective=0.0ms, detect=1.0ms, postprocess=0.0ms, fuse+track=0.0ms
2026-05-22 19:41:45,873 | INFO | [perf frame=131300] preprocess=0.0ms, perspective=0.0ms, detect=1.0ms, postprocess=0.0ms, fuse+track=0.1ms
2026-05-22 19:41:46,645 | INFO | [perf frame=131400] preprocess=0.0ms, perspective=0.0ms, detect=1.1ms, postprocess=0.0ms, fuse+track=0.1ms
2026-05-22 19:41:47,345 | INFO | [perf frame=131500] preprocess=0.0ms, perspective=0.0ms, detect=1.1ms, postprocess=0.0ms, fuse+track=0.1ms
2026-05-22 19:41:48,073 | INFO | [perf frame=131600] preprocess=0.0ms, perspective=0.0ms, detect=1.1ms, postprocess=0.0ms, fuse+track=0.1ms
2026-05-22 19:41:48,774 | INFO | [perf frame=131700] preprocess=0.0ms, perspective=0.0ms, detect=1.0ms, postprocess=0.0ms, fuse+track=0.1ms
2026-05-22 19:41:49,507 | INFO | [perf frame=131800] preprocess=0.0ms, perspective=0.0ms, detect=1.1ms, postprocess=0.0ms, fuse+track=0.0ms
2026-05-22 19:41:50,137 | INFO | [perf frame=131900] preprocess=0.0ms, perspective=0.0ms, detect=1.0ms, postprocess=0.0ms, fuse+track=0.0ms
2026-05-22 19:41:50,777 | INFO | [perf frame=132000] preprocess=0.0ms, perspective=0.0ms, detect=1.1ms, postprocess=0.0ms, fuse+track=0.0ms
2026-05-22 19:41:51,414 | INFO | [perf frame=132100] preprocess=0.0ms, perspective=0.0ms, detect=1.1ms, postprocess=0.0ms, fuse+track=0.0ms
2026-05-22 19:41:52,048 | INFO | [perf frame=132200] preprocess=0.0ms, perspective=0.0ms, detect=1.1ms, postprocess=0.0ms, fuse+track=0.0ms
2026-05-22 19:41:52,702 | INFO | [perf frame=132300] preprocess=0.0ms, perspective=0.0ms, detect=1.1ms, postprocess=0.0ms, fuse+track=0.0ms
2026-05-22 19:41:53,533 | INFO | [perf frame=132400] preprocess=0.0ms, perspective=0.0ms, detect=0.9ms, postprocess=0.0ms, fuse+track=0.0ms
2026-05-22 19:41:54,407 | INFO | [perf frame=132500] preprocess=0.0ms, perspective=0.0ms, detect=0.9ms, postprocess=0.0ms, fuse+track=0.0ms
2026-05-22 19:41:55,100 | INFO | [perf frame=132600] preprocess=0.0ms, perspective=0.0ms, detect=1.1ms, postprocess=0.0ms, fuse+track=0.0ms
2026-05-22 19:41:55,579 | INFO | [perf frame=132700] preprocess=0.0ms, perspective=0.0ms, detect=1.2ms, postprocess=0.0ms, fuse+track=0.0ms
2026-05-22 19:41:56,060 | INFO | [perf frame=132800] preprocess=0.0ms, perspective=0.0ms, detect=1.2ms, postprocess=0.0ms, fuse+track=0.0ms
2026-05-22 19:41:56,569 | INFO | [perf frame=132900] preprocess=0.0ms, perspective=0.0ms, detect=1.3ms, postprocess=0.0ms, fuse+track=0.0ms
2026-05-22 19:41:57,074 | INFO | [perf frame=133000] preprocess=0.0ms, perspective=0.0ms, detect=1.1ms, postprocess=0.0ms, fuse+track=0.0ms
2026-05-22 19:41:57,558 | INFO | [perf frame=133100] preprocess=0.0ms, perspective=0.0ms, detect=1.2ms, postprocess=0.0ms, fuse+track=0.0ms
2026-05-22 19:41:58,026 | INFO | [perf frame=133200] preprocess=0.0ms, perspective=0.0ms, detect=1.2ms, postprocess=0.0ms, fuse+track=0.0ms
2026-05-22 19:41:58,495 | INFO | [perf frame=133300] preprocess=0.0ms, perspective=0.0ms, detect=1.1ms, postprocess=0.0ms, fuse+track=0.0ms
2026-05-22 19:41:58,967 | INFO | [perf frame=133400] preprocess=0.0ms, perspective=0.0ms, detect=1.1ms, postprocess=0.0ms, fuse+track=0.0ms
2026-05-22 19:41:59,478 | INFO | [perf frame=133500] preprocess=0.0ms, perspective=0.0ms, detect=1.3ms, postprocess=0.0ms, fuse+track=0.0ms
2026-05-22 19:41:59,973 | INFO | [perf frame=133600] preprocess=0.0ms, perspective=0.0ms, detect=1.2ms, postprocess=0.0ms, fuse+track=0.0ms
2026-05-22 19:42:00,484 | INFO | [perf frame=133700] preprocess=0.0ms, perspective=0.0ms, detect=1.3ms, postprocess=0.0ms, fuse+track=0.0ms
2026-05-22 19:42:00,969 | INFO | [perf frame=133800] preprocess=0.0ms, perspective=0.0ms, detect=1.2ms, postprocess=0.0ms, fuse+track=0.0ms
2026-05-22 19:42:01,450 | INFO | [perf frame=133900] preprocess=0.0ms, perspective=0.0ms, detect=1.2ms, postprocess=0.0ms, fuse+track=0.0ms
2026-05-22 19:42:01,920 | INFO | [perf frame=134000] preprocess=0.0ms, perspective=0.0ms, detect=1.1ms, postprocess=0.0ms, fuse+track=0.0ms
2026-05-22 19:42:02,409 | INFO | [perf frame=134100] preprocess=0.0ms, perspective=0.0ms, detect=1.2ms, postprocess=0.0ms, fuse+track=0.0ms
2026-05-22 19:42:02,890 | INFO | [perf frame=134200] preprocess=0.0ms, perspective=0.0ms, detect=1.2ms, postprocess=0.0ms, fuse+track=0.0ms
2026-05-22 19:42:03,377 | INFO | [perf frame=134300] preprocess=0.0ms, perspective=0.0ms, detect=1.2ms, postprocess=0.0ms, fuse+track=0.0ms
2026-05-22 19:42:03,858 | INFO | [perf frame=134400] preprocess=0.0ms, perspective=0.0ms, detect=1.2ms, postprocess=0.0ms, fuse+track=0.0ms
2026-05-22 19:42:04,328 | INFO | [perf frame=134500] preprocess=0.0ms, perspective=0.0ms, detect=1.1ms, postprocess=0.0ms, fuse+track=0.0ms
2026-05-22 19:42:04,806 | INFO | [perf frame=134600] preprocess=0.0ms, perspective=0.0ms, detect=1.2ms, postprocess=0.0ms, fuse+track=0.0ms
2026-05-22 19:42:05,297 | INFO | [perf frame=134700] preprocess=0.0ms, perspective=0.0ms, detect=1.2ms, postprocess=0.0ms, fuse+track=0.0ms
2026-05-22 19:42:05,790 | INFO | [perf frame=134800] preprocess=0.0ms, perspective=0.0ms, detect=1.3ms, postprocess=0.0ms, fuse+track=0.0ms
2026-05-22 19:42:06,286 | INFO | [perf frame=134900] preprocess=0.0ms, perspective=0.0ms, detect=1.3ms, postprocess=0.0ms, fuse+track=0.0ms
2026-05-22 19:42:06,765 | INFO | [perf frame=135000] preprocess=0.0ms, perspective=0.0ms, detect=1.2ms, postprocess=0.0ms, fuse+track=0.0ms
2026-05-22 19:42:07,242 | INFO | [perf frame=135100] preprocess=0.0ms, perspective=0.0ms, detect=1.2ms, postprocess=0.0ms, fuse+track=0.0ms
2026-05-22 19:42:07,726 | INFO | [perf frame=135200] preprocess=0.0ms, perspective=0.0ms, detect=1.2ms, postprocess=0.0ms, fuse+track=0.0ms
2026-05-22 19:42:08,223 | INFO | [perf frame=135300] preprocess=0.0ms, perspective=0.0ms, detect=1.3ms, postprocess=0.0ms, fuse+track=0.0ms
2026-05-22 19:42:08,713 | INFO | [perf frame=135400] preprocess=0.0ms, perspective=0.0ms, detect=1.2ms, postprocess=0.0ms, fuse+track=0.0ms
2026-05-22 19:42:09,197 | INFO | [perf frame=135500] preprocess=0.0ms, perspective=0.0ms, detect=1.2ms, postprocess=0.0ms, fuse+track=0.0ms
2026-05-22 19:42:09,696 | INFO | [perf frame=135600] preprocess=0.0ms, perspective=0.0ms, detect=1.2ms, postprocess=0.0ms, fuse+track=0.0ms
2026-05-22 19:42:10,173 | INFO | [perf frame=135700] preprocess=0.0ms, perspective=0.0ms, detect=1.2ms, postprocess=0.0ms, fuse+track=0.0ms
2026-05-22 19:42:10,655 | INFO | [perf frame=135800] preprocess=0.0ms, perspective=0.0ms, detect=1.2ms, postprocess=0.0ms, fuse+track=0.0ms
2026-05-22 19:42:11,125 | INFO | [perf frame=135900] preprocess=0.0ms, perspective=0.0ms, detect=1.1ms, postprocess=0.0ms, fuse+track=0.0ms
2026-05-22 19:42:11,615 | INFO | [perf frame=136000] preprocess=0.0ms, perspective=0.0ms, detect=1.2ms, postprocess=0.0ms, fuse+track=0.0ms
2026-05-22 19:42:12,092 | INFO | [perf frame=136100] preprocess=0.0ms, perspective=0.0ms, detect=1.2ms, postprocess=0.0ms, fuse+track=0.0ms
2026-05-22 19:42:12,576 | INFO | [perf frame=136200] preprocess=0.0ms, perspective=0.0ms, detect=1.2ms, postprocess=0.0ms, fuse+track=0.0ms
2026-05-22 19:42:13,057 | INFO | [perf frame=136300] preprocess=0.0ms, perspective=0.0ms, detect=1.2ms, postprocess=0.0ms, fuse+track=0.0ms
2026-05-22 19:42:13,553 | INFO | [perf frame=136400] preprocess=0.0ms, perspective=0.0ms, detect=1.3ms, postprocess=0.0ms, fuse+track=0.0ms
2026-05-22 19:42:14,060 | INFO | [perf frame=136500] preprocess=0.0ms, perspective=0.0ms, detect=1.3ms, postprocess=0.0ms, fuse+track=0.0ms
2026-05-22 19:42:14,550 | INFO | [perf frame=136600] preprocess=0.0ms, perspective=0.0ms, detect=1.2ms, postprocess=0.0ms, fuse+track=0.0ms
2026-05-22 19:42:15,039 | INFO | [perf frame=136700] preprocess=0.0ms, perspective=0.0ms, detect=1.2ms, postprocess=0.0ms, fuse+track=0.0ms
2026-05-22 19:42:15,531 | INFO | [perf frame=136800] preprocess=0.0ms, perspective=0.0ms, detect=1.2ms, postprocess=0.0ms, fuse+track=0.0ms
2026-05-22 19:42:16,024 | INFO | [perf frame=136900] preprocess=0.0ms, perspective=0.0ms, detect=1.2ms, postprocess=0.0ms, fuse+track=0.0ms
2026-05-22 19:42:16,506 | INFO | [perf frame=137000] preprocess=0.0ms, perspective=0.0ms, detect=1.2ms, postprocess=0.0ms, fuse+track=0.0ms
2026-05-22 19:42:16,973 | INFO | [perf frame=137100] preprocess=0.0ms, perspective=0.0ms, detect=1.1ms, postprocess=0.0ms, fuse+track=0.0ms
2026-05-22 19:42:17,455 | INFO | [perf frame=137200] preprocess=0.0ms, perspective=0.0ms, detect=1.2ms, postprocess=0.0ms, fuse+track=0.0ms
2026-05-22 19:42:17,950 | INFO | [perf frame=137300] preprocess=0.0ms, perspective=0.0ms, detect=1.3ms, postprocess=0.0ms, fuse+track=0.0ms
2026-05-22 19:42:18,418 | INFO | [perf frame=137400] preprocess=0.0ms, perspective=0.0ms, detect=1.1ms, postprocess=0.0ms, fuse+track=0.0ms
2026-05-22 19:42:18,894 | INFO | [perf frame=137500] preprocess=0.0ms, perspective=0.0ms, detect=1.2ms, postprocess=0.0ms, fuse+track=0.0ms
2026-05-22 19:42:19,379 | INFO | [perf frame=137600] preprocess=0.0ms, perspective=0.0ms, detect=1.2ms, postprocess=0.0ms, fuse+track=0.0ms
2026-05-22 19:42:19,869 | INFO | [perf frame=137700] preprocess=0.0ms, perspective=0.0ms, detect=1.2ms, postprocess=0.0ms, fuse+track=0.0ms
2026-05-22 19:42:20,343 | INFO | [perf frame=137800] preprocess=0.0ms, perspective=0.0ms, detect=1.2ms, postprocess=0.0ms, fuse+track=0.0ms
2026-05-22 19:42:20,811 | INFO | [perf frame=137900] preprocess=0.0ms, perspective=0.0ms, detect=1.1ms, postprocess=0.0ms, fuse+track=0.0ms
2026-05-22 19:42:21,295 | INFO | [perf frame=138000] preprocess=0.0ms, perspective=0.0ms, detect=1.2ms, postprocess=0.0ms, fuse+track=0.0ms
2026-05-22 19:42:21,768 | INFO | [perf frame=138100] preprocess=0.0ms, perspective=0.0ms, detect=1.1ms, postprocess=0.0ms, fuse+track=0.0ms
2026-05-22 19:42:22,242 | INFO | [perf frame=138200] preprocess=0.0ms, perspective=0.0ms, detect=1.1ms, postprocess=0.0ms, fuse+track=0.0ms
2026-05-22 19:42:22,731 | INFO | [perf frame=138300] preprocess=0.0ms, perspective=0.0ms, detect=1.2ms, postprocess=0.0ms, fuse+track=0.0ms
2026-05-22 19:42:23,209 | INFO | [perf frame=138400] preprocess=0.0ms, perspective=0.0ms, detect=1.2ms, postprocess=0.0ms, fuse+track=0.0ms
2026-05-22 19:42:23,692 | INFO | [perf frame=138500] preprocess=0.0ms, perspective=0.0ms, detect=1.1ms, postprocess=0.0ms, fuse+track=0.0ms
2026-05-22 19:42:24,160 | INFO | [perf frame=138600] preprocess=0.0ms, perspective=0.0ms, detect=1.2ms, postprocess=0.0ms, fuse+track=0.0ms
2026-05-22 19:42:24,650 | INFO | [perf frame=138700] preprocess=0.0ms, perspective=0.0ms, detect=1.2ms, postprocess=0.0ms, fuse+track=0.0ms
2026-05-22 19:42:25,123 | INFO | [perf frame=138800] preprocess=0.0ms, perspective=0.0ms, detect=1.1ms, postprocess=0.0ms, fuse+track=0.0ms
2026-05-22 19:42:25,600 | INFO | [perf frame=138900] preprocess=0.0ms, perspective=0.0ms, detect=1.2ms, postprocess=0.0ms, fuse+track=0.0ms
2026-05-22 19:42:26,063 | INFO | [perf frame=139000] preprocess=0.0ms, perspective=0.0ms, detect=1.1ms, postprocess=0.0ms, fuse+track=0.0ms
2026-05-22 19:42:26,547 | INFO | [perf frame=139100] preprocess=0.0ms, perspective=0.0ms, detect=1.2ms, postprocess=0.0ms, fuse+track=0.0ms
2026-05-22 19:42:27,025 | INFO | [perf frame=139200] preprocess=0.0ms, perspective=0.0ms, detect=1.2ms, postprocess=0.0ms, fuse+track=0.0ms
2026-05-22 19:42:27,498 | INFO | [perf frame=139300] preprocess=0.0ms, perspective=0.0ms, detect=1.1ms, postprocess=0.0ms, fuse+track=0.0ms
2026-05-22 19:42:27,971 | INFO | [perf frame=139400] preprocess=0.0ms, perspective=0.0ms, detect=1.1ms, postprocess=0.0ms, fuse+track=0.0ms
2026-05-22 19:42:28,458 | INFO | [perf frame=139500] preprocess=0.0ms, perspective=0.0ms, detect=1.2ms, postprocess=0.0ms, fuse+track=0.0ms
2026-05-22 19:42:28,935 | INFO | [perf frame=139600] preprocess=0.0ms, perspective=0.0ms, detect=1.1ms, postprocess=0.0ms, fuse+track=0.0ms
2026-05-22 19:42:29,422 | INFO | [perf frame=139700] preprocess=0.0ms, perspective=0.0ms, detect=1.2ms, postprocess=0.0ms, fuse+track=0.0ms
2026-05-22 19:42:29,896 | INFO | [perf frame=139800] preprocess=0.0ms, perspective=0.0ms, detect=1.1ms, postprocess=0.0ms, fuse+track=0.0ms
2026-05-22 19:42:30,386 | INFO | [perf frame=139900] preprocess=0.0ms, perspective=0.0ms, detect=1.2ms, postprocess=0.0ms, fuse+track=0.0ms
2026-05-22 19:42:30,868 | INFO | [perf frame=140000] preprocess=0.0ms, perspective=0.0ms, detect=1.2ms, postprocess=0.0ms, fuse+track=0.0ms
2026-05-22 19:42:31,354 | INFO | [perf frame=140100] preprocess=0.0ms, perspective=0.0ms, detect=1.2ms, postprocess=0.0ms, fuse+track=0.0ms
2026-05-22 19:42:31,831 | INFO | [perf frame=140200] preprocess=0.0ms, perspective=0.0ms, detect=1.2ms, postprocess=0.0ms, fuse+track=0.0ms
2026-05-22 19:42:32,320 | INFO | [perf frame=140300] preprocess=0.0ms, perspective=0.0ms, detect=1.2ms, postprocess=0.0ms, fuse+track=0.0ms
2026-05-22 19:42:32,813 | INFO | [perf frame=140400] preprocess=0.0ms, perspective=0.0ms, detect=1.2ms, postprocess=0.0ms, fuse+track=0.0ms
2026-05-22 19:42:33,291 | INFO | [perf frame=140500] preprocess=0.0ms, perspective=0.0ms, detect=1.2ms, postprocess=0.0ms, fuse+track=0.0ms
2026-05-22 19:42:33,777 | INFO | [perf frame=140600] preprocess=0.0ms, perspective=0.0ms, detect=1.2ms, postprocess=0.0ms, fuse+track=0.0ms
2026-05-22 19:42:34,263 | INFO | [perf frame=140700] preprocess=0.0ms, perspective=0.0ms, detect=1.2ms, postprocess=0.0ms, fuse+track=0.0ms
2026-05-22 19:42:34,746 | INFO | [perf frame=140800] preprocess=0.0ms, perspective=0.0ms, detect=1.2ms, postprocess=0.0ms, fuse+track=0.0ms
2026-05-22 19:42:35,231 | INFO | [perf frame=140900] preprocess=0.0ms, perspective=0.0ms, detect=1.1ms, postprocess=0.0ms, fuse+track=0.0ms
2026-05-22 19:42:35,700 | INFO | [perf frame=141000] preprocess=0.0ms, perspective=0.0ms, detect=1.1ms, postprocess=0.0ms, fuse+track=0.0ms
2026-05-22 19:42:36,177 | INFO | [perf frame=141100] preprocess=0.0ms, perspective=0.0ms, detect=1.2ms, postprocess=0.0ms, fuse+track=0.0ms
2026-05-22 19:42:36,659 | INFO | [perf frame=141200] preprocess=0.0ms, perspective=0.0ms, detect=1.2ms, postprocess=0.0ms, fuse+track=0.0ms
2026-05-22 19:42:37,135 | INFO | [perf frame=141300] preprocess=0.0ms, perspective=0.0ms, detect=1.1ms, postprocess=0.0ms, fuse+track=0.0ms
2026-05-22 19:42:37,621 | INFO | [perf frame=141400] preprocess=0.0ms, perspective=0.0ms, detect=1.2ms, postprocess=0.0ms, fuse+track=0.0ms
2026-05-22 19:42:38,108 | INFO | [perf frame=141500] preprocess=0.0ms, perspective=0.0ms, detect=1.2ms, postprocess=0.0ms, fuse+track=0.0ms
2026-05-22 19:42:38,591 | INFO | [perf frame=141600] preprocess=0.0ms, perspective=0.0ms, detect=1.2ms, postprocess=0.0ms, fuse+track=0.0ms
2026-05-22 19:42:39,078 | INFO | [perf frame=141700] preprocess=0.0ms, perspective=0.0ms, detect=1.2ms, postprocess=0.0ms, fuse+track=0.0ms
2026-05-22 19:42:39,556 | INFO | [perf frame=141800] preprocess=0.0ms, perspective=0.0ms, detect=1.2ms, postprocess=0.0ms, fuse+track=0.0ms
2026-05-22 19:42:40,031 | INFO | [perf frame=141900] preprocess=0.0ms, perspective=0.0ms, detect=1.2ms, postprocess=0.0ms, fuse+track=0.0ms
2026-05-22 19:42:40,521 | INFO | [perf frame=142000] preprocess=0.0ms, perspective=0.0ms, detect=1.2ms, postprocess=0.0ms, fuse+track=0.0ms
2026-05-22 19:42:41,006 | INFO | [perf frame=142100] preprocess=0.0ms, perspective=0.0ms, detect=1.2ms, postprocess=0.0ms, fuse+track=0.0ms
2026-05-22 19:42:41,516 | INFO | [perf frame=142200] preprocess=0.0ms, perspective=0.0ms, detect=1.3ms, postprocess=0.0ms, fuse+track=0.0ms
2026-05-22 19:42:42,005 | INFO | [perf frame=142300] preprocess=0.0ms, perspective=0.0ms, detect=1.2ms, postprocess=0.0ms, fuse+track=0.0ms
2026-05-22 19:42:42,512 | INFO | [perf frame=142400] preprocess=0.0ms, perspective=0.0ms, detect=1.3ms, postprocess=0.0ms, fuse+track=0.0ms
2026-05-22 19:42:43,048 | INFO | [perf frame=142500] preprocess=0.0ms, perspective=0.0ms, detect=1.4ms, postprocess=0.0ms, fuse+track=0.0ms
2026-05-22 19:42:43,530 | INFO | [perf frame=142600] preprocess=0.0ms, perspective=0.0ms, detect=1.2ms, postprocess=0.0ms, fuse+track=0.0ms
2026-05-22 19:42:43,980 | INFO | [perf frame=142700] preprocess=0.0ms, perspective=0.0ms, detect=1.1ms, postprocess=0.0ms, fuse+track=0.0ms
2026-05-22 19:42:44,444 | INFO | [perf frame=142800] preprocess=0.0ms, perspective=0.0ms, detect=1.1ms, postprocess=0.0ms, fuse+track=0.0ms
2026-05-22 19:42:44,899 | INFO | [perf frame=142900] preprocess=0.0ms, perspective=0.0ms, detect=1.1ms, postprocess=0.0ms, fuse+track=0.0ms
2026-05-22 19:42:45,348 | INFO | [perf frame=143000] preprocess=0.0ms, perspective=0.0ms, detect=1.1ms, postprocess=0.0ms, fuse+track=0.0ms
2026-05-22 19:42:45,799 | INFO | [perf frame=143100] preprocess=0.0ms, perspective=0.0ms, detect=1.1ms, postprocess=0.0ms, fuse+track=0.0ms
2026-05-22 19:42:46,272 | INFO | [perf frame=143200] preprocess=0.0ms, perspective=0.0ms, detect=1.1ms, postprocess=0.0ms, fuse+track=0.0ms
2026-05-22 19:42:46,730 | INFO | [perf frame=143300] preprocess=0.0ms, perspective=0.0ms, detect=1.1ms, postprocess=0.0ms, fuse+track=0.0ms
2026-05-22 19:42:47,188 | INFO | [perf frame=143400] preprocess=0.0ms, perspective=0.0ms, detect=1.1ms, postprocess=0.0ms, fuse+track=0.0ms
2026-05-22 19:42:47,633 | INFO | [perf frame=143500] preprocess=0.0ms, perspective=0.0ms, detect=1.0ms, postprocess=0.0ms, fuse+track=0.0ms
2026-05-22 19:42:48,092 | INFO | [perf frame=143600] preprocess=0.0ms, perspective=0.0ms, detect=1.1ms, postprocess=0.0ms, fuse+track=0.0ms
2026-05-22 19:42:48,573 | INFO | [perf frame=143700] preprocess=0.0ms, perspective=0.0ms, detect=1.2ms, postprocess=0.0ms, fuse+track=0.0ms
2026-05-22 19:42:49,028 | INFO | [perf frame=143800] preprocess=0.0ms, perspective=0.0ms, detect=1.1ms, postprocess=0.0ms, fuse+track=0.0ms
2026-05-22 19:42:49,495 | INFO | [perf frame=143900] preprocess=0.0ms, perspective=0.0ms, detect=1.1ms, postprocess=0.0ms, fuse+track=0.0ms
2026-05-22 19:42:49,918 | INFO | [perf frame=144000] preprocess=0.0ms, perspective=0.0ms, detect=0.9ms, postprocess=0.0ms, fuse+track=0.0ms
2026-05-22 19:42:50,369 | INFO | [perf frame=144100] preprocess=0.0ms, perspective=0.0ms, detect=1.1ms, postprocess=0.0ms, fuse+track=0.0ms
2026-05-22 19:42:50,830 | INFO | [perf frame=144200] preprocess=0.0ms, perspective=0.0ms, detect=1.1ms, postprocess=0.0ms, fuse+track=0.0ms
2026-05-22 19:42:51,281 | INFO | [perf frame=144300] preprocess=0.0ms, perspective=0.0ms, detect=1.1ms, postprocess=0.0ms, fuse+track=0.0ms
2026-05-22 19:42:51,725 | INFO | [perf frame=144400] preprocess=0.0ms, perspective=0.0ms, detect=1.0ms, postprocess=0.0ms, fuse+track=0.0ms
2026-05-22 19:42:52,167 | INFO | [perf frame=144500] preprocess=0.0ms, perspective=0.0ms, detect=1.1ms, postprocess=0.0ms, fuse+track=0.0ms
2026-05-22 19:42:52,640 | INFO | [perf frame=144600] preprocess=0.0ms, perspective=0.0ms, detect=1.1ms, postprocess=0.0ms, fuse+track=0.0ms
2026-05-22 19:42:53,098 | INFO | [perf frame=144700] preprocess=0.0ms, perspective=0.0ms, detect=1.1ms, postprocess=0.0ms, fuse+track=0.0ms
2026-05-22 19:42:53,536 | INFO | [perf frame=144800] preprocess=0.0ms, perspective=0.0ms, detect=1.0ms, postprocess=0.0ms, fuse+track=0.0ms
2026-05-22 19:42:53,990 | INFO | [perf frame=144900] preprocess=0.0ms, perspective=0.0ms, detect=1.1ms, postprocess=0.0ms, fuse+track=0.0ms
2026-05-22 19:42:54,444 | INFO | [perf frame=145000] preprocess=0.0ms, perspective=0.0ms, detect=0.9ms, postprocess=0.0ms, fuse+track=0.0ms
2026-05-22 19:42:54,900 | INFO | [perf frame=145100] preprocess=0.0ms, perspective=0.0ms, detect=1.1ms, postprocess=0.0ms, fuse+track=0.0ms
2026-05-22 19:42:55,350 | INFO | [perf frame=145200] preprocess=0.0ms, perspective=0.0ms, detect=1.1ms, postprocess=0.0ms, fuse+track=0.0ms
2026-05-22 19:42:55,801 | INFO | [perf frame=145300] preprocess=0.0ms, perspective=0.0ms, detect=1.1ms, postprocess=0.0ms, fuse+track=0.0ms
2026-05-22 19:42:56,245 | INFO | [perf frame=145400] preprocess=0.0ms, perspective=0.0ms, detect=1.0ms, postprocess=0.0ms, fuse+track=0.0ms
2026-05-22 19:42:56,702 | INFO | [perf frame=145500] preprocess=0.0ms, perspective=0.0ms, detect=1.0ms, postprocess=0.0ms, fuse+track=0.0ms
2026-05-22 19:42:57,177 | INFO | [perf frame=145600] preprocess=0.0ms, perspective=0.0ms, detect=1.1ms, postprocess=0.0ms, fuse+track=0.0ms
2026-05-22 19:42:57,628 | INFO | [perf frame=145700] preprocess=0.0ms, perspective=0.0ms, detect=1.0ms, postprocess=0.0ms, fuse+track=0.0ms
2026-05-22 19:42:58,096 | INFO | [perf frame=145800] preprocess=0.0ms, perspective=0.0ms, detect=1.1ms, postprocess=0.0ms, fuse+track=0.0ms
2026-05-22 19:42:58,563 | INFO | [perf frame=145900] preprocess=0.0ms, perspective=0.0ms, detect=1.1ms, postprocess=0.0ms, fuse+track=0.0ms
2026-05-22 19:42:59,040 | INFO | [perf frame=146000] preprocess=0.0ms, perspective=0.0ms, detect=1.1ms, postprocess=0.0ms, fuse+track=0.0ms
2026-05-22 19:42:59,498 | INFO | [perf frame=146100] preprocess=0.0ms, perspective=0.0ms, detect=1.0ms, postprocess=0.0ms, fuse+track=0.0ms
2026-05-22 19:42:59,931 | INFO | [perf frame=146200] preprocess=0.0ms, perspective=0.0ms, detect=0.9ms, postprocess=0.0ms, fuse+track=0.0ms
2026-05-22 19:43:00,345 | INFO | [perf frame=146300] preprocess=0.0ms, perspective=0.0ms, detect=0.9ms, postprocess=0.0ms, fuse+track=0.0ms
2026-05-22 19:43:00,821 | INFO | [perf frame=146400] preprocess=0.0ms, perspective=0.0ms, detect=1.2ms, postprocess=0.0ms, fuse+track=0.0ms
2026-05-22 19:43:01,282 | INFO | [perf frame=146500] preprocess=0.0ms, perspective=0.0ms, detect=1.1ms, postprocess=0.0ms, fuse+track=0.0ms
2026-05-22 19:43:01,737 | INFO | [perf frame=146600] preprocess=0.0ms, perspective=0.0ms, detect=1.1ms, postprocess=0.0ms, fuse+track=0.0ms
2026-05-22 19:43:02,165 | INFO | [perf frame=146700] preprocess=0.0ms, perspective=0.0ms, detect=0.7ms, postprocess=0.0ms, fuse+track=0.0ms
2026-05-22 19:43:02,623 | INFO | [perf frame=146800] preprocess=0.0ms, perspective=0.0ms, detect=1.0ms, postprocess=0.0ms, fuse+track=0.0ms
2026-05-22 19:43:03,061 | INFO | [perf frame=146900] preprocess=0.0ms, perspective=0.0ms, detect=1.0ms, postprocess=0.0ms, fuse+track=0.0ms
2026-05-22 19:43:03,517 | INFO | [perf frame=147000] preprocess=0.0ms, perspective=0.0ms, detect=1.1ms, postprocess=0.0ms, fuse+track=0.0ms
2026-05-22 19:43:03,951 | INFO | [perf frame=147100] preprocess=0.0ms, perspective=0.0ms, detect=0.9ms, postprocess=0.0ms, fuse+track=0.0ms
2026-05-22 19:43:04,392 | INFO | [perf frame=147200] preprocess=0.0ms, perspective=0.0ms, detect=1.0ms, postprocess=0.0ms, fuse+track=0.0ms
2026-05-22 19:43:04,836 | INFO | [perf frame=147300] preprocess=0.0ms, perspective=0.0ms, detect=1.1ms, postprocess=0.0ms, fuse+track=0.0ms
2026-05-22 19:43:05,274 | INFO | [perf frame=147400] preprocess=0.0ms, perspective=0.0ms, detect=1.0ms, postprocess=0.0ms, fuse+track=0.0ms
2026-05-22 19:43:05,729 | INFO | [perf frame=147500] preprocess=0.0ms, perspective=0.0ms, detect=1.1ms, postprocess=0.0ms, fuse+track=0.0ms
2026-05-22 19:43:06,157 | INFO | [perf frame=147600] preprocess=0.0ms, perspective=0.0ms, detect=0.9ms, postprocess=0.0ms, fuse+track=0.0ms
2026-05-22 19:43:06,603 | INFO | [perf frame=147700] preprocess=0.0ms, perspective=0.0ms, detect=1.0ms, postprocess=0.0ms, fuse+track=0.0ms
2026-05-22 19:43:07,013 | INFO | [perf frame=147800] preprocess=0.0ms, perspective=0.0ms, detect=0.8ms, postprocess=0.0ms, fuse+track=0.0ms
2026-05-22 19:43:07,462 | INFO | [perf frame=147900] preprocess=0.0ms, perspective=0.0ms, detect=1.1ms, postprocess=0.0ms, fuse+track=0.0ms
2026-05-22 19:43:07,889 | INFO | [perf frame=148000] preprocess=0.0ms, perspective=0.0ms, detect=1.0ms, postprocess=0.0ms, fuse+track=0.0ms
2026-05-22 19:43:08,326 | INFO | [perf frame=148100] preprocess=0.0ms, perspective=0.0ms, detect=1.0ms, postprocess=0.0ms, fuse+track=0.0ms
2026-05-22 19:43:08,788 | INFO | [perf frame=148200] preprocess=0.0ms, perspective=0.0ms, detect=1.1ms, postprocess=0.0ms, fuse+track=0.0ms
2026-05-22 19:43:09,206 | INFO | [perf frame=148300] preprocess=0.0ms, perspective=0.0ms, detect=0.8ms, postprocess=0.0ms, fuse+track=0.0ms
2026-05-22 19:43:09,654 | INFO | [perf frame=148400] preprocess=0.0ms, perspective=0.0ms, detect=1.0ms, postprocess=0.0ms, fuse+track=0.0ms
2026-05-22 19:43:10,100 | INFO | [perf frame=148500] preprocess=0.0ms, perspective=0.0ms, detect=1.0ms, postprocess=0.0ms, fuse+track=0.0ms
2026-05-22 19:43:10,558 | INFO | [perf frame=148600] preprocess=0.0ms, perspective=0.0ms, detect=1.1ms, postprocess=0.0ms, fuse+track=0.0ms
2026-05-22 19:43:11,005 | INFO | [perf frame=148700] preprocess=0.0ms, perspective=0.0ms, detect=1.0ms, postprocess=0.0ms, fuse+track=0.0ms
2026-05-22 19:43:11,455 | INFO | [perf frame=148800] preprocess=0.0ms, perspective=0.0ms, detect=1.1ms, postprocess=0.0ms, fuse+track=0.0ms
2026-05-22 19:43:11,911 | INFO | [perf frame=148900] preprocess=0.0ms, perspective=0.0ms, detect=1.1ms, postprocess=0.0ms, fuse+track=0.0ms
2026-05-22 19:43:12,381 | INFO | [perf frame=149000] preprocess=0.0ms, perspective=0.0ms, detect=1.2ms, postprocess=0.0ms, fuse+track=0.0ms
2026-05-22 19:43:12,814 | INFO | [perf frame=149100] preprocess=0.0ms, perspective=0.0ms, detect=1.0ms, postprocess=0.0ms, fuse+track=0.0ms
2026-05-22 19:43:13,269 | INFO | [perf frame=149200] preprocess=0.0ms, perspective=0.0ms, detect=1.0ms, postprocess=0.0ms, fuse+track=0.0ms
2026-05-22 19:43:13,716 | INFO | [perf frame=149300] preprocess=0.0ms, perspective=0.0ms, detect=1.0ms, postprocess=0.0ms, fuse+track=0.0ms
2026-05-22 19:43:14,170 | INFO | [perf frame=149400] preprocess=0.0ms, perspective=0.0ms, detect=1.1ms, postprocess=0.0ms, fuse+track=0.0ms
2026-05-22 19:43:14,619 | INFO | [perf frame=149500] preprocess=0.0ms, perspective=0.0ms, detect=1.0ms, postprocess=0.0ms, fuse+track=0.0ms
2026-05-22 19:43:15,058 | INFO | [perf frame=149600] preprocess=0.0ms, perspective=0.0ms, detect=1.0ms, postprocess=0.0ms, fuse+track=0.0ms
2026-05-22 19:43:15,504 | INFO | [perf frame=149700] preprocess=0.0ms, perspective=0.0ms, detect=1.1ms, postprocess=0.0ms, fuse+track=0.0ms
2026-05-22 19:43:15,946 | INFO | [perf frame=149800] preprocess=0.0ms, perspective=0.0ms, detect=1.0ms, postprocess=0.0ms, fuse+track=0.0ms
2026-05-22 19:43:16,395 | INFO | [perf frame=149900] preprocess=0.0ms, perspective=0.0ms, detect=1.1ms, postprocess=0.0ms, fuse+track=0.0ms
2026-05-22 19:43:16,866 | INFO | [perf frame=150000] preprocess=0.0ms, perspective=0.0ms, detect=1.1ms, postprocess=0.0ms, fuse+track=0.0ms
2026-05-22 19:43:17,329 | INFO | [perf frame=150100] preprocess=0.0ms, perspective=0.0ms, detect=1.1ms, postprocess=0.0ms, fuse+track=0.0ms
2026-05-22 19:43:17,766 | INFO | [perf frame=150200] preprocess=0.0ms, perspective=0.0ms, detect=1.0ms, postprocess=0.0ms, fuse+track=0.0ms
2026-05-22 19:43:18,239 | INFO | [perf frame=150300] preprocess=0.0ms, perspective=0.0ms, detect=1.1ms, postprocess=0.0ms, fuse+track=0.0ms
2026-05-22 19:43:18,669 | INFO | [perf frame=150400] preprocess=0.0ms, perspective=0.0ms, detect=0.9ms, postprocess=0.0ms, fuse+track=0.0ms
2026-05-22 19:43:19,139 | INFO | [perf frame=150500] preprocess=0.0ms, perspective=0.0ms, detect=1.2ms, postprocess=0.0ms, fuse+track=0.0ms
2026-05-22 19:43:19,587 | INFO | [perf frame=150600] preprocess=0.0ms, perspective=0.0ms, detect=1.1ms, postprocess=0.0ms, fuse+track=0.0ms
2026-05-22 19:43:20,050 | INFO | [perf frame=150700] preprocess=0.0ms, perspective=0.0ms, detect=1.1ms, postprocess=0.0ms, fuse+track=0.0ms
2026-05-22 19:43:20,503 | INFO | [perf frame=150800] preprocess=0.0ms, perspective=0.0ms, detect=1.1ms, postprocess=0.0ms, fuse+track=0.0ms
2026-05-22 19:43:20,904 | INFO | [perf frame=150900] preprocess=0.0ms, perspective=0.0ms, detect=0.7ms, postprocess=0.0ms, fuse+track=0.0ms
2026-05-22 19:43:21,338 | INFO | [perf frame=151000] preprocess=0.0ms, perspective=0.0ms, detect=1.0ms, postprocess=0.0ms, fuse+track=0.0ms
2026-05-22 19:43:21,750 | INFO | [perf frame=151100] preprocess=0.0ms, perspective=0.0ms, detect=0.8ms, postprocess=0.0ms, fuse+track=0.0ms
2026-05-22 19:43:22,168 | INFO | [perf frame=151200] preprocess=0.0ms, perspective=0.0ms, detect=0.9ms, postprocess=0.0ms, fuse+track=0.0ms
2026-05-22 19:43:22,549 | INFO | [perf frame=151300] preprocess=0.0ms, perspective=0.0ms, detect=0.7ms, postprocess=0.0ms, fuse+track=0.0ms
2026-05-22 19:43:22,999 | INFO | [perf frame=151400] preprocess=0.0ms, perspective=0.0ms, detect=1.1ms, postprocess=0.0ms, fuse+track=0.0ms
2026-05-22 19:43:23,453 | INFO | [perf frame=151500] preprocess=0.0ms, perspective=0.0ms, detect=1.0ms, postprocess=0.0ms, fuse+track=0.0ms
2026-05-22 19:43:23,923 | INFO | [perf frame=151600] preprocess=0.0ms, perspective=0.0ms, detect=1.2ms, postprocess=0.0ms, fuse+track=0.0ms
2026-05-22 19:43:24,377 | INFO | [perf frame=151700] preprocess=0.0ms, perspective=0.0ms, detect=1.1ms, postprocess=0.0ms, fuse+track=0.0ms
2026-05-22 19:43:24,811 | INFO | [perf frame=151800] preprocess=0.0ms, perspective=0.0ms, detect=0.8ms, postprocess=0.0ms, fuse+track=0.0ms
2026-05-22 19:43:25,261 | INFO | [perf frame=151900] preprocess=0.0ms, perspective=0.0ms, detect=1.0ms, postprocess=0.0ms, fuse+track=0.0ms
2026-05-22 19:43:25,720 | INFO | [perf frame=152000] preprocess=0.0ms, perspective=0.0ms, detect=1.1ms, postprocess=0.0ms, fuse+track=0.0ms
2026-05-22 19:43:26,147 | INFO | [perf frame=152100] preprocess=0.0ms, perspective=0.0ms, detect=0.9ms, postprocess=0.0ms, fuse+track=0.0ms
2026-05-22 19:43:26,616 | INFO | [perf frame=152200] preprocess=0.0ms, perspective=0.0ms, detect=1.1ms, postprocess=0.0ms, fuse+track=0.0ms
2026-05-22 19:43:27,082 | INFO | [perf frame=152300] preprocess=0.0ms, perspective=0.0ms, detect=1.1ms, postprocess=0.0ms, fuse+track=0.0ms
2026-05-22 19:43:27,528 | INFO | [perf frame=152400] preprocess=0.0ms, perspective=0.0ms, detect=1.1ms, postprocess=0.0ms, fuse+track=0.0ms
2026-05-22 19:43:27,977 | INFO | [perf frame=152500] preprocess=0.0ms, perspective=0.0ms, detect=1.0ms, postprocess=0.0ms, fuse+track=0.0ms
2026-05-22 19:43:28,432 | INFO | [perf frame=152600] preprocess=0.0ms, perspective=0.0ms, detect=1.1ms, postprocess=0.0ms, fuse+track=0.0ms
2026-05-22 19:43:28,899 | INFO | [perf frame=152700] preprocess=0.0ms, perspective=0.0ms, detect=1.1ms, postprocess=0.0ms, fuse+track=0.0ms
2026-05-22 19:43:29,371 | INFO | [perf frame=152800] preprocess=0.0ms, perspective=0.0ms, detect=1.1ms, postprocess=0.0ms, fuse+track=0.0ms
2026-05-22 19:43:29,835 | INFO | [perf frame=152900] preprocess=0.0ms, perspective=0.0ms, detect=1.1ms, postprocess=0.0ms, fuse+track=0.0ms
2026-05-22 19:43:30,282 | INFO | [perf frame=153000] preprocess=0.0ms, perspective=0.0ms, detect=1.0ms, postprocess=0.0ms, fuse+track=0.0ms
2026-05-22 19:43:30,722 | INFO | [perf frame=153100] preprocess=0.0ms, perspective=0.0ms, detect=1.0ms, postprocess=0.0ms, fuse+track=0.0ms
2026-05-22 19:43:31,171 | INFO | [perf frame=153200] preprocess=0.0ms, perspective=0.0ms, detect=1.0ms, postprocess=0.0ms, fuse+track=0.0ms
2026-05-22 19:43:31,618 | INFO | [perf frame=153300] preprocess=0.0ms, perspective=0.0ms, detect=0.9ms, postprocess=0.0ms, fuse+track=0.0ms
2026-05-22 19:43:32,046 | INFO | [perf frame=153400] preprocess=0.0ms, perspective=0.0ms, detect=0.9ms, postprocess=0.0ms, fuse+track=0.0ms
